date,rainfall_mm,min_air_temperature_c,max_air_temperature_c,solar_radiation_mj_per_m2,wind_speed_m_per_s
2000-07-01,0.0,6.1,10.5,5.2,3.58
2000-07-02,0.1,1.9,8.8,5.21,2.34
2000-07-03,0.8,4.5,6.7,1.79,4.04
2000-07-04,0.2,2.4,7.0,4.47,2.88
2000-07-05,0.0,-0.9,7.8,6.37,4.12
2000-07-06,0.2,-0.1,8.7,3.57,2.82
2000-07-07,0.1,4.3,9.9,4.71,4.61
2000-07-08,0.0,4.8,10.0,4.4,5.46
2000-07-09,0.0,4.1,9.6,7.03,5.02
2000-07-10,0.0,1.5,11.7,7.19,3.23
2000-07-11,0.0,0.8,14.5,7.46,2.94
2000-07-12,0.0,3.3,13.5,7.07,2.88
2000-07-13,0.0,0.6,12.5,7.81,2.83
2000-07-14,0.0,-2.6,13.1,8.19,3.1
2000-07-15,0.0,0.1,10.8,7.02,4.83
2000-07-16,0.0,1.1,8.9,6.38,2.8
2000-07-17,0.0,2.5,8.5,4.26,2.33
2000-07-18,0.0,4.6,9.2,3.27,2.3
2000-07-19,0.5,-0.6,9.3,6.96,1.92
2000-07-20,1.5,3.5,13.2,6.5,5.67
2000-07-21,0.1,6.3,15.2,6.36,4.95
2000-07-22,0.0,3.9,14.3,8.04,3.26
2000-07-23,1.5,0.7,10.5,6.33,4.42
2000-07-24,0.5,0.7,11.1,6.26,3.39
2000-07-25,0.0,2.4,13.5,8.46,2.95
2000-07-26,2.1,5.2,15.1,7.74,6.85
2000-07-27,15.9,10.1,15.5,5.84,7.65
2000-07-28,0.0,4.0,12.5,9.37,6.29
2000-07-29,0.0,-1.6,9.6,9.33,2.6
2000-07-30,0.0,-0.3,12.8,9.23,3.26
2000-07-31,0.0,0.4,10.4,8.07,5.59
2000-08-01,0.0,-1.5,8.0,8.25,2.77
2000-08-02,0.0,-0.2,8.3,9.28,2.78
2000-08-03,0.0,-4.1,9.4,10.26,2.78
2000-08-04,0.0,-4.2,10.9,10.58,2.94
2000-08-05,0.1,-0.6,9.1,5.51,4.27
2000-08-06,0.0,-3.6,11.8,10.46,3.41
2000-08-07,0.0,-0.5,11.2,9.87,3.99
2000-08-08,0.0,-0.3,12.5,10.49,3.22
2000-08-09,0.0,0.9,15.6,10.87,3.37
2000-08-10,0.0,3.4,15.4,6.94,6.72
2000-08-11,0.0,5.3,12.3,9.56,7.42
2000-08-12,0.0,1.3,10.7,10.77,6.13
2000-08-13,0.2,-1.4,13.6,11.15,5.32
2000-08-14,0.0,-0.3,11.9,11.33,3.08
2000-08-15,0.0,-2.9,12.4,12.02,5.73
2000-08-16,0.6,0.7,13.7,8.55,2.64
2000-08-17,8.4,3.5,12.5,4.06,3.26
2000-08-18,30.0,6.7,9.6,1.23,6.5
2000-08-19,27.2,6.9,9.1,1.87,6.52
2000-08-20,0.4,4.2,10.2,5.91,4.69
2000-08-21,4.3,2.8,7.1,3.18,4.83
2000-08-22,0.2,0.5,6.3,10.95,4.46
2000-08-23,0.0,-2.1,7.8,12.6,3.16
2000-08-24,0.0,-4.8,8.9,13.41,2.5
2000-08-25,0.0,-4.1,9.4,11.66,4.75
2000-08-26,5.5,1.8,9.3,2.93,5.19
2000-08-27,0.0,3.8,13.2,10.92,3.01
2000-08-28,4.5,3.9,10.4,5.41,1.9
2000-08-29,0.7,6.3,10.5,5.79,5.55
2000-08-30,0.1,7.7,9.9,4.73,6.56
2000-08-31,2.9,7.7,11.4,5.35,4.47
2000-09-01,6.8,7.8,11.1,4.9,3.21
2000-09-02,9.0,6.6,10.0,4.59,3.44
2000-09-03,2.0,5.8,11.8,12.33,2.41
2000-09-04,0.0,4.7,10.8,11.51,5.99
2000-09-05,0.2,5.4,11.8,11.52,3.77
2000-09-06,1.3,1.8,15.2,12.12,6.93
2000-09-07,0.0,8.7,15.1,13.22,6.38
2000-09-08,0.8,8.5,15.2,11.86,5.16
2000-09-09,11.1,7.5,15.6,10.25,6.86
2000-09-10,18.7,4.5,7.4,5.22,10.12
2000-09-11,2.3,4.2,7.9,11.96,7.58
2000-09-12,0.0,-1.1,9.7,14.25,4.87
2000-09-13,5.2,3.1,9.6,7.15,4.43
2000-09-14,0.0,3.4,8.5,11.82,2.55
2000-09-15,0.0,-0.7,10.4,18.7,5.69
2000-09-16,0.0,0.8,13.3,17.88,2.95
2000-09-17,0.0,-0.7,15.6,18.75,5.55
2000-09-18,0.0,4.5,15.1,14.95,9.63
2000-09-19,0.0,10.7,18.2,18.17,5.85
2000-09-20,0.0,6.6,18.2,18.73,6.13
2000-09-21,0.6,5.1,12.0,14.76,6.21
2000-09-22,0.0,1.5,16.1,15.64,3.62
2000-09-23,0.0,3.7,15.7,14.31,6.45
2000-09-24,9.8,4.1,12.2,14.23,4.23
2000-09-25,2.6,0.9,7.4,16.95,5.25
2000-09-26,1.2,1.1,9.7,18.06,6.77
2000-09-27,0.0,-0.6,12.0,19.67,4.18
2000-09-28,0.0,-2.7,15.3,22.07,6.31
2000-09-29,1.2,6.5,18.5,17.64,8.34
2000-09-30,3.2,6.8,19.7,12.06,6.8
2000-10-01,0.0,3.5,15.1,21.9,8.56
2000-10-02,0.8,7.3,17.1,20.82,9.79
2000-10-03,0.1,4.3,14.8,20.62,5.61
2000-10-04,4.7,4.9,15.0,14.25,11.76
2000-10-05,0.0,4.8,17.3,22.71,7.89
2000-10-06,1.1,8.0,18.3,16.32,6.87
2000-10-07,7.8,5.5,7.8,6.87,4.78
2000-10-08,4.6,5.2,16.4,9.79,6.59
2000-10-09,1.7,6.0,15.7,22.85,8.01
2000-10-10,0.0,2.3,16.1,23.33,4.97
2000-10-11,2.8,1.0,16.5,19.07,9.92
2000-10-12,30.7,5.3,7.6,2.93,15.49
2000-10-13,3.0,3.6,10.3,14.31,9.62
2000-10-14,0.0,2.9,15.9,22.37,6.47
2000-10-15,0.3,5.9,16.1,10.22,9.07
2000-10-16,0.0,5.9,14.3,23.81,8.25
2000-10-17,0.4,5.1,14.0,24.2,7.87
2000-10-18,1.4,1.9,10.1,21.03,6.6
2000-10-19,0.0,-1.0,14.5,23.81,4.1
2000-10-20,0.0,2.8,17.3,26.58,4.46
2000-10-21,0.0,3.6,17.7,25.15,2.42
2000-10-22,0.0,7.0,17.5,24.27,2.33
2000-10-23,0.0,7.0,18.8,24.9,3.38
2000-10-24,1.7,8.3,17.8,22.82,4.7
2000-10-25,1.4,8.6,17.3,19.79,6.65
2000-10-26,0.0,8.0,15.7,26.46,5.83
2000-10-27,0.0,7.1,21.3,27.94,4.55
2000-10-28,0.0,6.2,21.0,27.47,4.7
2000-10-29,0.3,10.3,22.2,24.82,5.55
2000-10-30,0.0,11.1,17.2,25.26,7.15
2000-10-31,3.1,9.0,13.9,19.95,7.03
2000-11-01,0.1,9.4,11.9,9.35,4.56
2000-11-02,0.2,7.5,10.2,9.06,3.54
2000-11-03,0.0,4.9,12.7,24.0,4.38
2000-11-04,0.0,1.8,13.9,30.1,5.63
2000-11-05,0.0,3.0,15.9,30.17,5.92
2000-11-06,0.0,5.0,17.9,28.69,4.39
2000-11-07,8.2,5.7,10.0,14.48,8.05
2000-11-08,2.0,5.0,9.2,15.27,5.4
2000-11-09,0.0,-0.3,13.5,28.5,3.36
2000-11-10,0.0,2.4,15.7,29.04,3.59
2000-11-11,0.0,0.9,16.1,29.79,3.9
2000-11-12,0.0,4.4,17.0,30.34,3.1
2000-11-13,0.0,6.4,16.8,26.47,4.3
2000-11-14,6.1,6.4,20.3,27.83,4.12
2000-11-15,8.8,7.7,10.6,16.26,6.83
2000-11-16,0.0,3.4,17.4,28.54,5.02
2000-11-17,9.7,4.8,10.7,9.98,6.03
2000-11-18,7.1,2.4,14.2,25.36,5.22
2000-11-19,3.3,3.8,8.9,27.65,11.77
2000-11-20,0.0,1.8,17.7,29.19,7.17
2000-11-21,1.1,7.5,18.3,26.07,4.4
2000-11-22,0.1,5.6,15.9,27.45,7.56
2000-11-23,0.0,3.6,17.6,32.57,4.79
2000-11-24,0.0,5.6,19.2,30.08,7.32
2000-11-25,4.5,8.4,13.6,16.49,4.4
2000-11-26,0.0,6.3,18.6,30.35,5.87
2000-11-27,0.0,6.7,18.8,29.71,5.92
2000-11-28,27.1,7.3,13.8,13.98,7.08
2000-11-29,12.7,6.8,10.0,7.71,7.93
2000-11-30,0.0,1.6,16.7,32.25,3.47
2000-12-01,0.0,7.3,18.8,30.96,6.53
2000-12-02,0.2,11.7,20.4,11.49,4.87
2000-12-03,5.0,9.9,14.3,17.54,7.29
2000-12-04,0.0,6.1,19.1,32.41,4.12
2000-12-05,0.0,9.0,20.3,32.54,6.23
2000-12-06,0.0,8.4,24.1,34.07,6.16
2000-12-07,0.1,8.7,21.3,28.29,6.61
2000-12-08,0.1,10.4,13.6,13.4,4.65
2000-12-09,0.0,10.0,16.3,22.97,7.34
2000-12-10,0.0,11.2,21.0,27.47,5.39
2000-12-11,0.8,13.2,19.5,25.77,6.98
2000-12-12,0.0,9.8,22.0,32.19,6.4
2000-12-13,0.0,10.7,25.2,33.3,6.04
2000-12-14,1.0,13.1,25.5,25.55,5.56
2000-12-15,1.2,12.6,19.6,18.34,5.68
2000-12-16,0.1,13.6,21.4,22.52,5.1
2000-12-17,0.6,11.4,20.4,22.01,4.84
2000-12-18,0.0,11.5,22.8,32.68,4.92
2000-12-19,0.0,9.7,26.2,31.44,5.02
2000-12-20,0.0,12.4,26.4,33.81,7.84
2000-12-21,8.3,9.8,21.2,30.36,6.74
2000-12-22,0.1,6.7,16.9,29.35,4.16
2000-12-23,0.7,11.0,19.7,12.2,6.41
2000-12-24,0.0,10.4,23.9,34.5,7.2
2000-12-25,0.0,13.3,20.9,33.67,8.66
2000-12-26,0.3,13.1,21.8,31.47,6.45
2000-12-27,0.0,12.6,26.1,28.8,7.03
2000-12-28,1.5,14.4,22.7,18.4,6.63
2000-12-29,0.0,9.4,22.5,32.13,7.83
2000-12-30,1.6,10.6,20.5,29.04,9.58
2000-12-31,12.9,7.5,17.8,27.6,6.08
2001-01-01,0.3,7.0,15.8,27.86,7.14
2001-01-02,2.4,7.9,14.5,22.98,6.89
2001-01-03,0.0,7.0,20.5,32.13,5.22
2001-01-04,0.0,11.3,21.4,31.47,5.64
2001-01-05,0.0,10.9,25.5,32.06,4.79
2001-01-06,0.0,12.5,22.2,27.47,4.88
2001-01-07,0.2,12.9,23.9,29.79,4.39
2001-01-08,0.3,12.4,24.9,30.44,4.65
2001-01-09,0.9,12.9,21.5,23.97,4.3
2001-01-10,8.2,11.9,13.9,6.09,4.72
2001-01-11,0.0,11.2,18.0,23.25,4.06
2001-01-12,0.0,7.2,23.4,31.23,5.04
2001-01-13,1.3,10.6,15.9,8.86,7.08
2001-01-14,6.7,8.4,14.3,25.75,7.79
2001-01-15,0.0,7.2,22.6,32.09,5.83
2001-01-16,6.7,11.0,20.8,25.66,10.1
2001-01-17,0.2,9.6,21.1,24.84,4.15
2001-01-18,1.3,11.6,15.5,14.04,3.83
2001-01-19,0.0,9.1,22.6,27.98,4.7
2001-01-20,0.0,10.8,14.3,13.65,6.2
2001-01-21,0.0,10.3,22.0,22.59,6.49
2001-01-22,0.0,8.8,25.3,32.01,4.97
2001-01-23,1.3,10.4,26.0,28.76,6.41
2001-01-24,0.0,12.1,18.2,22.07,7.54
2001-01-25,0.0,8.6,18.0,12.47,5.34
2001-01-26,3.7,8.7,17.8,20.43,8.39
2001-01-27,0.1,6.5,15.9,28.73,9.96
2001-01-28,0.0,7.7,19.4,30.9,7.07
2001-01-29,0.0,9.6,22.0,29.4,3.61
2001-01-30,0.0,10.5,24.7,28.74,6.32
2001-01-31,5.8,10.2,24.5,24.15,7.45
2001-02-01,0.0,7.7,19.0,28.39,6.05
2001-02-02,0.0,11.6,17.2,15.78,3.28
2001-02-03,0.0,11.5,26.8,24.68,4.52
2001-02-04,0.0,11.6,28.4,29.22,6.48
2001-02-05,5.4,12.5,24.0,17.61,8.1
2001-02-06,4.8,10.1,14.9,17.05,6.94
2001-02-07,0.0,7.3,19.5,25.04,4.64
2001-02-08,0.0,9.8,22.7,25.51,3.13
2001-02-09,0.0,10.6,23.7,27.68,4.88
2001-02-10,0.0,11.9,27.8,28.73,3.3
2001-02-11,0.0,13.9,24.5,15.09,4.3
2001-02-12,0.0,13.5,17.0,10.27,5.07
2001-02-13,0.0,12.4,22.9,25.53,5.75
2001-02-14,0.0,13.3,29.0,23.62,4.75
2001-02-15,0.3,13.9,29.0,24.63,7.68
2001-02-16,0.6,13.0,21.1,15.21,5.52
2001-02-17,0.0,9.8,21.8,24.08,5.36
2001-02-18,0.0,12.3,18.2,11.35,4.83
2001-02-19,0.6,11.2,16.2,9.1,6.88
2001-02-20,0.0,8.3,22.1,18.97,4.12
2001-02-21,0.0,10.8,22.7,25.47,5.59
2001-02-22,0.0,9.8,28.2,22.91,4.54
2001-02-23,0.0,12.6,18.2,12.78,6.62
2001-02-24,0.0,10.8,27.2,25.17,5.0
2001-02-25,3.6,13.1,20.4,13.46,5.06
2001-02-26,0.4,14.0,18.6,12.02,4.85
2001-02-27,0.0,13.9,23.3,22.76,7.02
2001-02-28,0.0,13.5,25.4,23.53,4.52
2001-03-01,0.0,14.1,27.9,21.65,5.75
2001-03-02,0.3,11.5,17.6,12.09,7.03
2001-03-03,0.0,10.6,15.7,11.27,2.73
2001-03-04,0.0,5.2,19.4,22.96,4.62
2001-03-05,0.0,8.8,19.0,20.28,5.39
2001-03-06,0.2,8.5,18.6,14.24,3.2
2001-03-07,0.0,12.1,23.5,22.11,6.08
2001-03-08,0.4,10.6,22.2,20.22,5.92
2001-03-09,0.1,10.3,12.4,5.31,4.52
2001-03-10,0.0,8.9,15.4,15.11,3.91
2001-03-11,0.0,7.2,18.9,22.67,4.92
2001-03-12,0.0,9.0,21.2,20.64,6.11
2001-03-13,0.0,11.5,23.9,14.49,6.61
2001-03-14,0.1,12.4,18.9,13.17,4.66
2001-03-15,0.0,9.1,14.3,7.6,3.94
2001-03-16,0.0,9.9,18.0,15.63,5.24
2001-03-17,0.0,8.1,18.4,17.38,5.02
2001-03-18,0.0,9.7,20.2,19.88,6.35
2001-03-19,0.0,8.8,20.7,17.82,3.58
2001-03-20,0.0,8.2,18.9,18.38,6.0
2001-03-21,0.0,10.8,23.2,20.18,4.88
2001-03-22,0.0,11.2,24.6,18.29,2.6
2001-03-23,0.0,9.4,22.3,19.84,6.04
2001-03-24,0.0,10.3,25.2,19.08,3.34
2001-03-25,1.2,14.1,24.9,14.95,5.19
2001-03-26,0.8,13.1,26.9,16.28,7.37
2001-03-27,1.0,15.4,26.1,18.62,6.8
2001-03-28,0.0,14.5,20.6,16.47,10.28
2001-03-29,0.0,8.7,17.1,18.01,9.3
2001-03-30,0.0,4.8,16.4,18.76,5.28
2001-03-31,0.0,3.3,19.4,17.95,4.92
2001-04-01,0.0,6.0,20.7,17.52,3.56
2001-04-02,1.6,5.6,19.7,14.45,6.35
2001-04-03,4.8,10.4,18.5,12.92,6.66
2001-04-04,0.0,7.2,18.5,17.14,3.81
2001-04-05,0.3,7.8,21.5,10.79,6.82
2001-04-06,0.0,6.6,20.5,16.47,8.1
2001-04-07,0.0,7.2,14.5,14.21,7.29
2001-04-08,0.0,3.4,19.4,15.79,4.34
2001-04-09,0.0,8.4,23.5,14.92,4.6
2001-04-10,0.0,10.2,23.7,14.86,7.32
2001-04-11,0.0,5.8,16.7,14.9,7.8
2001-04-12,0.0,7.0,21.3,13.06,4.84
2001-04-13,0.0,8.9,12.7,5.66,6.24
2001-04-14,0.0,7.2,16.7,13.82,3.4
2001-04-15,0.0,6.9,21.8,14.51,5.02
2001-04-16,0.0,7.7,21.4,14.12,2.7
2001-04-17,0.0,7.4,18.4,10.08,5.39
2001-04-18,0.0,7.7,20.1,13.06,3.18
2001-04-19,0.0,7.8,17.8,13.27,6.18
2001-04-20,0.0,7.5,22.4,13.06,6.93
2001-04-21,0.8,9.5,11.9,3.91,6.91
2001-04-22,0.0,4.0,15.9,13.27,4.53
2001-04-23,0.0,3.7,15.7,10.47,3.72
2001-04-24,0.0,6.3,12.9,8.57,3.59
2001-04-25,0.0,3.0,14.9,12.34,4.02
2001-04-26,0.0,7.2,18.2,11.68,4.8
2001-04-27,0.0,7.8,21.8,11.34,2.61
2001-04-28,0.0,8.5,21.8,11.57,2.83
2001-04-29,0.0,6.6,20.5,10.24,2.75
2001-04-30,0.0,8.7,18.1,7.9,3.71
2001-05-01,0.0,10.6,13.5,3.2,3.18
2001-05-02,0.0,9.0,16.5,8.87,3.16
2001-05-03,0.0,8.5,15.9,8.05,1.91
2001-05-04,0.0,6.5,16.9,8.81,4.0
2001-05-05,1.5,11.2,16.0,4.19,5.68
2001-05-06,0.2,13.0,16.6,3.66,2.47
2001-05-07,2.4,11.0,13.7,2.13,4.16
2001-05-08,0.9,10.9,12.0,2.26,6.29
2001-05-09,0.0,10.8,13.0,2.44,3.78
2001-05-10,2.0,9.8,14.0,2.83,2.62
2001-05-11,1.2,12.0,16.9,4.17,7.28
2001-05-12,0.4,12.7,20.3,8.87,4.62
2001-05-13,0.0,9.3,20.0,9.29,3.67
2001-05-14,0.0,7.0,13.5,4.78,3.23
2001-05-15,1.9,6.4,10.7,6.98,8.1
2001-05-16,0.0,3.5,10.4,8.65,5.97
2001-05-17,0.0,0.2,15.2,9.36,2.8
2001-05-18,1.1,5.4,18.0,6.28,3.83
2001-05-19,0.0,8.1,13.5,5.79,4.69
2001-05-20,0.3,3.1,12.7,6.91,5.24
2001-05-21,0.0,2.8,12.5,6.53,6.01
2001-05-22,0.0,-0.3,8.8,8.85,4.12
2001-05-23,0.8,-1.9,11.1,7.51,7.13
2001-05-24,1.8,-1.4,13.2,7.17,8.46
2001-05-25,1.3,1.3,10.4,7.14,7.9
2001-05-26,0.0,-4.0,10.0,8.47,2.83
2001-05-27,0.7,0.4,7.1,6.82,8.36
2001-05-28,3.9,1.9,5.6,3.07,7.17
2001-05-29,0.4,2.6,7.6,4.89,3.67
2001-05-30,0.4,0.2,7.1,5.46,4.13
2001-05-31,0.0,-5.4,7.8,8.22,1.87
2001-06-01,0.0,-3.8,10.3,7.82,2.27
2001-06-02,0.2,-2.2,11.4,5.96,7.02
2001-06-03,0.0,-0.4,10.6,6.61,3.2
2001-06-04,0.0,-2.9,12.1,7.6,2.42
2001-06-05,0.0,-0.3,11.6,7.31,2.73
2001-06-06,0.0,-0.4,10.7,7.05,2.4
2001-06-07,0.5,0.8,13.3,5.26,4.92
2001-06-08,0.0,1.9,9.8,7.25,4.44
2001-06-09,0.5,4.5,17.5,4.13,6.35
2001-06-10,2.4,2.4,11.9,3.47,9.29
2001-06-11,0.0,-1.8,8.1,7.39,5.94
2001-06-12,0.0,-3.9,9.9,6.8,2.56
2001-06-13,0.0,0.2,11.6,5.75,2.83
2001-06-14,0.8,6.5,13.8,1.85,7.12
2001-06-15,1.6,7.3,14.0,3.78,3.31
2001-06-16,8.7,4.3,9.8,1.31,2.4
2001-06-17,0.0,3.3,12.0,5.83,4.4
2001-06-18,3.9,3.6,7.3,3.71,6.18
2001-06-19,0.0,-3.5,8.3,6.77,2.73
2001-06-20,0.0,-0.7,11.6,6.85,2.33
2001-06-21,0.0,0.2,12.5,6.84,2.62
2001-06-22,0.3,3.9,12.5,2.96,4.25
2001-06-23,0.2,5.3,14.7,6.51,3.48
2001-06-24,4.7,3.0,8.7,3.75,6.18
2001-06-25,0.0,-1.1,9.8,6.87,5.16
2001-06-26,0.0,0.2,13.4,6.77,3.08
2001-06-27,6.3,6.5,11.9,3.25,6.02
2001-06-28,1.9,2.0,9.0,6.11,4.82
2001-06-29,0.2,0.2,8.2,3.99,6.55
2001-06-30,0.0,-4.2,9.6,6.88,5.59
2001-07-01,0.0,-1.5,8.4,6.38,3.32
2001-07-02,0.0,-5.6,6.8,7.46,3.16
2001-07-03,0.0,-5.3,6.9,7.55,3.55
2001-07-04,0.0,-4.7,6.1,6.61,3.19
2001-07-05,0.0,-5.0,7.1,7.44,2.97
2001-07-06,0.0,-5.1,7.4,7.47,2.01
2001-07-07,0.0,-5.1,7.1,7.33,2.06
2001-07-08,0.0,-5.2,7.2,7.76,1.75
2001-07-09,0.0,-5.0,8.3,6.89,2.92
2001-07-10,0.0,-5.2,7.8,7.61,2.66
2001-07-11,0.4,-2.7,6.7,5.95,4.39
2001-07-12,0.0,-4.2,9.7,4.76,5.15
2001-07-13,0.0,-0.7,9.4,6.83,3.02
2001-07-14,0.0,-3.9,9.1,7.46,2.05
2001-07-15,0.0,-5.3,9.3,7.93,2.78
2001-07-16,6.7,-2.5,7.4,3.29,3.75
2001-07-17,16.1,6.1,7.5,0.88,4.88
2001-07-18,0.6,1.2,9.4,6.72,4.89
2001-07-19,2.8,-0.7,7.5,3.01,7.0
2001-07-20,5.9,3.0,6.9,2.01,6.94
2001-07-21,18.5,5.5,7.5,2.84,7.33
2001-07-22,17.7,3.6,5.9,1.16,6.75
2001-07-23,0.0,-2.9,8.3,8.54,4.18
2001-07-24,0.1,-2.7,7.7,6.19,5.32
2001-07-25,0.0,-3.5,11.3,8.74,2.65
2001-07-26,0.0,-1.9,9.5,8.67,2.64
2001-07-27,0.0,0.4,10.5,8.71,2.86
2001-07-28,0.0,1.2,11.4,2.3,7.64
2001-07-29,3.3,4.4,13.8,1.98,5.7
2001-07-30,0.0,-2.7,7.6,9.48,4.2
2001-07-31,0.0,-4.9,8.7,9.12,2.47
2001-08-01,0.0,0.9,12.0,9.28,3.56
2001-08-02,2.9,4.7,13.1,5.1,4.33
2001-08-03,0.0,2.5,10.6,5.02,8.34
2001-08-04,0.0,-2.9,11.3,10.22,4.22
2001-08-05,0.0,1.8,12.8,10.01,3.04
2001-08-06,0.0,0.6,10.1,6.42,3.72
2001-08-07,4.7,4.6,11.4,4.8,4.05
2001-08-08,0.0,4.3,15.1,10.51,5.57
2001-08-09,0.9,3.0,14.6,9.38,3.61
2001-08-10,0.4,1.8,14.4,10.02,2.33
2001-08-11,4.6,4.0,7.7,1.27,5.09
2001-08-12,0.0,0.7,11.3,10.54,3.18
2001-08-13,3.1,-2.2,13.8,11.77,6.1
2001-08-14,8.1,3.3,7.3,6.75,8.58
2001-08-15,2.9,1.9,6.9,8.53,4.39
2001-08-16,0.0,-5.6,6.8,11.69,4.3
2001-08-17,0.0,-1.3,11.1,12.44,7.0
2001-08-18,1.5,4.5,10.7,6.73,5.32
2001-08-19,0.5,2.2,12.7,10.76,4.46
2001-08-20,0.2,3.0,12.9,9.45,3.1
2001-08-21,0.1,4.9,15.7,10.07,5.76
2001-08-22,0.0,4.6,15.5,11.81,4.95
2001-08-23,0.0,1.1,12.2,8.82,5.1
2001-08-24,0.7,4.2,14.9,12.45,3.24
2001-08-25,1.0,1.9,12.3,11.49,1.8
2001-08-26,5.0,4.0,10.3,9.3,5.33
2001-08-27,0.0,3.2,10.4,11.16,4.91
2001-08-28,0.0,0.5,11.8,12.47,2.91
2001-08-29,0.2,0.8,11.1,11.11,2.14
2001-08-30,0.3,3.7,9.8,9.02,2.61
2001-08-31,0.0,1.9,8.4,8.37,2.98
2001-09-01,0.0,2.0,9.3,5.82,4.02
2001-09-02,0.1,5.8,9.2,6.47,3.72
2001-09-03,0.0,3.6,10.5,11.52,6.24
2001-09-04,0.0,3.2,12.5,14.99,5.69
2001-09-05,0.0,7.1,15.0,10.1,5.16
2001-09-06,0.5,6.1,11.3,5.64,5.0
2001-09-07,0.1,4.3,13.6,10.88,2.73
2001-09-08,0.1,3.6,11.2,6.85,2.24
2001-09-09,0.3,2.5,11.1,7.87,2.82
2001-09-10,0.0,4.1,9.9,10.09,4.91
2001-09-11,0.0,0.4,12.3,17.87,4.6
2001-09-12,0.0,1.1,13.4,16.48,3.29
2001-09-13,0.0,-0.3,14.3,16.79,2.88
2001-09-14,0.0,2.8,14.3,17.37,4.92
2001-09-15,0.7,5.3,18.7,16.61,5.69
2001-09-16,0.0,8.1,17.2,15.56,4.49
2001-09-17,2.0,5.0,18.3,16.17,5.82
2001-09-18,2.9,4.9,16.4,19.32,3.4
2001-09-19,0.0,5.7,18.5,19.03,2.92
2001-09-20,0.0,4.2,20.2,19.66,3.4
2001-09-21,1.3,5.4,12.6,7.58,7.16
2001-09-22,6.7,4.6,16.0,14.0,6.83
2001-09-23,0.0,0.6,11.1,18.35,4.26
2001-09-24,0.0,4.2,8.7,8.31,6.82
2001-09-25,0.0,2.2,17.0,21.19,5.23
2001-09-26,0.0,5.4,19.3,20.48,5.9
2001-09-27,0.0,6.9,18.4,20.21,3.96
2001-09-28,2.2,6.2,12.1,9.14,5.35
2001-09-29,0.0,3.0,16.6,21.43,5.32
2001-09-30,0.0,6.9,20.8,14.85,6.6
2001-10-01,0.0,6.7,21.9,22.07,4.64
2001-10-02,0.0,10.8,22.9,22.12,3.57
2001-10-03,0.0,8.6,20.6,22.09,5.14
2001-10-04,0.0,8.2,22.4,22.84,3.68
2001-10-05,0.0,7.4,22.4,22.68,3.67
2001-10-06,0.2,13.9,20.8,11.91,7.79
2001-10-07,0.1,9.0,13.4,6.01,6.17
2001-10-08,0.6,7.7,11.8,10.09,3.98
2001-10-09,15.9,7.3,10.0,5.2,4.52
2001-10-10,7.8,6.1,9.6,2.8,9.3
2001-10-11,0.8,5.8,9.9,13.42,6.89
2001-10-12,0.0,4.8,11.3,18.59,4.79
2001-10-13,0.0,4.3,14.7,21.75,7.97
2001-10-14,0.0,5.1,20.8,24.44,3.68
2001-10-15,0.3,8.9,17.5,12.34,6.02
2001-10-16,1.0,8.8,12.9,9.17,7.72
2001-10-17,0.0,7.5,19.1,21.33,4.66
2001-10-18,0.0,8.0,19.2,25.17,5.41
2001-10-19,0.3,5.7,20.3,19.85,6.2
2001-10-20,4.1,10.1,13.5,6.54,6.16
2001-10-21,0.8,9.0,14.1,11.74,4.21
2001-10-22,0.0,6.9,17.1,22.82,4.57
2001-10-23,1.1,5.7,16.9,25.2,2.95
2001-10-24,7.8,3.5,9.7,15.28,8.63
2001-10-25,0.0,2.9,18.0,19.04,3.41
2001-10-26,0.1,5.5,18.4,21.87,3.52
2001-10-27,0.6,6.1,17.0,18.76,4.12
2001-10-28,12.7,9.9,12.6,4.51,4.98
2001-10-29,4.9,8.0,16.6,22.29,4.92
2001-10-30,0.0,5.1,20.9,26.14,7.02
2001-10-31,4.8,9.3,18.6,16.51,5.32
2001-11-01,1.4,8.3,18.1,22.46,5.19
2001-11-02,6.1,6.8,13.5,21.93,6.44
2001-11-03,14.4,6.0,11.9,8.65,8.21
2001-11-04,2.7,2.7,11.3,21.04,9.57
2001-11-05,0.0,-0.6,16.2,29.62,4.69
2001-11-06,0.0,4.5,16.6,29.71,4.96
2001-11-07,0.0,6.0,15.6,25.34,5.95
2001-11-08,0.2,8.4,20.7,26.95,5.56
2001-11-09,0.0,10.5,14.2,12.99,5.62
2001-11-10,1.8,11.2,20.3,22.3,5.72
2001-11-11,0.0,10.4,21.4,25.56,5.59
2001-11-12,0.0,9.5,19.9,26.64,5.11
2001-11-13,3.1,11.7,19.2,14.19,5.36
2001-11-14,1.4,9.4,15.4,14.03,6.0
2001-11-15,0.5,8.0,15.1,21.94,6.11
2001-11-16,0.0,4.9,19.7,31.15,7.58
2001-11-17,0.5,7.7,12.3,26.83,10.64
2001-11-18,0.4,7.3,18.4,30.99,6.93
2001-11-19,0.6,10.8,22.3,22.39,8.21
2001-11-20,5.2,9.9,12.3,8.74,5.73
2001-11-21,11.7,10.2,13.1,4.49,2.88
2001-11-22,23.4,8.4,10.8,3.38,3.54
2001-11-23,6.7,6.2,9.9,12.87,4.5
2001-11-24,0.7,2.9,12.9,23.1,5.18
2001-11-25,0.0,7.6,13.1,25.32,7.72
2001-11-26,0.1,7.4,19.5,21.9,4.38
2001-11-27,0.6,11.6,22.9,26.44,5.23
2001-11-28,0.0,13.6,21.3,16.83,3.98
2001-11-29,0.1,13.2,23.3,21.52,2.88
2001-11-30,0.0,13.4,25.0,25.33,3.97
2001-12-01,0.0,18.0,26.5,25.21,5.71
2001-12-02,0.9,18.2,26.9,26.82,4.68
2001-12-03,0.2,14.8,26.3,24.73,3.81
2001-12-04,0.8,14.3,24.5,19.61,8.12
2001-12-05,3.9,10.8,14.2,10.94,7.16
2001-12-06,6.4,13.0,23.1,18.01,5.55
2001-12-07,0.2,11.7,16.5,11.25,3.74
2001-12-08,8.0,10.1,15.6,8.78,5.48
2001-12-09,3.0,7.8,11.6,13.4,4.47
2001-12-10,6.5,6.6,17.2,20.86,5.44
2001-12-11,0.0,12.7,20.1,24.78,6.48
2001-12-12,0.4,11.3,20.9,31.6,8.64
2001-12-13,0.0,10.2,16.4,23.4,5.99
2001-12-14,0.0,7.3,21.5,32.57,6.11
2001-12-15,0.0,8.5,23.8,34.07,4.33
2001-12-16,0.0,10.4,23.1,30.48,4.62
2001-12-17,0.0,11.6,21.7,23.14,5.1
2001-12-18,1.1,12.1,17.2,13.97,4.89
2001-12-19,0.0,10.8,16.9,21.57,5.32
2001-12-20,0.4,10.5,15.5,14.02,4.88
2001-12-21,0.0,10.0,17.0,19.56,4.25
2001-12-22,0.0,10.7,19.5,22.88,2.7
2001-12-23,1.8,9.1,18.9,19.53,5.1
2001-12-24,0.0,12.6,18.7,16.66,4.49
2001-12-25,0.3,12.1,21.2,25.83,6.94
2001-12-26,0.0,10.1,25.5,32.39,4.49
2001-12-27,6.1,14.9,23.0,22.07,5.28
2001-12-28,6.7,10.9,20.1,27.56,2.97
2001-12-29,8.2,9.0,20.3,28.12,4.03
2001-12-30,0.0,8.4,19.5,20.43,4.92
2001-12-31,0.5,8.4,24.6,31.85,4.66
2002-01-01,0.9,13.5,24.3,13.91,5.82
2002-01-02,0.0,18.5,26.7,21.0,7.82
2002-01-03,0.3,18.2,25.7,15.92,8.05
2002-01-04,1.8,12.4,21.2,23.28,7.08
2002-01-05,13.9,9.1,18.9,22.72,5.15
2002-01-06,1.2,9.4,14.3,14.9,4.89
2002-01-07,0.0,8.5,17.2,24.71,5.35
2002-01-08,0.9,8.7,17.4,24.92,8.41
2002-01-09,8.1,12.7,18.0,14.76,9.32
2002-01-10,6.6,11.8,14.1,7.92,6.72
2002-01-11,3.2,11.5,16.9,11.97,5.38
2002-01-12,22.8,12.3,15.2,4.82,6.19
2002-01-13,26.8,11.0,12.4,4.75,8.58
2002-01-14,2.8,10.0,18.5,19.64,4.22
2002-01-15,1.2,12.9,19.2,20.71,4.02
2002-01-16,5.1,12.2,21.1,26.07,5.02
2002-01-17,0.2,11.1,22.6,22.86,4.52
2002-01-18,20.9,12.2,18.8,22.71,3.74
2002-01-19,12.9,10.4,12.9,7.88,4.13
2002-01-20,1.9,8.5,14.3,14.67,7.11
2002-01-21,0.0,4.1,19.2,31.63,4.94
2002-01-22,0.0,9.6,20.6,25.06,3.13
2002-01-23,0.0,12.7,21.9,27.8,6.37
2002-01-24,0.0,12.0,24.3,29.84,4.53
2002-01-25,0.3,13.3,16.6,11.91,3.45
2002-01-26,0.0,12.9,18.6,20.98,6.04
2002-01-27,0.0,11.4,22.4,23.07,3.78
2002-01-28,0.5,14.3,20.1,19.34,3.74
2002-01-29,0.0,11.8,22.0,28.16,6.06
2002-01-30,0.0,13.1,23.1,26.4,5.02
2002-01-31,0.0,13.7,27.8,28.1,5.02
2002-02-01,0.0,11.7,18.1,14.76,8.08
2002-02-02,0.0,9.7,17.4,28.72,4.88
2002-02-03,0.0,10.0,22.6,29.04,6.94
2002-02-04,0.6,11.8,22.9,19.42,4.23
2002-02-05,17.3,8.1,16.4,6.16,10.32
2002-02-06,3.4,7.7,13.5,15.83,12.8
2002-02-07,0.1,9.5,13.5,15.41,6.44
2002-02-08,0.0,8.5,16.7,24.47,5.47
2002-02-09,0.0,7.3,18.6,28.54,8.1
2002-02-10,0.0,12.1,21.8,21.42,6.44
2002-02-11,0.1,15.2,28.1,26.51,5.16
2002-02-12,3.4,13.2,21.1,20.37,5.65
2002-02-13,3.9,10.6,12.9,6.78,5.73
2002-02-14,0.0,9.9,13.6,10.45,4.69
2002-02-15,0.1,10.3,14.8,11.83,3.62
2002-02-16,0.0,9.0,16.9,19.82,4.74
2002-02-17,0.0,8.4,19.6,27.9,5.39
2002-02-18,0.5,10.6,21.5,23.42,4.29
2002-02-19,0.2,11.3,19.0,14.58,7.05
2002-02-20,1.1,10.5,13.8,13.04,5.96
2002-02-21,0.0,6.3,17.6,26.93,7.27
2002-02-22,0.2,10.7,22.1,18.26,4.84
2002-02-23,3.1,13.5,21.9,20.35,5.99
2002-02-24,5.4,11.9,17.7,21.46,4.88
2002-02-25,0.0,9.6,21.6,25.78,5.67
2002-02-26,0.0,12.0,17.2,16.4,6.05
2002-02-27,0.0,9.0,25.4,25.53,3.11
2002-02-28,0.5,10.7,21.3,9.69,5.54
2002-03-01,0.0,9.1,19.8,23.52,7.83
2002-03-02,0.4,14.3,21.3,23.72,8.06
2002-03-03,0.0,9.6,20.6,21.91,6.47
2002-03-04,3.3,10.4,20.6,18.68,7.13
2002-03-05,0.4,8.5,16.1,21.66,5.1
2002-03-06,0.0,8.3,19.1,21.31,4.44
2002-03-07,0.0,9.4,21.9,23.24,6.44
2002-03-08,0.0,7.5,24.2,21.78,2.9
2002-03-09,0.0,11.0,22.4,16.88,3.54
2002-03-10,0.7,12.0,15.3,5.71,3.36
2002-03-11,0.0,10.5,16.7,12.31,4.74
2002-03-12,0.0,7.1,18.5,22.32,5.58
2002-03-13,0.0,9.5,25.4,20.4,4.4
2002-03-14,0.0,12.5,18.6,13.32,4.95
2002-03-15,0.0,10.5,23.3,21.83,5.73
2002-03-16,0.0,12.1,21.6,16.86,7.16
2002-03-17,0.0,10.8,18.7,13.35,5.58
2002-03-18,9.5,9.5,14.9,11.14,7.89
2002-03-19,0.1,7.6,21.7,13.37,7.38
2002-03-20,0.0,9.2,18.8,17.95,6.28
2002-03-21,0.4,11.6,22.5,17.6,8.17
2002-03-22,0.0,9.7,21.0,20.35,9.12
2002-03-23,0.0,7.0,20.2,19.66,2.6
2002-03-24,0.0,8.2,24.8,19.08,3.58
2002-03-25,0.1,11.4,16.8,9.35,3.35
2002-03-26,0.0,9.3,18.6,18.39,5.73
2002-03-27,0.0,9.4,24.8,18.94,4.33
2002-03-28,0.0,14.0,23.4,14.92,7.52
2002-03-29,0.0,14.2,23.6,17.94,9.22
2002-03-30,0.3,10.4,19.6,15.73,9.56
2002-03-31,2.3,6.3,16.2,16.88,4.75
2002-04-01,2.2,5.5,10.5,11.17,11.5
2002-04-02,2.3,6.3,11.5,12.33,10.13
2002-04-03,0.0,6.1,16.4,12.16,7.48
2002-04-04,0.0,5.7,19.4,16.34,6.26
2002-04-05,0.0,10.0,20.0,12.06,5.46
2002-04-06,7.4,7.4,11.1,5.36,4.95
2002-04-07,5.7,5.8,14.0,12.24,8.35
2002-04-08,0.0,2.8,13.2,13.02,5.64
2002-04-09,0.0,7.5,14.5,10.31,2.96
2002-04-10,0.0,5.1,17.3,15.26,4.66
2002-04-11,0.0,7.1,14.3,7.9,2.86
2002-04-12,0.0,9.3,16.7,10.59,3.32
2002-04-13,0.0,7.4,17.6,13.83,4.3
2002-04-14,0.0,6.9,21.1,14.8,2.89
2002-04-15,0.0,8.5,13.1,3.85,2.69
2002-04-16,0.0,4.4,16.6,13.88,4.09
2002-04-17,0.0,5.8,15.9,10.19,2.56
2002-04-18,0.0,5.3,19.9,12.8,2.28
2002-04-19,0.1,9.3,12.7,3.35,2.1
2002-04-20,0.0,8.4,17.2,12.47,3.36
2002-04-21,0.0,6.0,18.5,11.56,3.35
2002-04-22,1.4,8.3,15.5,5.79,3.4
2002-04-23,0.0,9.5,14.0,9.81,6.62
2002-04-24,0.0,8.6,20.2,9.89,5.66
2002-04-25,2.9,13.2,22.5,9.49,5.08
2002-04-26,0.0,11.2,22.1,11.6,3.11
2002-04-27,0.0,11.9,18.1,7.3,3.94
2002-04-28,11.1,11.1,14.4,4.59,6.94
2002-04-29,15.0,4.7,10.5,5.52,10.04
2002-04-30,0.0,1.9,15.4,11.69,3.39
2002-05-01,3.5,5.5,11.4,6.88,5.58
2002-05-02,1.7,4.7,16.2,6.74,7.61
2002-05-03,0.0,6.8,18.6,10.17,6.31
2002-05-04,0.2,9.3,19.6,9.45,8.92
2002-05-05,0.0,7.3,11.1,7.03,7.15
2002-05-06,0.0,5.8,17.2,10.38,7.52
2002-05-07,0.2,5.4,13.8,7.25,4.88
2002-05-08,0.0,4.2,14.9,10.41,3.83
2002-05-09,0.1,7.9,19.6,9.01,2.88
2002-05-10,0.0,8.0,19.7,9.22,3.44
2002-05-11,0.0,9.6,18.6,7.41,3.3
2002-05-12,0.0,7.5,13.6,4.35,2.2
2002-05-13,0.0,5.8,14.7,9.14,5.86
2002-05-14,0.0,6.8,15.0,8.21,3.8
2002-05-15,0.0,4.5,12.3,5.92,2.4
2002-05-16,0.0,0.3,12.5,7.92,2.24
2002-05-17,0.0,3.6,12.2,6.92,3.0
2002-05-18,0.0,4.9,11.9,5.35,6.08
2002-05-19,1.3,5.5,12.6,6.41,5.39
2002-05-20,0.0,5.1,16.7,8.42,2.84
2002-05-21,0.4,7.1,15.1,4.29,6.53
2002-05-22,0.0,8.0,17.1,7.95,3.48
2002-05-23,7.9,5.3,14.8,4.47,11.22
2002-05-24,4.5,1.2,9.9,6.38,10.71
2002-05-25,4.5,-0.8,11.4,7.46,6.17
2002-05-26,1.3,-0.9,10.5,8.53,7.42
2002-05-27,0.8,-1.7,9.8,8.37,4.7
2002-05-28,0.0,-1.7,9.0,8.04,5.59
2002-05-29,0.0,-0.3,10.6,7.69,5.1
2002-05-30,0.0,-1.0,10.2,7.87,3.26
2002-05-31,0.2,-1.0,7.8,6.47,4.48
2002-06-01,0.0,-5.0,10.0,8.03,2.91
2002-06-02,0.6,0.4,11.8,7.52,3.04
2002-06-03,0.4,5.5,14.8,6.79,5.87
2002-06-04,0.0,2.1,12.8,6.3,2.73
2002-06-05,2.1,6.2,13.4,4.16,6.87
2002-06-06,0.3,1.5,8.6,6.84,9.03
2002-06-07,0.0,-0.9,10.8,7.2,3.21
2002-06-08,0.0,2.3,12.2,6.09,4.32
2002-06-09,3.3,7.3,15.3,3.88,6.8
2002-06-10,0.0,3.9,12.7,7.25,3.09
2002-06-11,1.2,5.6,14.2,6.79,5.39
2002-06-12,0.0,7.4,14.8,6.53,4.16
2002-06-13,0.9,8.4,15.9,6.27,5.62
2002-06-14,3.7,10.1,13.6,1.98,6.76
2002-06-15,6.1,2.1,10.2,1.37,6.93
2002-06-16,0.0,-3.0,6.4,7.19,3.16
2002-06-17,25.4,1.0,5.7,1.65,4.74
2002-06-18,1.2,1.5,6.1,2.17,4.15
2002-06-19,0.0,0.5,9.6,6.74,5.11
2002-06-20,0.0,-0.9,7.1,5.19,5.09
2002-06-21,9.4,2.3,6.3,0.98,5.02
2002-06-22,0.1,0.5,11.9,6.6,4.03
2002-06-23,0.0,5.1,10.9,6.89,6.15
2002-06-24,0.0,1.3,9.3,7.02,3.72
2002-06-25,0.0,5.7,13.5,5.67,3.28
2002-06-26,0.0,6.9,13.8,3.73,4.2
2002-06-27,19.3,7.2,10.3,1.82,2.94
2002-06-28,1.1,2.7,13.0,6.74,2.33
2002-06-29,5.5,0.4,7.8,2.42,3.14
2002-06-30,0.9,5.1,10.1,5.8,4.26
2002-07-01,1.0,5.8,7.6,3.22,8.2
2002-07-02,0.0,-1.9,8.2,6.15,5.81
2002-07-03,0.0,-1.9,8.8,7.26,3.09
2002-07-04,0.0,-2.1,11.5,6.22,3.3
2002-07-05,0.0,-1.6,8.8,6.94,2.39
2002-07-06,0.2,-1.4,11.3,6.04,5.39
2002-07-07,0.0,1.8,9.7,4.33,3.52
2002-07-08,0.0,-1.4,9.8,7.37,2.77
2002-07-09,0.0,-2.1,8.3,7.35,2.51
2002-07-10,0.0,-1.7,10.6,6.74,2.9
2002-07-11,0.3,0.5,11.3,5.8,3.55
2002-07-12,0.0,3.0,8.1,3.34,3.35
2002-07-13,2.4,3.5,5.7,3.57,5.55
2002-07-14,4.8,2.8,5.5,5.53,7.1
2002-07-15,7.6,3.0,4.9,2.35,6.09
2002-07-16,1.7,2.2,7.4,5.38,2.5
2002-07-17,0.0,-2.6,6.7,5.49,2.89
2002-07-18,0.1,-4.7,8.6,7.66,2.9
2002-07-19,0.0,-1.0,13.4,7.52,3.11
2002-07-20,0.0,4.0,13.2,4.67,4.07
2002-07-21,3.9,7.4,16.5,6.84,9.99
2002-07-22,1.2,1.8,9.1,5.19,4.55
2002-07-23,0.0,-1.4,10.7,5.6,3.47
2002-07-24,0.0,2.2,10.7,6.74,4.03
2002-07-25,0.2,4.4,8.2,2.18,5.1
2002-07-26,0.2,3.5,7.1,4.72,2.67
2002-07-27,0.0,0.9,7.2,5.75,2.83
2002-07-28,0.0,-1.1,8.1,6.43,4.31
2002-07-29,0.0,-3.6,9.4,9.53,4.36
2002-07-30,0.0,-2.8,12.8,9.1,2.72
2002-07-31,0.0,-1.6,9.9,8.49,2.6
2002-08-01,0.0,-0.4,10.6,9.43,2.62
2002-08-02,0.0,-2.0,10.6,9.95,3.4
2002-08-03,0.8,-0.4,14.0,9.75,3.83
2002-08-04,3.8,6.3,12.3,3.17,7.85
2002-08-05,0.0,4.2,7.7,3.36,2.19
2002-08-06,0.0,2.1,8.0,5.82,5.32
2002-08-07,0.0,4.4,11.4,7.22,6.54
2002-08-08,3.3,0.3,13.6,9.94,4.46
2002-08-09,1.4,4.4,8.8,8.62,7.88
2002-08-10,0.0,-3.0,14.0,10.74,4.07
2002-08-11,0.0,8.7,14.0,4.01,6.22
2002-08-12,1.3,7.7,17.4,9.91,5.38
2002-08-13,4.0,6.5,13.4,6.35,9.44
2002-08-14,0.4,6.5,15.3,9.37,6.65
2002-08-15,0.0,2.1,12.5,10.09,2.6
2002-08-16,2.0,5.6,8.7,4.57,5.91
2002-08-17,2.8,2.5,8.7,5.56,8.91
2002-08-18,1.6,-1.2,9.0,6.88,9.48
2002-08-19,0.4,2.6,11.7,12.0,7.64
2002-08-20,0.0,1.7,11.3,11.26,4.08
2002-08-21,0.0,-0.8,13.7,13.18,2.86
2002-08-22,0.0,2.1,14.1,13.15,2.87
2002-08-23,0.0,1.0,14.3,12.52,2.65
2002-08-24,1.5,6.3,13.1,6.66,7.71
2002-08-25,1.3,3.1,12.3,13.42,7.52
2002-08-26,3.7,1.2,6.9,9.54,12.51
2002-08-27,2.4,4.1,8.1,9.35,11.32
2002-08-28,1.1,4.8,8.5,8.11,5.0
2002-08-29,0.0,-0.2,12.3,14.19,2.2
2002-08-30,0.0,2.0,14.5,14.53,4.34
2002-08-31,0.0,2.1,13.4,13.82,4.88
2002-09-01,0.0,2.5,15.0,13.0,4.24
2002-09-02,3.8,3.2,11.4,6.08,2.91
2002-09-03,5.5,7.1,13.2,9.79,5.14
2002-09-04,0.0,7.7,16.9,14.36,4.17
2002-09-05,0.0,4.5,18.5,15.81,5.02
2002-09-06,0.0,4.5,15.5,16.05,5.52
2002-09-07,0.0,2.9,16.9,11.84,5.06
2002-09-08,3.4,7.2,18.9,15.01,5.59
2002-09-09,0.0,4.0,15.0,16.88,4.81
2002-09-10,0.5,8.5,16.0,16.56,8.65
2002-09-11,0.1,4.3,14.7,15.36,3.13
2002-09-12,2.2,2.2,10.6,13.54,3.56
2002-09-13,2.1,0.7,10.1,12.92,7.81
2002-09-14,0.0,0.2,11.4,18.19,5.0
2002-09-15,0.0,1.7,18.0,18.27,3.98
2002-09-16,0.0,4.6,20.8,18.61,4.22
2002-09-17,0.0,6.8,17.6,18.51,5.56
2002-09-18,0.0,7.4,16.5,6.31,8.45
2002-09-19,1.7,9.7,16.4,15.38,8.8
2002-09-20,6.2,4.8,13.0,16.18,5.32
2002-09-21,0.1,2.1,13.4,20.21,4.18
2002-09-22,1.6,4.8,17.2,17.57,9.49
2002-09-23,0.0,3.7,15.7,15.02,6.34
2002-09-24,2.9,3.6,15.8,18.63,8.25
2002-09-25,1.4,2.4,9.6,19.53,8.06
2002-09-26,0.8,1.4,15.7,12.53,6.07
2002-09-27,0.0,5.6,15.4,19.79,7.96
2002-09-28,0.0,2.4,16.3,20.2,5.45
2002-09-29,6.9,5.5,14.1,8.96,5.38
2002-09-30,0.0,5.4,14.5,19.02,4.58
2002-10-01,0.0,4.1,17.0,20.0,4.53
2002-10-02,0.0,3.5,17.5,20.52,5.82
2002-10-03,11.6,3.2,11.1,11.41,6.82
2002-10-04,1.0,1.2,10.9,22.27,4.7
2002-10-05,0.3,1.1,11.5,19.16,5.6
2002-10-06,1.2,4.5,9.8,16.86,6.17
2002-10-07,0.0,1.8,12.2,20.49,3.92
2002-10-08,0.0,0.8,12.9,24.16,6.32
2002-10-09,0.0,3.0,20.2,24.42,4.06
2002-10-10,0.0,2.7,18.5,21.18,4.43
2002-10-11,7.0,6.6,10.1,6.47,4.16
2002-10-12,2.7,3.3,12.6,20.12,5.46
2002-10-13,2.2,3.1,8.6,19.08,8.77
2002-10-14,3.7,0.3,8.6,17.04,7.0
2002-10-15,0.0,-2.7,15.5,25.33,4.66
2002-10-16,2.0,0.1,15.9,18.72,5.69
2002-10-17,0.4,4.9,18.7,23.96,2.79
2002-10-18,7.3,7.3,19.1,19.4,6.99
2002-10-19,0.0,3.7,16.9,24.6,5.52
2002-10-20,1.0,8.4,19.1,24.16,8.25
2002-10-21,0.0,5.7,17.0,25.37,6.53
2002-10-22,0.2,5.3,16.5,24.78,4.02
2002-10-23,0.0,2.9,18.8,24.62,2.82
2002-10-24,0.0,4.5,18.5,26.9,6.09
2002-10-25,1.3,10.0,19.6,19.55,7.5
2002-10-26,0.0,6.0,17.5,21.16,5.04
2002-10-27,7.9,6.1,14.1,19.58,2.83
2002-10-28,3.7,4.7,10.1,16.69,6.37
2002-10-29,1.4,1.0,12.9,24.65,3.76
2002-10-30,0.0,2.8,17.6,28.18,3.25
2002-10-31,0.0,6.4,20.1,27.13,6.15
2002-11-01,0.1,9.9,20.4,26.33,8.99
2002-11-02,3.5,6.3,9.0,16.45,8.75
2002-11-03,0.0,2.7,14.8,23.94,5.06
2002-11-04,0.0,4.8,19.2,26.52,5.33
2002-11-05,0.6,7.3,20.8,22.47,10.68
2002-11-06,0.0,7.0,18.4,24.29,6.99
2002-11-07,0.3,4.6,14.6,24.1,6.18
2002-11-08,0.1,7.1,18.4,25.86,8.75
2002-11-09,5.8,9.2,18.1,21.79,8.57
2002-11-10,0.0,7.6,20.3,29.6,10.2
2002-11-11,15.5,5.0,14.2,19.87,9.87
2002-11-12,1.1,4.9,9.9,24.45,9.14
2002-11-13,0.0,6.1,16.4,25.26,4.74
2002-11-14,0.0,6.2,22.8,28.62,5.58
2002-11-15,0.0,8.4,21.8,22.29,6.72
2002-11-16,10.8,5.1,11.1,8.39,6.8
2002-11-17,4.5,3.8,9.6,24.93,9.25
2002-11-18,5.3,4.1,9.8,19.48,10.24
2002-11-19,15.9,6.3,10.5,10.59,11.66
2002-11-20,0.0,8.3,16.3,26.16,6.66
2002-11-21,8.8,7.4,19.8,28.41,6.4
2002-11-22,4.5,7.1,12.2,19.9,5.96
2002-11-23,1.3,5.4,15.3,28.1,6.18
2002-11-24,2.2,7.9,14.8,20.82,5.89
2002-11-25,1.4,7.8,17.5,26.94,4.88
2002-11-26,0.0,8.5,22.4,30.38,4.96
2002-11-27,0.1,12.6,24.7,23.85,5.08
2002-11-28,3.0,12.7,19.5,19.26,3.45
2002-11-29,2.8,11.4,14.5,9.25,4.56
2002-11-30,0.0,11.2,17.9,29.54,7.6
2002-12-01,0.0,10.9,19.7,28.18,6.44
2002-12-02,0.0,12.0,18.5,16.79,4.89
2002-12-03,0.0,10.7,21.9,30.27,3.36
2002-12-04,0.0,11.7,22.3,27.96,4.6
2002-12-05,0.0,12.7,25.2,30.8,4.81
2002-12-06,0.2,15.6,26.7,29.4,6.14
2002-12-07,7.2,11.5,22.4,13.31,5.96
2002-12-08,11.2,10.0,12.6,10.59,9.55
2002-12-09,0.0,9.2,16.7,30.67,7.15
2002-12-10,1.1,9.2,20.3,19.67,5.3
2002-12-11,0.0,6.8,20.1,28.41,7.98
2002-12-12,0.3,10.8,21.5,24.43,6.27
2002-12-13,2.3,11.2,18.6,31.11,10.41
2002-12-14,0.4,8.9,16.6,32.56,8.16
2002-12-15,0.0,6.2,19.5,31.75,5.73
2002-12-16,0.2,9.2,21.1,27.63,3.78
2002-12-17,0.0,10.9,14.0,7.95,4.43
2002-12-18,0.0,9.9,17.2,23.73,5.44
2002-12-19,0.0,6.1,21.3,32.76,4.34
2002-12-20,0.0,9.7,20.6,30.49,5.68
2002-12-21,0.1,9.8,20.6,25.89,5.22
2002-12-22,0.0,12.9,24.5,30.41,6.44
2002-12-23,0.1,11.8,24.4,26.39,9.24
2002-12-24,0.1,10.8,23.5,27.4,6.93
2002-12-25,0.0,10.4,23.5,33.75,8.82
2002-12-26,4.0,7.8,17.9,31.6,8.18
2002-12-27,0.0,4.4,20.2,34.41,5.09
2002-12-28,0.0,10.4,15.3,16.11,5.93
2002-12-29,0.0,7.8,19.9,33.69,5.52
2002-12-30,0.0,8.9,23.5,31.33,5.76
2002-12-31,0.0,9.1,28.9,33.45,4.06
2003-01-01,0.0,14.0,26.1,33.17,5.38
2003-01-02,0.0,14.4,24.9,31.94,4.72
2003-01-03,0.0,13.7,28.5,30.91,3.62
2003-01-04,0.0,13.7,28.5,29.6,3.53
2003-01-05,5.3,12.8,21.6,26.83,5.3
2003-01-06,0.0,12.0,22.6,31.81,5.42
2003-01-07,0.3,13.5,18.8,20.28,5.24
2003-01-08,0.0,13.2,21.9,30.83,8.44
2003-01-09,0.0,13.1,22.0,27.82,9.57
2003-01-10,0.7,15.2,24.4,23.04,4.8
2003-01-11,1.8,14.5,20.0,13.9,3.82
2003-01-12,6.0,10.2,14.4,5.12,6.19
2003-01-13,3.7,8.5,13.9,18.23,7.41
2003-01-14,1.2,7.4,13.2,20.59,8.39
2003-01-15,0.0,5.3,20.1,32.64,2.69
2003-01-16,0.0,8.1,22.7,29.55,4.24
2003-01-17,0.0,13.2,20.7,22.62,5.32
2003-01-18,0.0,14.2,20.4,19.66,6.35
2003-01-19,0.0,9.9,24.5,28.48,8.22
2003-01-20,0.0,12.6,25.1,32.41,5.62
2003-01-21,0.0,11.4,23.1,29.98,6.72
2003-01-22,0.7,14.4,26.6,29.66,10.9
2003-01-23,9.0,10.3,21.0,25.04,4.95
2003-01-24,2.9,9.3,16.4,22.02,6.77
2003-01-25,4.1,7.5,14.0,24.29,7.76
2003-01-26,0.2,8.4,20.3,26.91,6.04
2003-01-27,3.2,10.6,19.1,8.49,7.4
2003-01-28,0.1,7.5,21.6,29.88,5.79
2003-01-29,0.0,9.8,22.7,29.15,6.05
2003-01-30,0.0,9.5,26.7,31.01,4.22
2003-01-31,0.0,14.2,25.7,29.7,6.75
2003-02-01,0.0,14.5,25.8,29.62,7.68
2003-02-02,0.0,10.5,23.1,30.71,5.12
2003-02-03,0.3,10.7,25.1,30.14,5.87
2003-02-04,3.0,11.1,14.2,6.6,4.77
2003-02-05,0.0,7.4,21.6,29.76,5.42
2003-02-06,0.0,10.9,25.6,29.45,6.23
2003-02-07,0.0,12.8,23.7,28.88,6.51
2003-02-08,0.0,11.4,27.2,29.21,6.22
2003-02-09,0.0,12.7,24.7,28.28,7.49
2003-02-10,0.0,12.4,25.1,26.12,5.39
2003-02-11,0.2,12.8,28.9,27.38,7.92
2003-02-12,0.0,12.9,17.8,15.27,6.67
2003-02-13,0.0,12.7,28.0,28.48,5.59
2003-02-14,15.7,9.7,18.1,4.71,8.42
2003-02-15,0.0,7.1,18.5,27.26,4.69
2003-02-16,0.0,9.9,25.8,27.49,3.97
2003-02-17,0.0,8.8,23.2,28.21,6.38
2003-02-18,4.7,13.6,20.5,19.92,8.88
2003-02-19,3.6,7.6,18.1,16.57,8.56
2003-02-20,0.0,6.2,17.0,25.27,7.07
2003-02-21,1.6,7.0,12.3,23.59,9.19
2003-02-22,0.3,4.8,15.5,22.94,4.6
2003-02-23,0.0,5.0,21.4,24.94,4.11
2003-02-24,1.9,10.5,14.2,8.44,3.85
2003-02-25,0.0,7.0,20.2,26.08,5.33
2003-02-26,0.0,10.5,22.4,24.93,6.16
2003-02-27,0.6,11.4,20.6,16.29,7.46
2003-02-28,1.0,14.3,19.1,12.87,8.72
2003-03-01,0.0,14.1,23.7,22.13,8.15
2003-03-02,0.1,14.9,27.4,20.08,7.96
2003-03-03,1.2,12.4,21.0,21.88,10.2
2003-03-04,0.0,9.6,21.0,22.65,5.48
2003-03-05,0.0,7.7,23.1,22.67,6.27
2003-03-06,0.0,10.9,19.6,17.85,3.82
2003-03-07,0.0,8.5,20.3,22.9,4.7
2003-03-08,0.0,11.3,19.8,20.36,5.56
2003-03-09,0.0,8.3,20.2,20.56,2.64
2003-03-10,0.0,8.1,20.3,20.75,3.7
2003-03-11,0.0,9.3,19.5,19.74,3.69
2003-03-12,0.0,8.9,18.9,13.79,3.19
2003-03-13,0.2,9.8,19.4,16.19,3.55
2003-03-14,0.0,9.7,23.9,21.69,5.84
2003-03-15,0.1,12.8,16.5,8.77,4.41
2003-03-16,0.0,11.8,16.9,10.91,3.34
2003-03-17,0.4,10.9,13.8,4.72,3.61
2003-03-18,0.0,7.3,21.0,20.93,4.39
2003-03-19,0.0,8.6,21.7,20.54,5.5
2003-03-20,0.0,10.3,22.7,18.57,3.28
2003-03-21,0.0,11.6,25.2,19.81,3.91
2003-03-22,0.0,8.9,26.2,19.05,3.45
2003-03-23,0.0,9.5,25.5,19.32,2.36
2003-03-24,0.0,10.2,23.8,18.96,3.26
2003-03-25,0.0,11.9,21.5,17.83,5.06
2003-03-26,0.0,13.3,21.8,13.78,3.49
2003-03-27,0.0,11.5,21.4,15.36,3.1
2003-03-28,0.0,12.1,19.2,14.7,5.86
2003-03-29,19.1,13.8,15.0,1.72,3.51
2003-03-30,2.0,13.5,17.8,9.78,5.22
2003-03-31,19.0,10.0,17.8,7.0,8.85
2003-04-01,3.7,6.9,11.0,9.05,6.55
2003-04-02,0.0,5.5,12.6,11.46,4.34
2003-04-03,0.0,5.5,19.2,15.93,3.04
2003-04-04,0.0,5.6,19.5,15.65,3.4
2003-04-05,5.6,9.2,17.5,10.2,3.89
2003-04-06,6.0,9.7,14.3,5.24,6.11
2003-04-07,32.1,7.1,9.5,2.42,7.94
2003-04-08,0.0,3.5,11.6,12.19,7.92
2003-04-09,0.0,2.4,15.4,15.55,4.49
2003-04-10,0.0,6.1,12.2,6.32,2.42
2003-04-11,0.1,5.8,14.2,11.16,3.03
2003-04-12,0.0,7.9,14.8,11.0,2.58
2003-04-13,0.0,7.9,13.8,8.45,3.29
2003-04-14,0.0,5.6,16.1,15.07,6.31
2003-04-15,0.0,5.6,19.6,14.68,4.25
2003-04-16,0.0,7.4,19.8,12.46,3.18
2003-04-17,7.2,7.9,11.4,2.44,9.57
2003-04-18,1.8,6.4,9.5,5.58,5.56
2003-04-19,0.0,6.2,10.6,6.9,3.83
2003-04-20,0.0,2.5,15.4,13.87,3.47
2003-04-21,0.0,5.0,13.4,9.66,1.99
2003-04-22,0.0,4.4,14.2,10.43,2.76
2003-04-23,0.0,5.9,16.4,12.31,3.3
2003-04-24,1.4,6.6,14.2,5.88,6.81
2003-04-25,0.0,5.0,10.2,9.57,4.53
2003-04-26,0.0,2.2,18.3,12.55,4.0
2003-04-27,0.0,5.7,9.9,3.17,3.42
2003-04-28,0.0,4.4,14.6,11.22,2.94
2003-04-29,0.0,4.7,14.5,11.76,5.07
2003-04-30,0.0,5.2,18.6,11.55,3.61
2003-05-01,0.7,10.6,18.1,3.16,5.26
2003-05-02,11.4,8.3,13.0,5.88,6.44
2003-05-03,0.0,6.2,13.9,8.2,5.33
2003-05-04,4.1,5.5,14.9,4.09,7.0
2003-05-05,0.0,0.4,12.2,11.0,4.42
2003-05-06,0.0,2.5,16.9,10.92,3.2
2003-05-07,2.3,6.1,13.1,8.15,6.59
2003-05-08,0.7,4.6,13.6,9.91,2.94
2003-05-09,0.0,3.9,16.4,10.38,3.88
2003-05-10,0.0,10.9,16.6,5.77,5.2
2003-05-11,0.7,4.4,14.7,9.74,4.5
2003-05-12,0.4,3.9,11.4,9.47,3.54
2003-05-13,0.0,2.6,15.4,8.77,3.16
2003-05-14,0.0,3.8,13.8,9.68,2.73
2003-05-15,0.0,4.9,12.8,7.95,3.41
2003-05-16,0.0,2.0,12.9,8.22,2.9
2003-05-17,0.0,2.2,12.5,8.53,2.42
2003-05-18,0.0,3.6,13.0,5.71,4.34
2003-05-19,1.8,3.8,13.4,2.42,7.15
2003-05-20,0.3,11.8,19.4,7.85,5.09
2003-05-21,1.3,10.4,18.4,4.71,3.96
2003-05-22,2.7,9.0,11.2,2.61,6.15
2003-05-23,3.7,4.7,8.7,2.31,4.9
2003-05-24,0.0,1.6,10.3,7.52,4.74
2003-05-25,0.0,0.9,10.8,7.18,4.25
2003-05-26,0.0,5.4,10.5,5.5,2.14
2003-05-27,0.0,2.6,10.2,5.93,2.2
2003-05-28,1.0,0.9,10.6,6.81,6.41
2003-05-29,0.0,1.2,13.8,6.58,4.83
2003-05-30,0.0,10.4,17.7,6.07,6.74
2003-05-31,0.0,5.4,17.8,7.74,5.19
2003-06-01,0.0,4.5,15.1,3.45,3.67
2003-06-02,0.0,8.1,16.5,5.33,4.97
2003-06-03,1.5,7.7,11.6,3.53,5.74
2003-06-04,4.1,6.1,14.3,6.42,4.18
2003-06-05,0.0,6.1,14.6,7.18,2.82
2003-06-06,4.3,5.7,10.9,1.97,3.02
2003-06-07,0.0,4.8,16.3,6.97,3.04
2003-06-08,0.0,6.8,15.1,4.15,4.57
2003-06-09,0.1,7.7,9.4,1.77,4.88
2003-06-10,0.7,4.6,8.5,4.15,7.38
2003-06-11,0.0,-0.5,11.3,6.96,2.52
2003-06-12,0.0,-2.4,11.6,7.04,2.92
2003-06-13,0.0,-1.2,10.9,7.21,4.08
2003-06-14,0.2,1.6,12.8,6.08,6.68
2003-06-15,1.6,7.5,14.6,6.52,6.57
2003-06-16,0.3,0.7,11.1,5.21,5.26
2003-06-17,0.0,-2.7,9.2,7.25,3.97
2003-06-18,0.0,-5.2,8.6,7.16,2.97
2003-06-19,0.0,1.8,11.8,6.49,3.92
2003-06-20,0.0,3.9,13.8,6.98,4.76
2003-06-21,0.0,3.0,11.7,6.7,3.42
2003-06-22,0.0,2.2,12.9,5.43,2.78
2003-06-23,0.6,4.0,15.2,4.13,6.86
2003-06-24,0.0,5.0,12.2,6.32,4.55
2003-06-25,0.0,1.5,10.4,7.05,4.92
2003-06-26,0.0,-4.0,9.0,7.06,4.24
2003-06-27,0.0,-3.6,9.2,6.92,4.1
2003-06-28,0.8,-2.0,9.8,2.46,8.25
2003-06-29,0.0,9.9,15.0,4.71,7.68
2003-06-30,10.6,4.9,15.8,5.04,6.76
2003-07-01,7.3,1.2,4.8,2.71,5.24
2003-07-02,0.0,-1.9,9.7,7.37,4.43
2003-07-03,0.0,0.3,10.4,7.51,4.12
2003-07-04,6.5,-2.6,2.8,1.54,5.39
2003-07-05,13.1,-0.9,1.2,5.73,6.0
2003-07-06,0.0,-10.1,0.3,7.69,3.98
2003-07-07,0.0,-9.1,6.5,5.94,2.7
2003-07-08,0.5,-6.7,2.5,2.87,3.32
2003-07-09,1.7,-3.9,4.2,6.25,3.4
2003-07-10,0.0,-1.5,7.3,6.62,2.61
2003-07-11,7.7,1.2,5.2,3.73,6.72
2003-07-12,0.0,-3.9,7.3,5.89,4.29
2003-07-13,0.0,-5.0,8.3,8.17,3.72
2003-07-14,0.7,-3.2,8.2,2.75,3.82
2003-07-15,0.0,0.5,10.7,7.43,3.55
2003-07-16,9.4,5.9,12.5,5.66,7.64
2003-07-17,0.9,0.1,7.9,6.54,4.02
2003-07-18,0.0,-2.5,10.3,8.27,2.82
2003-07-19,3.2,0.1,5.4,2.96,7.39
2003-07-20,0.6,1.2,9.4,5.33,5.3
2003-07-21,0.2,-0.5,9.6,8.05,4.39
2003-07-22,0.0,-3.5,8.2,8.08,2.72
2003-07-23,0.0,-2.5,9.6,8.44,4.33
2003-07-24,0.0,-3.7,10.8,8.59,2.45
2003-07-25,0.0,-4.3,10.8,9.06,3.4
2003-07-26,0.0,-3.3,10.7,7.55,2.35
2003-07-27,0.0,0.1,12.8,7.31,2.82
2003-07-28,0.0,-0.3,10.5,6.17,1.97
2003-07-29,0.0,2.1,9.8,4.64,3.54
2003-07-30,0.0,0.1,11.1,9.09,2.86
2003-07-31,0.0,-1.7,12.1,8.91,2.55
2003-08-01,0.0,0.4,9.1,6.08,3.94
2003-08-02,0.0,3.9,9.1,5.01,2.76
2003-08-03,0.0,-1.3,9.7,7.41,4.58
2003-08-04,0.0,-1.1,11.1,9.91,4.79
2003-08-05,0.0,0.0,11.8,10.13,2.46
2003-08-06,0.0,-1.2,12.3,9.67,4.47
2003-08-07,2.2,5.3,11.0,3.0,4.02
2003-08-08,0.0,1.3,12.1,9.53,3.79
2003-08-09,0.0,1.0,12.0,10.61,3.04
2003-08-10,0.0,-1.0,11.5,10.91,3.02
2003-08-11,0.3,2.3,8.5,4.65,5.0
2003-08-12,1.9,4.5,7.3,2.44,3.91
2003-08-13,0.1,2.8,7.1,4.77,1.89
2003-08-14,0.0,0.2,10.6,9.95,5.17
2003-08-15,0.4,6.2,14.9,10.47,9.72
2003-08-16,0.0,2.9,11.4,11.85,5.51
2003-08-17,0.0,0.5,12.4,11.83,3.62
2003-08-18,0.0,-0.8,13.4,12.42,3.44
2003-08-19,0.0,0.6,13.3,12.95,3.14
2003-08-20,0.0,3.0,8.4,5.62,4.8
2003-08-21,5.8,2.4,7.2,3.92,5.56
2003-08-22,17.8,4.5,7.0,1.3,5.69
2003-08-23,0.8,2.1,7.2,7.49,3.1
2003-08-24,0.0,0.7,8.6,10.17,4.53
2003-08-25,0.0,-2.0,14.0,13.82,4.36
2003-08-26,0.0,5.9,14.6,9.39,4.53
2003-08-27,4.2,7.1,12.4,5.64,4.79
2003-08-28,0.3,5.5,8.7,4.83,5.37
2003-08-29,0.5,3.6,6.7,6.76,6.34
2003-08-30,0.5,4.2,10.6,9.43,4.59
2003-08-31,0.0,-0.6,14.1,14.15,5.22
2003-09-01,0.8,5.2,12.7,14.04,5.75
2003-09-02,0.1,1.5,11.1,10.75,4.02
2003-09-03,0.7,0.0,12.2,9.74,6.98
2003-09-04,0.1,6.3,13.3,11.95,5.95
2003-09-05,0.1,3.2,10.4,12.12,5.02
2003-09-06,0.0,0.5,14.1,16.47,5.36
2003-09-07,0.0,2.9,10.2,13.92,4.6
2003-09-08,0.0,1.3,9.5,10.91,4.08
2003-09-09,19.9,4.1,7.5,4.66,6.59
2003-09-10,18.9,4.5,9.1,4.77,6.93
2003-09-11,0.2,2.6,7.9,7.52,2.98
2003-09-12,0.0,0.5,11.1,17.41,4.74
2003-09-13,0.0,1.3,14.0,12.86,4.74
2003-09-14,4.0,6.0,16.0,15.26,4.67
2003-09-15,0.0,2.7,15.2,18.06,3.16
2003-09-16,0.3,7.8,14.8,13.54,8.16
2003-09-17,0.5,5.9,14.7,15.01,8.32
2003-09-18,1.3,4.1,15.7,16.37,9.04
2003-09-19,0.0,4.9,13.5,18.69,7.64
2003-09-20,0.0,6.6,16.1,15.69,5.76
2003-09-21,8.6,3.4,12.1,17.05,8.94
2003-09-22,0.0,1.6,14.8,17.46,5.96
2003-09-23,0.0,1.3,14.7,14.93,5.94
2003-09-24,0.2,1.5,15.0,18.3,7.27
2003-09-25,5.2,10.3,17.8,19.14,8.13
2003-09-26,2.7,10.3,16.6,18.15,10.77
2003-09-27,0.0,5.3,14.6,20.89,7.13
2003-09-28,24.0,2.4,6.4,2.45,5.91
2003-09-29,9.4,0.7,6.6,11.26,7.93
2003-09-30,0.5,-1.3,12.0,13.88,6.59
2003-10-01,4.7,1.9,9.6,10.01,8.32
2003-10-02,0.0,-0.6,14.7,21.71,7.02
2003-10-03,6.3,6.2,18.0,13.33,7.85
2003-10-04,1.0,3.2,11.0,21.98,6.93
2003-10-05,2.1,1.1,8.0,22.0,8.85
2003-10-06,0.0,-2.8,12.6,23.25,3.7
2003-10-07,0.0,0.6,15.2,23.06,3.75
2003-10-08,0.0,-0.3,15.9,24.2,5.22
2003-10-09,0.6,7.1,16.3,12.32,8.54
2003-10-10,1.2,6.3,10.9,8.99,3.01
2003-10-11,0.0,3.9,11.4,14.1,6.64
2003-10-12,13.1,7.6,11.2,4.52,3.2
2003-10-13,2.8,6.4,9.6,9.78,7.12
2003-10-14,0.0,3.8,11.4,20.86,6.58
2003-10-15,0.0,0.5,15.4,25.38,5.76
2003-10-16,0.0,4.6,18.4,24.71,3.4
2003-10-17,0.0,5.7,20.1,25.19,4.88
2003-10-18,0.0,7.9,21.0,25.32,4.43
2003-10-19,0.0,8.1,19.7,24.72,3.94
2003-10-20,0.0,8.6,20.1,25.91,3.64
2003-10-21,0.0,8.3,20.7,26.78,5.38
2003-10-22,0.0,6.8,21.6,26.02,4.62
2003-10-23,0.0,6.1,21.3,26.24,5.39
2003-10-24,0.5,7.3,10.5,7.92,6.62
2003-10-25,0.7,5.0,10.3,21.07,5.73
2003-10-26,0.9,3.7,10.4,20.03,3.37
2003-10-27,0.3,3.1,11.7,20.25,6.11
2003-10-28,2.6,8.0,14.0,10.6,6.04
2003-10-29,4.2,9.5,14.7,17.22,3.94
2003-10-30,0.2,9.8,18.0,18.19,6.57
2003-10-31,0.0,9.5,18.6,26.09,4.41
2003-11-01,0.1,6.3,19.2,26.55,5.9
2003-11-02,0.9,9.7,18.7,23.61,8.66
2003-11-03,0.6,6.3,15.2,26.42,5.6
2003-11-04,0.0,4.7,13.9,27.8,6.96
2003-11-05,0.0,4.1,20.3,29.51,4.36
2003-11-06,0.0,7.4,21.2,28.73,4.57
2003-11-07,2.1,9.1,19.0,25.94,7.8
2003-11-08,0.0,7.3,18.9,27.35,6.55
2003-11-09,0.0,8.3,16.0,22.62,6.98
2003-11-10,0.0,6.9,20.2,28.49,4.96
2003-11-11,0.0,8.6,22.3,29.31,6.8
2003-11-12,0.0,12.1,21.1,28.81,7.74
2003-11-13,7.4,6.1,11.6,17.22,5.63
2003-11-14,0.3,3.0,17.1,29.7,6.68
2003-11-15,5.9,9.3,17.9,23.59,7.21
2003-11-16,0.0,8.4,19.3,22.3,8.1
2003-11-17,15.2,5.9,14.3,14.48,7.26
2003-11-18,0.0,6.3,14.6,26.19,4.75
2003-11-19,0.0,4.2,17.9,30.58,5.72
2003-11-20,0.0,6.4,22.6,30.82,4.24
2003-11-21,0.0,11.1,22.4,26.88,6.98
2003-11-22,0.0,9.6,16.0,12.63,7.05
2003-11-23,0.0,6.0,17.5,30.02,8.35
2003-11-24,0.6,7.0,13.4,12.63,5.77
2003-11-25,0.0,6.4,14.7,20.7,5.58
2003-11-26,0.0,8.3,14.1,17.63,5.58
2003-11-27,11.8,6.0,12.2,14.94,5.06
2003-11-28,0.8,4.0,15.4,29.7,4.67
2003-11-29,0.0,2.6,19.2,30.87,5.49
2003-11-30,0.0,8.1,20.5,31.64,4.86
2003-12-01,0.0,9.6,26.3,32.53,6.02
2003-12-02,0.5,10.1,18.9,18.12,6.62
2003-12-03,0.5,9.6,14.3,16.25,5.8
2003-12-04,0.0,6.0,22.7,33.11,5.06
2003-12-05,0.0,13.1,22.9,25.99,6.14
2003-12-06,3.7,10.7,18.8,18.11,5.63
2003-12-07,0.0,8.7,21.7,32.88,5.5
2003-12-08,0.0,11.5,18.5,30.5,7.7
2003-12-09,0.1,10.4,14.0,13.45,5.19
2003-12-10,0.0,9.9,14.2,13.84,5.87
2003-12-11,0.0,7.7,23.0,32.72,4.39
2003-12-12,0.0,10.3,27.3,33.16,3.51
2003-12-13,0.2,12.3,27.6,27.13,5.63
2003-12-14,0.0,12.7,24.1,31.79,8.31
2003-12-15,0.0,10.7,22.2,32.93,7.61
2003-12-16,1.7,9.8,15.0,19.94,6.73
2003-12-17,0.0,9.0,21.2,32.71,5.73
2003-12-18,0.0,9.6,25.2,33.01,6.21
2003-12-19,0.0,11.9,16.3,17.94,7.08
2003-12-20,0.0,10.6,21.8,20.91,6.12
2003-12-21,0.0,13.1,22.8,30.48,5.81
2003-12-22,0.7,11.2,16.9,19.77,5.8
2003-12-23,2.1,11.3,26.5,25.06,7.68
2003-12-24,0.5,13.2,21.8,31.01,7.05
2003-12-25,0.1,12.7,22.2,23.28,4.9
2003-12-26,0.2,10.3,24.4,31.84,9.34
2003-12-27,0.0,10.9,24.4,32.04,7.22
2003-12-28,0.0,10.0,21.7,31.01,4.88
2003-12-29,9.9,10.1,16.8,15.21,6.32
2003-12-30,0.0,8.8,18.5,33.49,4.69
2003-12-31,0.0,6.2,24.1,33.54,5.27
2004-01-01,0.0,12.9,32.4,33.83,3.4
2004-01-02,0.0,15.0,30.9,31.75,5.91
2004-01-03,0.0,13.1,30.5,32.7,5.55
2004-01-04,0.0,16.2,27.0,31.53,6.1
2004-01-05,0.2,14.0,26.3,22.85,8.1
2004-01-06,6.9,13.7,18.0,9.3,5.55
2004-01-07,0.0,13.2,17.7,14.23,8.38
2004-01-08,2.0,15.3,28.3,20.17,8.15
2004-01-09,12.2,13.6,22.2,27.29,9.44
2004-01-10,0.0,10.6,24.3,33.86,7.0
2004-01-11,0.0,10.3,27.7,25.54,5.36
2004-01-12,0.0,14.4,22.6,24.97,4.71
2004-01-13,0.8,13.7,17.4,10.89,3.48
2004-01-14,0.0,11.1,23.0,31.42,7.91
2004-01-15,0.0,14.0,21.7,31.17,7.66
2004-01-16,0.0,10.8,24.2,31.95,4.68
2004-01-17,0.0,12.7,26.7,32.28,7.25
2004-01-18,0.0,19.6,23.1,9.75,9.01
2004-01-19,6.0,10.2,21.3,16.53,8.3
2004-01-20,0.5,9.1,13.8,20.0,7.45
2004-01-21,0.0,9.5,15.7,11.98,3.55
2004-01-22,0.0,9.7,21.4,30.01,7.03
2004-01-23,0.0,11.0,27.7,29.66,9.23
2004-01-24,0.0,12.3,20.9,28.21,7.08
2004-01-25,0.5,12.8,22.5,15.07,3.78
2004-01-26,4.8,13.1,19.0,12.13,3.14
2004-01-27,7.8,13.6,17.1,9.45,2.86
2004-01-28,0.3,14.1,20.3,16.26,5.37
2004-01-29,0.7,14.4,24.4,22.7,4.36
2004-01-30,10.2,15.7,23.1,16.03,2.94
2004-01-31,3.1,14.7,17.5,6.21,4.96
2004-02-01,11.5,14.7,18.5,6.82,7.46
2004-02-02,0.0,15.9,23.0,17.87,3.26
2004-02-03,0.1,14.4,25.2,23.96,5.42
2004-02-04,7.0,14.1,22.8,19.63,4.95
2004-02-05,1.8,11.5,15.1,17.17,6.67
2004-02-06,0.0,10.4,25.4,27.68,4.91
2004-02-07,5.7,11.4,19.2,11.2,7.19
2004-02-08,1.9,10.7,15.1,18.22,3.55
2004-02-09,0.0,10.6,21.8,29.53,5.96
2004-02-10,7.6,12.2,19.7,18.46,7.51
2004-02-11,0.0,9.5,20.9,14.77,5.06
2004-02-12,0.7,11.8,18.6,20.8,6.06
2004-02-13,0.0,10.7,20.3,19.77,5.83
2004-02-14,5.2,10.7,19.8,23.57,5.31
2004-02-15,7.2,9.9,14.3,15.0,9.4
2004-02-16,0.7,9.0,15.7,21.95,5.9
2004-02-17,3.7,9.0,15.7,16.34,5.73
2004-02-18,1.3,9.2,21.2,20.77,6.96
2004-02-19,0.2,9.3,20.0,24.87,7.4
2004-02-20,4.7,7.5,17.9,25.2,6.22
2004-02-21,1.0,10.2,22.9,21.56,10.4
2004-02-22,7.9,8.2,18.1,18.2,5.4
2004-02-23,0.0,6.7,19.5,14.16,4.69
2004-02-24,1.1,9.8,18.6,25.32,8.56
2004-02-25,0.0,7.8,16.9,24.12,8.68
2004-02-26,0.0,9.6,16.2,20.85,4.75
2004-02-27,0.2,7.7,17.0,15.49,6.54
2004-02-28,11.4,12.8,19.9,14.23,8.25
2004-02-29,0.0,13.1,16.1,8.55,6.33
2004-03-01,0.1,12.1,19.9,20.06,5.65
2004-03-02,9.6,9.6,13.3,7.11,7.43
2004-03-03,1.7,8.1,13.1,13.85,7.91
2004-03-04,0.0,7.6,18.4,22.82,3.55
2004-03-05,0.0,8.9,24.4,23.1,3.61
2004-03-06,0.0,10.3,19.7,21.25,4.68
2004-03-07,0.0,10.9,18.3,17.68,5.36
2004-03-08,0.0,11.5,22.0,15.99,3.58
2004-03-09,0.0,13.5,24.5,19.18,4.31
2004-03-10,0.8,13.1,25.3,16.49,9.24
2004-03-11,0.0,11.7,16.1,16.33,9.11
2004-03-12,0.0,9.7,14.3,9.4,4.88
2004-03-13,0.0,6.8,19.9,20.99,4.03
2004-03-14,0.0,8.8,22.3,20.38,3.48
2004-03-15,0.1,10.3,19.6,17.38,5.1
2004-03-16,0.2,10.9,23.9,19.86,4.58
2004-03-17,1.2,11.3,14.6,2.53,4.08
2004-03-18,0.0,10.6,17.6,15.45,5.46
2004-03-19,0.0,7.0,20.7,16.62,4.16
2004-03-20,0.0,10.0,23.2,19.17,5.51
2004-03-21,0.5,10.5,23.2,18.19,5.7
2004-03-22,0.0,7.7,20.9,19.99,5.46
2004-03-23,0.0,7.2,19.3,13.04,8.58
2004-03-24,1.2,6.7,13.0,14.57,4.93
2004-03-25,0.0,3.0,17.1,19.37,4.18
2004-03-26,0.0,6.3,22.2,18.11,8.02
2004-03-27,1.9,8.3,20.7,16.77,8.73
2004-03-28,1.9,6.2,15.5,16.7,8.42
2004-03-29,2.6,7.8,13.5,10.03,8.18
2004-03-30,0.0,5.1,15.9,15.4,7.62
2004-03-31,0.0,8.4,15.9,14.72,5.87
2004-04-01,0.0,7.8,20.8,17.58,6.5
2004-04-02,0.0,10.3,22.7,15.9,7.71
2004-04-03,0.0,4.9,19.2,17.4,3.94
2004-04-04,0.9,6.7,10.5,4.5,5.33
2004-04-05,3.8,2.8,16.6,15.7,4.5
2004-04-06,14.5,3.5,7.3,6.89,5.73
2004-04-07,0.3,1.1,9.2,11.12,4.7
2004-04-08,10.3,-1.7,7.7,4.07,4.1
2004-04-09,1.6,1.8,11.5,13.98,6.24
2004-04-10,0.1,0.4,15.4,14.3,6.55
2004-04-11,0.5,3.6,13.4,15.33,4.65
2004-04-12,1.3,5.3,10.1,8.45,5.73
2004-04-13,0.0,2.5,13.3,13.86,3.1
2004-04-14,0.0,2.5,16.7,14.78,3.75
2004-04-15,0.0,2.8,17.6,12.84,3.74
2004-04-16,0.6,9.7,14.3,6.09,4.92
2004-04-17,0.2,9.0,21.9,12.86,2.9
2004-04-18,0.0,9.6,14.4,5.68,4.8
2004-04-19,0.0,10.0,16.6,11.77,5.23
2004-04-20,0.0,9.4,19.9,12.85,4.75
2004-04-21,0.3,10.9,20.4,12.24,3.84
2004-04-22,0.5,10.4,12.8,3.91,1.8
2004-04-23,0.0,7.1,14.4,10.35,5.24
2004-04-24,0.0,5.6,14.3,8.29,2.05
2004-04-25,0.0,7.8,14.9,8.64,2.14
2004-04-26,0.0,6.0,14.3,9.3,3.67
2004-04-27,0.0,8.6,15.6,7.51,2.91
2004-04-28,0.0,6.3,10.3,3.59,4.92
2004-04-29,0.0,5.3,11.3,11.45,5.89
2004-04-30,1.2,8.1,15.7,7.75,3.33
2004-05-01,0.7,6.8,16.1,6.52,6.2
2004-05-02,0.0,8.4,20.8,11.15,3.55
2004-05-03,0.9,9.2,18.6,10.6,6.89
2004-05-04,3.8,4.1,15.8,10.89,7.4
2004-05-05,3.0,8.5,16.9,8.07,10.44
2004-05-06,0.7,8.8,12.3,11.04,8.23
2004-05-07,0.0,7.6,16.7,9.96,5.5
2004-05-08,0.0,4.6,16.2,10.29,2.95
2004-05-09,0.0,5.6,15.8,9.93,2.28
2004-05-10,0.0,5.1,13.0,6.71,3.04
2004-05-11,7.4,8.1,12.3,2.75,4.61
2004-05-12,12.0,11.2,14.2,3.33,4.41
2004-05-13,5.9,9.6,11.3,0.99,5.03
2004-05-14,0.1,7.5,9.7,2.3,4.12
2004-05-15,0.0,5.4,8.2,3.99,3.89
2004-05-16,0.0,1.8,9.4,8.36,2.1
2004-05-17,0.0,1.7,10.0,7.59,3.78
2004-05-18,0.0,3.0,11.0,5.46,5.16
2004-05-19,0.0,3.8,12.3,8.39,5.64
2004-05-20,0.0,4.7,14.2,8.69,4.26
2004-05-21,0.0,2.6,15.4,7.79,4.69
2004-05-22,0.5,6.1,10.6,2.7,7.0
2004-05-23,0.0,8.2,11.3,3.84,3.61
2004-05-24,3.3,4.6,9.6,2.67,4.56
2004-05-25,0.2,5.2,10.6,3.99,3.61
2004-05-26,0.0,0.3,12.2,7.97,2.8
2004-05-27,0.0,-2.1,14.2,8.34,3.91
2004-05-28,2.2,6.1,13.0,5.0,7.95
2004-05-29,0.2,6.3,14.9,7.39,6.09
2004-05-30,0.0,4.0,13.1,6.7,3.45
2004-05-31,0.4,4.1,10.9,7.19,7.42
2004-06-01,0.0,4.6,15.9,6.96,7.27
2004-06-02,0.0,7.6,15.9,7.12,6.89
2004-06-03,0.0,4.4,14.4,6.45,3.19
2004-06-04,2.1,7.3,16.6,5.52,6.59
2004-06-05,0.8,1.0,10.0,4.62,5.42
2004-06-06,1.1,1.3,9.9,7.35,8.23
2004-06-07,0.6,3.4,10.5,4.75,7.21
2004-06-08,0.0,1.0,9.1,6.04,2.75
2004-06-09,0.0,-1.0,10.4,7.06,2.25
2004-06-10,0.0,-0.3,12.1,6.12,2.91
2004-06-11,0.0,-0.3,10.2,5.9,3.14
2004-06-12,0.0,-2.0,9.6,7.09,2.62
2004-06-13,0.2,-2.1,11.6,6.89,2.33
2004-06-14,0.0,3.3,14.0,6.96,2.8
2004-06-15,0.0,4.8,14.3,4.79,5.26
2004-06-16,0.6,5.7,16.3,6.51,5.55
2004-06-17,0.2,5.7,8.6,2.4,4.46
2004-06-18,6.2,5.4,13.0,1.2,10.24
2004-06-19,0.2,8.7,13.2,2.89,8.43
2004-06-20,0.0,6.0,14.2,4.54,6.17
2004-06-21,0.8,5.2,11.6,5.62,7.65
2004-06-22,0.0,1.6,7.9,6.08,10.05
2004-06-23,0.0,-0.2,10.7,6.99,5.64
2004-06-24,0.0,-1.3,13.0,6.08,5.02
2004-06-25,0.0,2.8,11.4,6.26,2.94
2004-06-26,0.1,4.4,14.7,5.89,3.67
2004-06-27,3.7,5.2,15.0,4.24,6.79
2004-06-28,0.0,5.9,12.7,6.94,3.67
2004-06-29,0.0,2.1,14.6,5.9,3.86
2004-06-30,0.0,-1.7,9.6,5.67,9.1
2004-07-01,0.0,0.5,9.1,7.3,6.28
2004-07-02,0.1,-3.0,9.5,4.76,4.3
2004-07-03,1.4,-2.0,7.5,3.53,5.61
2004-07-04,0.0,-0.7,8.4,7.18,5.03
2004-07-05,0.2,-3.1,8.8,2.8,4.11
2004-07-06,0.0,1.3,11.5,5.54,4.96
2004-07-07,0.7,4.0,9.9,3.42,4.6
2004-07-08,0.2,-1.6,8.5,7.4,4.29
2004-07-09,0.0,-3.6,10.1,7.62,3.18
2004-07-10,0.0,-2.8,9.5,7.26,2.91
2004-07-11,0.0,-3.3,9.9,7.71,2.31
2004-07-12,0.0,-3.4,10.1,3.95,2.75
2004-07-13,0.0,0.8,9.9,7.68,4.74
2004-07-14,0.2,-1.2,11.8,7.8,6.31
2004-07-15,6.0,5.3,12.6,6.31,7.0
2004-07-16,0.7,1.7,9.5,7.05,3.76
2004-07-17,0.0,-1.1,8.0,5.99,2.78
2004-07-18,0.0,1.7,9.7,6.97,6.41
2004-07-19,0.9,2.6,6.1,2.59,3.55
2004-07-20,0.0,-0.3,7.2,5.0,1.88
2004-07-21,0.0,-1.4,10.1,8.38,2.44
2004-07-22,6.4,0.4,5.4,4.99,7.63
2004-07-23,0.0,-2.5,8.1,8.43,3.35
2004-07-24,0.0,0.8,9.7,7.94,2.83
2004-07-25,0.0,-3.5,9.4,8.61,3.08
2004-07-26,0.0,-3.0,11.5,8.69,5.73
2004-07-27,2.3,1.7,14.2,8.07,7.89
2004-07-28,7.4,0.1,9.8,6.33,6.66
2004-07-29,9.1,4.0,9.4,5.77,9.6
2004-07-30,0.0,-1.8,7.1,7.68,5.54
2004-07-31,0.0,-5.3,8.5,9.9,2.82
2004-08-01,0.0,-5.5,9.7,9.45,1.43
2004-08-02,0.0,-1.9,8.2,7.38,2.95
2004-08-03,0.0,-1.7,7.9,7.87,4.57
2004-08-04,0.9,0.7,10.4,9.9,6.3
2004-08-05,0.8,3.8,11.9,8.34,5.64
2004-08-06,50.1,7.0,8.9,0.96,6.71
2004-08-07,8.6,5.6,9.6,3.35,6.43
2004-08-08,0.6,1.1,11.5,9.94,2.56
2004-08-09,0.0,0.2,11.9,10.13,2.75
2004-08-10,0.0,0.4,11.2,11.33,5.42
2004-08-11,1.2,2.3,10.4,9.5,8.7
2004-08-12,0.0,4.8,14.5,11.04,4.84
2004-08-13,1.0,3.8,11.1,8.01,11.13
2004-08-14,3.5,2.7,11.7,5.66,6.44
2004-08-15,16.5,0.3,8.7,2.95,8.07
2004-08-16,0.0,-0.7,5.3,11.17,6.0
2004-08-17,5.0,-1.3,4.5,6.21,6.93
2004-08-18,4.5,3.5,5.5,2.49,7.1
2004-08-19,1.2,3.1,8.3,6.24,5.2
2004-08-20,0.0,-0.7,9.8,8.87,2.28
2004-08-21,0.0,2.2,10.3,8.99,3.85
2004-08-22,0.4,1.6,13.3,10.07,5.53
2004-08-23,1.1,-0.4,5.6,12.67,8.64
2004-08-24,1.3,0.3,5.2,9.3,9.15
2004-08-25,2.8,2.1,5.7,7.75,7.12
2004-08-26,1.0,-2.4,8.2,12.03,5.76
2004-08-27,5.4,2.3,5.3,7.93,8.07
2004-08-28,6.0,1.8,5.3,7.73,7.18
2004-08-29,1.6,0.1,7.1,9.17,5.87
2004-08-30,0.0,-4.0,10.0,14.94,3.26
2004-08-31,0.0,-0.5,10.2,10.91,5.48
2004-09-01,6.0,5.8,13.4,11.23,8.92
2004-09-02,2.1,4.2,11.8,11.91,8.92
2004-09-03,0.8,-0.9,7.0,11.59,8.21
2004-09-04,0.0,-4.3,12.6,16.35,4.74
2004-09-05,2.0,5.4,10.1,10.52,6.61
2004-09-06,0.0,2.8,11.6,15.18,3.1
2004-09-07,0.0,0.1,12.8,16.33,2.59
2004-09-08,0.0,0.3,14.1,15.21,2.47
2004-09-09,0.0,-0.1,15.4,16.14,4.04
2004-09-10,0.0,5.8,15.1,9.2,4.32
2004-09-11,1.0,9.4,15.5,9.1,5.55
2004-09-12,0.0,7.0,15.5,9.89,5.58
2004-09-13,1.5,6.3,15.1,9.93,4.46
2004-09-14,4.4,2.5,12.5,14.93,4.75
2004-09-15,0.0,1.6,14.3,17.89,4.47
2004-09-16,11.2,4.3,13.7,8.76,6.41
2004-09-17,0.0,0.7,13.7,16.7,5.67
2004-09-18,5.7,1.7,14.1,16.48,7.92
2004-09-19,0.5,-1.0,7.9,17.8,9.06
2004-09-20,0.0,0.1,14.8,18.41,3.49
2004-09-21,0.0,1.3,18.4,19.36,6.44
2004-09-22,1.1,3.3,12.3,18.1,8.7
2004-09-23,3.6,2.9,10.4,8.69,6.4
2004-09-24,6.8,5.2,9.3,7.65,3.91
2004-09-25,0.0,2.7,13.4,19.04,4.07
2004-09-26,0.0,2.2,16.6,20.89,4.0
2004-09-27,1.7,6.3,17.9,17.59,7.91
2004-09-28,15.4,2.4,6.2,4.9,4.6
2004-09-29,0.0,-2.4,11.2,21.88,5.38
2004-09-30,1.6,4.0,14.0,14.22,4.73
2004-10-01,11.5,4.0,10.0,8.96,4.33
2004-10-02,0.6,0.5,9.6,20.03,7.53
2004-10-03,0.0,-0.6,11.0,19.61,7.13
2004-10-04,1.0,6.2,14.3,15.8,8.03
2004-10-05,4.2,6.7,11.7,8.71,6.65
2004-10-06,2.1,3.3,12.2,16.21,6.36
2004-10-07,4.1,6.3,10.2,10.16,3.51
2004-10-08,0.0,4.8,11.9,12.82,5.3
2004-10-09,0.3,9.4,13.3,11.75,6.58
2004-10-10,1.8,6.7,11.7,11.14,5.59
2004-10-11,0.0,5.0,14.2,22.64,5.58
2004-10-12,0.8,6.2,17.6,19.76,6.04
2004-10-13,0.0,10.7,21.5,22.66,8.72
2004-10-14,0.0,10.1,19.4,19.6,6.63
2004-10-15,0.0,8.3,18.2,13.1,7.9
2004-10-16,8.6,6.3,12.2,12.11,5.0
2004-10-17,5.5,5.4,10.1,16.07,4.0
2004-10-18,0.2,4.0,10.3,18.36,2.66
2004-10-19,0.0,-0.1,14.9,25.54,4.61
2004-10-20,0.0,3.2,16.5,26.2,4.27
2004-10-21,0.0,5.4,18.5,25.24,3.06
2004-10-22,0.0,5.4,17.7,26.55,5.76
2004-10-23,0.0,5.3,19.3,21.86,2.78
2004-10-24,1.3,9.0,21.5,23.65,6.75
2004-10-25,0.0,7.1,11.3,15.35,6.23
2004-10-26,0.0,5.9,18.5,24.1,3.82
2004-10-27,0.0,7.4,17.5,22.74,4.21
2004-10-28,0.0,8.0,21.7,23.06,3.77
2004-10-29,5.5,9.2,14.9,13.28,6.94
2004-10-30,3.4,3.6,9.5,16.91,8.85
2004-10-31,0.0,1.7,19.2,28.79,4.81
2004-11-01,0.0,8.6,14.5,22.56,7.31
2004-11-02,0.0,6.3,21.6,27.27,4.9
2004-11-03,0.0,7.9,21.6,29.22,3.31
2004-11-04,0.0,6.9,20.9,25.1,6.22
2004-11-05,0.0,11.7,20.7,22.28,5.55
2004-11-06,0.0,10.2,19.2,25.65,6.58
2004-11-07,0.0,7.9,25.2,29.74,3.67
2004-11-08,0.0,10.1,23.7,29.01,4.05
2004-11-09,0.0,10.3,22.6,24.76,6.53
2004-11-10,3.4,10.3,16.2,15.71,5.28
2004-11-11,0.0,10.3,16.3,20.4,5.69
2004-11-12,0.0,8.0,19.2,19.82,4.37
2004-11-13,0.0,8.8,22.5,28.13,5.68
2004-11-14,1.5,12.8,22.1,24.51,8.55
2004-11-15,9.7,10.3,20.7,25.03,7.74
2004-11-16,1.8,8.7,17.6,27.48,5.94
2004-11-17,0.4,5.3,18.9,31.76,6.04
2004-11-18,0.4,6.7,16.8,26.48,6.54
2004-11-19,0.0,7.4,24.2,30.4,4.89
2004-11-20,0.0,12.6,24.0,26.77,9.27
2004-11-21,0.0,8.0,18.3,27.36,7.11
2004-11-22,0.0,7.9,21.6,32.88,5.12
2004-11-23,1.4,9.6,16.8,15.87,4.03
2004-11-24,9.8,7.4,10.5,14.63,9.14
2004-11-25,10.5,4.5,16.2,20.5,9.83
2004-11-26,2.3,4.7,10.3,27.22,10.35
2004-11-27,1.1,3.5,14.6,26.45,7.77
2004-11-28,0.0,7.9,18.7,29.24,6.41
2004-11-29,0.2,8.3,16.5,23.44,6.23
2004-11-30,1.7,4.9,16.5,26.39,5.02
2004-12-01,0.5,5.9,18.1,29.24,7.18
2004-12-02,1.1,10.5,21.9,29.07,10.16
2004-12-03,0.0,8.4,18.2,32.76,8.32
2004-12-04,6.1,6.3,15.7,26.79,7.41
2004-12-05,25.1,7.8,11.6,10.03,9.9
2004-12-06,0.7,7.7,15.1,28.53,9.98
2004-12-07,6.1,5.1,17.7,24.52,5.91
2004-12-08,0.0,6.5,18.6,32.78,5.79
2004-12-09,5.1,7.8,12.1,18.06,5.82
2004-12-10,10.6,7.3,15.1,21.72,7.86
2004-12-11,0.2,4.1,13.4,29.53,7.64
2004-12-12,0.5,4.9,17.4,27.77,6.22
2004-12-13,0.0,7.0,18.9,26.25,6.36
2004-12-14,0.0,8.4,12.1,14.98,5.25
2004-12-15,1.7,7.6,17.8,21.84,5.4
2004-12-16,12.1,9.9,12.0,8.54,7.08
2004-12-17,14.7,7.2,17.4,27.88,4.43
2004-12-18,13.7,5.8,10.9,18.58,8.63
2004-12-19,6.0,6.9,11.2,26.75,9.58
2004-12-20,0.8,6.9,15.0,27.19,5.74
2004-12-21,1.8,8.6,18.5,29.43,5.59
2004-12-22,3.6,6.7,15.0,23.19,3.05
2004-12-23,4.1,7.1,15.7,23.98,5.12
2004-12-24,3.2,9.2,13.3,19.13,6.17
2004-12-25,0.0,8.9,11.9,12.33,5.22
2004-12-26,0.0,8.0,20.8,29.21,7.17
2004-12-27,0.0,5.5,18.1,34.13,5.9
2004-12-28,0.0,9.1,19.7,24.7,8.34
2004-12-29,2.2,15.6,20.1,11.04,8.04
2004-12-30,1.6,13.7,20.6,17.17,6.01
2004-12-31,2.7,11.0,19.9,25.81,4.01
2005-01-01,7.0,10.9,17.3,20.65,3.57
2005-01-02,0.0,10.4,17.0,20.08,3.79
2005-01-03,0.0,9.3,19.7,24.55,5.46
2005-01-04,1.2,11.8,23.4,25.54,5.6
2005-01-05,1.2,11.5,21.6,28.39,4.18
2005-01-06,3.4,11.2,14.4,6.65,4.76
2005-01-07,2.1,10.8,22.9,28.72,4.61
2005-01-08,12.0,12.0,15.2,7.03,4.19
2005-01-09,9.6,10.9,14.6,11.53,3.1
2005-01-10,0.7,10.3,15.1,18.93,4.43
2005-01-11,0.0,10.8,18.0,23.94,3.72
2005-01-12,0.0,9.7,21.5,31.78,6.08
2005-01-13,0.0,9.2,24.0,29.74,6.07
2005-01-14,0.0,14.4,26.5,31.91,5.19
2005-01-15,0.0,14.0,27.8,32.39,4.34
2005-01-16,0.0,12.9,26.4,28.77,5.1
2005-01-17,3.7,11.0,22.4,26.05,10.7
2005-01-18,0.2,7.0,19.9,28.01,6.55
2005-01-19,0.0,10.0,16.9,25.24,3.77
2005-01-20,0.0,9.0,23.9,31.25,6.33
2005-01-21,0.0,8.6,25.1,32.7,5.38
2005-01-22,0.5,10.4,24.3,25.56,6.5
2005-01-23,0.0,14.3,21.6,24.12,4.74
2005-01-24,0.0,13.3,23.7,28.36,3.13
2005-01-25,0.0,13.0,24.3,28.95,3.82
2005-01-26,0.0,12.3,22.4,30.55,6.11
2005-01-27,0.0,13.4,26.8,30.28,5.61
2005-01-28,0.0,13.7,20.0,21.87,6.44
2005-01-29,0.0,13.2,22.0,25.16,5.37
2005-01-30,0.0,12.5,21.3,23.01,7.5
2005-01-31,0.0,15.2,24.4,17.78,3.2
2005-02-01,0.0,12.8,23.5,28.19,6.47
2005-02-02,0.0,14.9,23.5,17.78,4.19
2005-02-03,0.0,15.5,26.9,25.27,3.05
2005-02-04,0.0,17.1,24.8,20.02,3.94
2005-02-05,0.0,17.1,25.2,22.91,5.51
2005-02-06,0.0,16.8,28.3,23.65,3.94
2005-02-07,2.1,15.3,29.3,21.35,3.9
2005-02-08,0.6,16.8,23.7,23.21,4.97
2005-02-09,0.0,12.9,29.7,27.05,5.35
2005-02-10,0.0,15.1,31.9,28.17,7.55
2005-02-11,6.4,13.9,17.2,6.57,6.21
2005-02-12,0.3,11.8,19.0,15.08,5.54
2005-02-13,0.0,11.5,22.4,24.34,6.39
2005-02-14,40.2,11.0,14.7,7.99,6.95
2005-02-15,0.0,9.1,20.1,26.64,6.35
2005-02-16,2.5,12.3,21.1,10.51,4.91
2005-02-17,9.3,11.2,23.2,20.29,6.99
2005-02-18,0.0,5.7,20.9,26.73,3.91
2005-02-19,0.0,8.9,23.4,26.72,3.28
2005-02-20,0.0,12.9,25.6,24.51,7.0
2005-02-21,0.0,12.3,17.4,17.41,5.59
2005-02-22,0.0,10.2,22.0,24.84,3.69
2005-02-23,0.0,11.8,21.4,17.99,3.42
2005-02-24,0.0,11.1,24.8,20.94,3.83
2005-02-25,0.0,14.0,21.9,20.41,4.52
2005-02-26,0.0,14.4,23.9,23.11,5.86
2005-02-27,0.5,12.5,24.8,14.39,6.44
2005-02-28,3.7,9.3,14.8,15.61,7.14
2005-03-01,0.0,8.8,15.0,17.93,3.68
2005-03-02,0.0,7.5,24.8,24.14,5.23
2005-03-03,0.0,11.4,16.7,15.68,7.07
2005-03-04,0.0,9.1,22.6,24.16,4.81
2005-03-05,0.0,10.3,27.0,23.69,4.16
2005-03-06,1.1,16.6,24.8,21.66,8.93
2005-03-07,6.9,10.2,16.9,14.59,6.65
2005-03-08,0.0,7.9,20.1,19.12,8.63
2005-03-09,0.1,7.8,18.4,16.43,4.53
2005-03-10,6.6,6.4,20.7,14.64,10.39
2005-03-11,0.0,4.3,17.1,21.13,5.22
2005-03-12,0.0,6.9,21.3,20.86,6.17
2005-03-13,0.0,10.1,20.4,20.56,3.44
2005-03-14,0.0,10.1,21.9,20.24,4.12
2005-03-15,0.0,11.4,20.3,20.55,5.42
2005-03-16,0.0,9.4,20.2,14.63,5.33
2005-03-17,0.0,14.1,20.4,14.68,5.02
2005-03-18,0.4,13.5,20.3,12.88,3.5
2005-03-19,0.4,11.7,19.0,14.04,4.78
2005-03-20,0.0,10.8,20.9,18.94,6.01
2005-03-21,1.8,13.9,16.8,7.65,3.01
2005-03-22,0.1,11.9,17.5,9.88,3.88
2005-03-23,0.1,9.3,19.2,14.88,2.94
2005-03-24,0.6,12.1,19.0,10.33,4.58
2005-03-25,4.9,13.2,17.4,5.08,2.22
2005-03-26,4.4,10.3,13.6,6.26,7.02
2005-03-27,0.0,9.8,14.0,7.35,5.23
2005-03-28,0.0,5.8,19.5,18.45,3.9
2005-03-29,9.8,8.9,12.5,2.32,4.18
2005-03-30,0.6,7.8,11.5,6.83,4.12
2005-03-31,4.5,7.4,11.8,8.43,2.62
2005-04-01,0.0,5.2,17.7,17.31,5.44
2005-04-02,0.0,10.0,18.2,11.8,5.99
2005-04-03,0.0,9.6,19.6,15.48,6.23
2005-04-04,2.3,9.5,20.4,11.44,8.12
2005-04-05,0.0,6.1,17.5,16.99,3.98
2005-04-06,0.0,5.2,18.4,16.28,2.62
2005-04-07,0.0,7.4,18.4,14.76,5.91
2005-04-08,4.7,9.5,11.8,2.42,3.7
2005-04-09,13.9,9.5,13.7,7.68,4.52
2005-04-10,0.0,8.4,15.8,13.08,3.89
2005-04-11,0.0,6.9,18.5,15.76,5.76
2005-04-12,0.0,6.6,20.6,14.93,4.85
2005-04-13,0.0,9.2,12.2,7.26,6.22
2005-04-14,0.0,6.3,14.5,13.62,4.52
2005-04-15,0.0,4.8,16.0,13.64,3.1
2005-04-16,0.0,6.6,16.2,11.34,6.04
2005-04-17,0.3,7.2,16.2,10.7,4.0
2005-04-18,0.0,7.5,14.0,10.47,3.18
2005-04-19,0.2,6.1,17.5,13.09,4.53
2005-04-20,0.4,8.1,20.9,11.89,4.85
2005-04-21,4.3,6.9,14.6,12.91,5.08
2005-04-22,0.0,4.9,16.9,13.19,4.61
2005-04-23,7.4,6.9,17.6,9.67,5.38
2005-04-24,11.1,3.7,6.6,8.23,12.31
2005-04-25,1.8,1.5,9.4,7.19,6.97
2005-04-26,0.7,-0.3,13.3,7.28,2.34
2005-04-27,0.1,6.0,14.8,10.97,3.04
2005-04-28,1.0,2.9,11.6,10.47,4.98
2005-04-29,0.0,2.2,16.6,11.75,5.6
2005-04-30,0.7,8.7,17.2,9.01,6.44
2005-05-01,0.0,1.7,15.9,11.95,4.89
2005-05-02,6.2,6.2,15.0,5.79,6.45
2005-05-03,2.4,6.3,10.1,2.27,5.37
2005-05-04,0.0,1.1,13.2,10.77,2.37
2005-05-05,0.0,3.6,15.7,9.73,5.03
2005-05-06,0.0,4.6,18.2,10.38,3.04
2005-05-07,0.4,7.4,17.8,9.67,2.91
2005-05-08,7.0,3.0,9.9,5.42,9.13
2005-05-09,0.0,-1.7,12.4,10.33,3.0
2005-05-10,0.0,3.3,15.9,8.9,3.94
2005-05-11,0.0,5.4,17.8,9.3,3.33
2005-05-12,0.0,7.7,17.5,8.0,5.74
2005-05-13,0.0,3.1,13.5,9.7,2.55
2005-05-14,0.0,4.5,17.5,9.01,5.2
2005-05-15,0.0,3.5,12.3,8.47,3.35
2005-05-16,1.7,5.1,7.8,2.39,2.92
2005-05-17,0.0,5.0,8.2,3.24,3.59
2005-05-18,0.0,6.0,10.8,2.25,4.43
2005-05-19,0.0,8.8,15.6,6.52,3.19
2005-05-20,0.4,8.9,10.6,3.15,4.26
2005-05-21,14.9,5.4,11.7,5.36,3.92
2005-05-22,0.2,5.0,10.3,3.09,2.38
2005-05-23,3.5,6.1,14.1,7.73,2.5
2005-05-24,0.0,4.4,13.5,7.67,5.81
2005-05-25,0.0,2.6,14.1,8.45,2.3
2005-05-26,0.0,3.4,15.6,7.31,2.77
2005-05-27,0.0,6.7,16.2,7.02,5.92
2005-05-28,1.9,5.9,11.0,6.01,5.66
2005-05-29,11.2,3.9,12.0,7.53,6.33
2005-05-30,0.0,-0.5,7.6,7.06,7.43
2005-05-31,1.0,0.1,10.9,7.67,6.36
2005-06-01,6.5,2.5,11.1,7.46,5.97
2005-06-02,1.4,0.6,9.4,7.31,4.8
2005-06-03,0.0,0.9,6.9,7.54,9.35
2005-06-04,1.5,1.1,7.1,1.09,4.88
2005-06-05,0.0,3.6,10.4,4.46,2.4
2005-06-06,1.5,0.3,7.2,6.41,8.17
2005-06-07,0.4,-4.4,8.4,6.31,6.49
2005-06-08,0.5,-0.9,7.0,5.74,5.74
2005-06-09,2.3,-2.9,8.3,6.72,2.42
2005-06-10,0.5,1.5,10.6,5.95,2.27
2005-06-11,0.3,6.2,9.2,2.44,1.93
2005-06-12,0.1,4.6,9.8,3.0,2.22
2005-06-13,0.0,3.4,8.6,3.75,1.7
2005-06-14,0.0,5.5,9.4,3.51,1.9
2005-06-15,0.0,4.1,7.7,3.45,2.2
2005-06-16,0.0,3.3,9.2,5.18,6.52
2005-06-17,0.0,1.0,12.1,5.9,4.81
2005-06-18,0.9,4.7,14.3,3.98,4.95
2005-06-19,0.0,4.2,13.2,6.84,3.73
2005-06-20,0.0,1.1,10.8,6.27,5.38
2005-06-21,2.0,7.9,15.2,6.48,7.43
2005-06-22,0.2,4.3,11.2,5.31,3.4
2005-06-23,0.0,1.0,8.9,6.07,2.53
2005-06-24,0.0,-2.0,7.4,6.54,4.58
2005-06-25,1.3,-4.6,7.9,5.48,7.18
2005-06-26,0.0,1.6,7.8,6.24,7.12
2005-06-27,0.0,-2.3,10.2,7.38,3.0
2005-06-28,0.0,0.4,12.2,7.08,4.76
2005-06-29,0.2,2.8,13.9,6.87,4.6
2005-06-30,0.4,1.9,10.2,7.16,5.84
2005-07-01,0.0,1.0,12.8,6.7,5.53
2005-07-02,0.0,1.1,10.4,7.13,5.0
2005-07-03,0.0,3.9,11.7,2.06,5.59
2005-07-04,0.3,7.1,12.1,4.03,2.4
2005-07-05,0.0,6.9,10.7,2.79,3.58
2005-07-06,0.0,4.7,11.0,4.09,2.86
2005-07-07,0.0,3.7,12.9,6.59,2.62
2005-07-08,0.0,5.1,14.2,4.23,4.17
2005-07-09,1.0,2.1,9.7,6.79,4.92
2005-07-10,0.3,0.0,8.8,7.02,2.62
2005-07-11,0.0,-2.4,9.6,7.89,2.98
2005-07-12,0.0,-0.5,10.5,7.48,5.44
2005-07-13,0.0,-1.7,12.8,7.11,6.97
2005-07-14,7.3,3.9,7.5,1.75,3.41
2005-07-15,4.7,1.9,8.2,6.85,3.3
2005-07-16,0.0,2.0,6.9,5.49,4.0
2005-07-17,0.1,1.6,9.1,5.07,7.12
2005-07-18,0.4,7.6,9.7,2.46,9.89
2005-07-19,3.3,7.7,10.0,2.18,7.92
2005-07-20,4.0,5.5,9.3,3.17,3.89
2005-07-21,0.5,4.6,7.9,6.36,7.2
2005-07-22,0.0,-2.2,11.3,8.5,2.48
2005-07-23,0.0,1.0,13.9,8.25,6.17
2005-07-24,0.0,3.8,14.4,8.46,3.09
2005-07-25,0.6,2.6,15.1,8.38,5.02
2005-07-26,2.2,6.5,15.2,7.38,4.5
2005-07-27,0.3,6.4,14.4,4.98,6.09
2005-07-28,3.4,5.9,8.7,2.29,5.31
2005-07-29,0.0,0.7,8.9,7.11,1.93
2005-07-30,0.0,-2.3,10.3,9.14,3.16
2005-07-31,0.0,-0.1,12.3,8.07,2.83
2005-08-01,0.0,2.6,10.7,7.79,4.4
2005-08-02,0.0,2.5,11.6,9.33,2.47
2005-08-03,0.0,-1.2,13.6,10.01,3.04
2005-08-04,0.0,-0.4,12.6,10.3,2.77
2005-08-05,0.0,0.3,11.6,9.98,3.42
2005-08-06,0.0,-0.1,11.7,10.45,5.37
2005-08-07,0.4,2.3,11.8,7.64,5.16
2005-08-08,0.2,6.4,11.5,3.74,3.33
2005-08-09,3.3,5.3,8.4,4.04,7.0
2005-08-10,0.0,0.3,10.6,10.68,4.55
2005-08-11,0.0,-1.5,14.8,10.76,5.34
2005-08-12,1.4,6.6,14.1,10.73,6.29
2005-08-13,0.0,3.0,12.6,9.51,5.62
2005-08-14,2.8,-0.4,11.4,10.5,5.78
2005-08-15,0.0,-1.0,12.6,11.94,2.89
2005-08-16,0.0,2.3,14.6,8.72,3.94
2005-08-17,0.8,5.8,15.1,9.53,3.77
2005-08-18,0.0,4.1,12.7,9.59,4.02
2005-08-19,0.0,2.3,15.8,12.13,3.4
2005-08-20,0.0,4.2,16.5,11.0,2.94
2005-08-21,0.0,4.1,16.8,11.96,2.51
2005-08-22,1.0,4.7,15.0,7.78,5.6
2005-08-23,0.0,6.3,18.2,11.66,5.6
2005-08-24,0.4,5.2,15.0,12.44,5.47
2005-08-25,0.3,2.6,9.5,4.0,3.24
2005-08-26,0.0,3.5,15.3,13.83,7.78
2005-08-27,3.5,2.5,7.8,10.49,8.98
2005-08-28,0.0,-0.3,15.1,13.19,2.33
2005-08-29,0.0,2.1,17.1,14.1,3.38
2005-08-30,0.0,4.5,18.7,14.39,2.61
2005-08-31,0.0,4.4,19.8,14.68,3.05
2005-09-01,0.0,3.9,17.0,14.66,4.81
2005-09-02,2.8,6.7,17.3,12.9,4.53
2005-09-03,1.5,8.0,11.7,8.1,7.48
2005-09-04,0.1,7.3,16.1,7.19,6.95
2005-09-05,0.0,9.8,15.6,6.38,6.0
2005-09-06,1.6,9.3,16.4,10.74,6.65
2005-09-07,0.3,10.0,16.4,2.82,5.1
2005-09-08,0.0,8.7,12.9,7.4,3.89
2005-09-09,0.0,8.4,12.0,7.73,3.18
2005-09-10,0.0,5.7,15.8,16.32,2.63
2005-09-11,0.0,3.1,16.3,16.11,3.61
2005-09-12,0.0,2.3,17.3,17.08,3.28
2005-09-13,0.0,6.1,13.4,14.25,5.08
2005-09-14,0.0,9.8,15.7,12.32,5.28
2005-09-15,9.1,8.4,16.7,11.38,4.14
2005-09-16,0.0,3.3,15.7,17.14,4.81
2005-09-17,0.4,5.7,15.7,17.97,5.67
2005-09-18,0.6,3.9,8.3,5.28,3.82
2005-09-19,15.6,1.2,4.5,6.38,10.12
2005-09-20,0.5,0.1,7.5,18.04,9.06
2005-09-21,0.0,-4.3,13.0,20.15,3.04
2005-09-22,0.0,2.6,10.4,11.2,3.16
2005-09-23,0.0,0.3,11.4,13.47,5.15
2005-09-24,0.0,1.0,15.4,20.08,4.96
2005-09-25,2.3,5.1,15.1,10.89,5.02
2005-09-26,0.0,7.1,13.0,13.71,5.22
2005-09-27,0.0,3.2,15.4,14.19,4.04
2005-09-28,2.0,3.9,11.3,16.19,7.38
2005-09-29,0.0,1.4,12.8,19.79,5.22
2005-09-30,1.7,2.6,17.6,17.91,6.56
2005-10-01,1.0,7.2,18.3,15.62,5.81
2005-10-02,0.6,9.0,12.0,7.56,4.05
2005-10-03,0.3,7.2,13.3,12.89,5.41
2005-10-04,0.7,6.2,18.6,18.8,5.33
2005-10-05,10.7,6.2,10.2,11.51,11.45
2005-10-06,3.6,2.8,14.4,21.56,8.35
2005-10-07,2.9,2.0,14.7,17.92,5.03
2005-10-08,8.9,3.2,10.3,13.17,9.69
2005-10-09,0.0,0.3,13.2,20.7,3.93
2005-10-10,13.4,6.0,8.6,3.72,6.66
2005-10-11,0.6,5.8,10.7,11.42,3.83
2005-10-12,0.0,3.3,17.6,22.49,3.61
2005-10-13,0.1,7.2,12.8,15.06,5.0
2005-10-14,0.0,4.3,14.3,22.68,7.0
2005-10-15,0.0,3.8,16.2,17.91,5.42
2005-10-16,0.0,5.8,14.0,19.61,5.87
2005-10-17,0.0,3.0,16.5,24.68,3.61
2005-10-18,0.0,8.0,13.9,19.45,4.57
2005-10-19,3.6,6.9,12.7,16.74,6.18
2005-10-20,0.9,5.8,14.5,19.07,3.62
2005-10-21,0.0,6.9,11.2,12.96,4.61
2005-10-22,0.0,5.7,12.6,18.86,2.89
2005-10-23,0.0,2.0,14.4,22.04,3.3
2005-10-24,0.0,4.6,16.5,25.19,3.41
2005-10-25,0.0,5.5,17.6,24.87,4.92
2005-10-26,0.0,5.5,22.3,27.02,4.88
2005-10-27,0.0,8.9,21.6,26.6,5.52
2005-10-28,0.0,7.5,20.9,25.96,5.66
2005-10-29,3.7,9.7,15.7,10.19,2.98
2005-10-30,3.2,9.6,13.2,7.58,4.5
2005-10-31,0.0,7.7,18.3,25.79,3.89
2005-11-01,0.7,7.7,22.4,26.77,7.27
2005-11-02,0.0,9.0,17.9,23.64,5.33
2005-11-03,0.0,10.0,19.9,13.04,6.99
2005-11-04,0.3,9.9,23.5,17.05,5.05
2005-11-05,0.4,12.8,22.9,25.88,5.82
2005-11-06,0.3,9.5,13.1,12.66,5.26
2005-11-07,0.0,7.8,18.9,27.11,2.21
2005-11-08,0.0,8.0,15.8,20.13,6.31
2005-11-09,0.0,9.0,23.7,28.46,4.49
2005-11-10,0.0,9.7,24.7,30.27,5.56
2005-11-11,0.0,11.9,24.8,30.18,6.01
2005-11-12,0.4,10.3,21.5,17.18,8.3
2005-11-13,10.3,6.2,14.9,20.85,3.76
2005-11-14,2.9,6.5,12.0,13.78,3.51
2005-11-15,0.0,3.1,17.8,27.13,6.85
2005-11-16,3.4,7.8,16.5,16.0,6.12
2005-11-17,1.0,7.0,11.3,10.72,4.08
2005-11-18,0.0,4.8,18.6,28.42,6.49
2005-11-19,0.0,8.2,22.1,29.2,5.55
2005-11-20,0.0,9.5,21.7,30.37,6.51
2005-11-21,9.5,7.2,17.1,25.01,9.79
2005-11-22,1.2,6.1,12.4,25.8,8.04
2005-11-23,1.0,6.2,15.8,25.08,4.57
2005-11-24,0.6,7.0,12.4,25.77,8.1
2005-11-25,0.4,5.9,12.7,23.11,4.22
2005-11-26,0.0,4.2,13.6,25.02,3.1
2005-11-27,0.0,1.8,14.7,27.74,5.38
2005-11-28,0.0,3.8,15.0,28.06,5.33
2005-11-29,0.0,5.9,19.5,33.36,4.48
2005-11-30,0.0,10.0,14.5,14.62,3.26
2005-12-01,0.0,9.0,17.5,22.49,4.2
2005-12-02,0.0,8.9,18.9,22.9,5.83
2005-12-03,1.4,11.6,20.5,19.93,6.0
2005-12-04,0.0,12.9,24.9,30.68,7.24
2005-12-05,0.2,14.8,25.5,27.17,4.62
2005-12-06,2.3,13.4,19.5,19.72,3.61
2005-12-07,0.3,13.7,21.6,22.55,7.29
2005-12-08,0.0,12.7,26.9,28.45,5.4
2005-12-09,1.5,14.5,22.1,21.8,4.04
2005-12-10,1.4,13.4,18.7,18.96,4.2
2005-12-11,0.2,13.5,18.4,18.32,5.12
2005-12-12,1.8,13.3,17.3,11.91,3.32
2005-12-13,0.2,13.2,18.0,12.08,4.83
2005-12-14,0.7,14.8,19.5,15.81,7.88
2005-12-15,1.0,14.1,25.2,27.08,5.02
2005-12-16,0.0,12.8,24.4,28.88,3.98
2005-12-17,0.0,14.3,21.3,21.52,4.34
2005-12-18,0.0,13.9,20.1,17.85,3.14
2005-12-19,1.3,11.3,22.0,25.38,6.62
2005-12-20,2.2,13.8,22.3,25.57,7.85
2005-12-21,0.6,11.8,23.1,24.79,4.51
2005-12-22,5.4,12.0,24.1,27.66,4.28
2005-12-23,23.3,12.0,16.0,13.32,10.1
2005-12-24,0.0,11.1,19.4,25.12,7.46
2005-12-25,0.5,11.4,23.9,27.01,6.94
2005-12-26,0.3,11.3,22.2,31.35,6.16
2005-12-27,0.0,11.3,18.1,23.48,5.24
2005-12-28,0.0,11.2,20.1,31.02,5.66
2005-12-29,0.0,10.3,24.9,29.48,4.03
2005-12-30,0.6,12.8,24.6,19.24,4.48
2005-12-31,0.0,12.7,20.7,25.53,7.25
2006-01-01,1.6,9.4,20.6,24.35,6.89
2006-01-02,3.7,11.9,23.3,30.45,10.51
2006-01-03,2.1,10.1,19.7,28.37,7.36
2006-01-04,4.5,9.3,15.6,24.38,6.99
2006-01-05,2.2,7.3,19.1,31.24,5.01
2006-01-06,1.6,7.0,18.0,31.44,7.02
2006-01-07,0.0,8.8,22.6,30.55,6.52
2006-01-08,0.0,12.1,22.5,29.72,10.81
2006-01-09,0.0,11.8,18.1,20.04,6.0
2006-01-10,0.2,12.1,22.0,28.09,5.46
2006-01-11,0.0,10.8,26.5,26.65,8.3
2006-01-12,21.1,11.1,19.5,9.73,8.2
2006-01-13,0.0,11.1,25.5,29.9,7.3
2006-01-14,0.1,11.8,19.6,26.27,9.27
2006-01-15,5.7,10.2,21.3,27.62,6.37
2006-01-16,0.0,6.6,20.6,30.19,5.72
2006-01-17,0.0,8.6,24.6,32.54,8.5
2006-01-18,1.7,9.9,19.9,15.17,7.13
2006-01-19,0.4,9.2,17.1,26.22,3.03
2006-01-20,0.0,8.3,18.6,25.18,6.66
2006-01-21,0.0,8.1,24.0,28.71,3.92
2006-01-22,0.0,10.8,24.3,29.45,4.05
2006-01-23,0.0,12.2,26.5,31.49,6.45
2006-01-24,0.4,13.2,28.2,21.33,7.57
2006-01-25,3.7,14.2,19.4,15.13,7.71
2006-01-26,0.0,12.4,21.2,27.8,5.61
2006-01-27,0.0,11.3,23.4,29.43,6.88
2006-01-28,0.0,11.6,26.5,28.97,2.69
2006-01-29,0.0,14.2,25.8,29.6,5.85
2006-01-30,0.0,14.8,31.9,29.65,4.72
2006-01-31,0.0,13.4,26.0,22.26,7.65
2006-02-01,0.0,14.0,19.2,18.9,4.9
2006-02-02,0.0,13.9,22.4,26.16,8.23
2006-02-03,4.2,11.7,18.8,13.01,6.38
2006-02-04,0.0,9.4,20.9,22.74,4.65
2006-02-05,6.5,10.7,13.4,5.9,5.33
2006-02-06,0.0,9.6,16.5,21.3,6.13
2006-02-07,0.0,10.0,23.9,28.91,6.64
2006-02-08,30.6,14.3,16.1,7.35,5.15
2006-02-09,11.0,14.4,18.1,12.0,6.45
2006-02-10,0.0,13.0,21.0,19.33,8.2
2006-02-11,0.0,14.2,24.0,25.89,5.15
2006-02-12,0.2,14.9,24.6,26.68,5.03
2006-02-13,0.0,13.6,19.0,20.66,6.85
2006-02-14,0.0,9.0,23.8,19.07,4.83
2006-02-15,0.6,12.5,16.9,14.21,6.58
2006-02-16,0.0,8.8,22.8,27.06,4.55
2006-02-17,0.0,10.6,20.6,21.69,4.97
2006-02-18,0.0,11.7,21.2,25.84,7.65
2006-02-19,0.0,14.1,24.8,24.74,5.15
2006-02-20,0.0,10.7,26.6,27.02,3.3
2006-02-21,0.6,14.5,27.4,23.25,5.1
2006-02-22,0.5,11.3,23.0,17.5,7.79
2006-02-23,5.3,8.9,15.1,21.64,7.92
2006-02-24,0.0,5.4,21.8,25.34,4.47
2006-02-25,0.0,11.4,22.0,24.34,5.76
2006-02-26,0.0,12.3,24.9,25.6,4.6
2006-02-27,0.0,12.6,26.3,25.54,6.54
2006-02-28,3.4,10.0,16.3,21.21,9.88
2006-03-01,4.2,9.7,21.5,22.74,8.41
2006-03-02,2.4,5.9,16.6,16.27,5.85
2006-03-03,2.8,7.8,13.3,20.51,13.1
2006-03-04,4.0,7.3,12.8,15.93,9.03
2006-03-05,1.5,4.7,21.4,23.18,5.37
2006-03-06,0.0,8.1,20.9,22.99,8.36
2006-03-07,7.2,12.9,18.2,15.87,7.12
2006-03-08,0.9,8.1,18.9,19.94,6.3
2006-03-09,0.3,5.7,14.7,22.21,5.23
2006-03-10,0.0,4.0,19.1,15.87,6.37
2006-03-11,0.0,7.0,19.6,20.57,6.21
2006-03-12,0.4,8.6,14.7,18.1,5.63
2006-03-13,0.0,7.0,17.4,21.91,6.94
2006-03-14,0.0,7.0,24.5,21.92,4.39
2006-03-15,1.2,10.4,16.0,10.18,4.4
2006-03-16,0.0,9.1,16.9,12.48,3.55
2006-03-17,0.0,10.9,14.6,7.37,4.44
2006-03-18,0.0,10.7,23.4,17.95,6.52
2006-03-19,0.2,11.0,15.8,7.2,3.55
2006-03-20,0.1,11.3,22.9,18.97,6.01
2006-03-21,8.1,11.0,14.7,7.02,7.7
2006-03-22,0.0,9.7,16.5,15.35,4.72
2006-03-23,0.0,8.3,17.7,18.05,5.95
2006-03-24,1.5,9.8,13.5,8.06,5.15
2006-03-25,0.0,7.8,11.7,9.67,3.51
2006-03-26,0.0,5.6,13.3,11.2,6.75
2006-03-27,1.1,10.7,15.2,5.89,4.96
2006-03-28,0.0,10.5,13.6,9.28,7.77
2006-03-29,0.0,9.3,11.3,6.93,3.45
2006-03-30,0.0,6.6,14.9,17.76,5.72
2006-03-31,0.0,7.3,15.4,12.21,5.15
2006-04-01,0.0,6.1,19.5,16.98,4.73
2006-04-02,0.0,12.3,21.5,12.07,6.66
2006-04-03,0.0,13.8,20.8,14.94,5.41
2006-04-04,5.3,11.9,17.2,9.99,6.07
2006-04-05,0.6,8.5,19.0,13.42,4.71
2006-04-06,0.0,9.5,18.2,14.21,3.98
2006-04-07,3.2,11.1,19.8,12.1,7.07
2006-04-08,0.2,11.1,17.3,14.42,6.31
2006-04-09,0.0,9.2,16.4,13.04,5.37
2006-04-10,0.0,6.5,17.7,14.58,5.38
2006-04-11,0.9,8.3,13.8,12.85,7.14
2006-04-12,0.3,6.8,12.9,11.49,4.92
2006-04-13,0.3,5.2,17.6,13.64,3.4
2006-04-14,0.0,4.9,16.9,14.14,5.44
2006-04-15,0.0,7.0,18.3,12.11,3.55
2006-04-16,0.0,4.8,21.0,13.06,2.82
2006-04-17,3.0,12.0,22.1,11.94,4.28
2006-04-18,0.0,9.7,20.2,12.6,3.36
2006-04-19,0.0,8.5,19.6,13.69,2.92
2006-04-20,0.0,6.9,19.6,13.52,5.81
2006-04-21,0.0,5.7,22.0,12.58,5.69
2006-04-22,0.0,10.0,22.7,12.5,6.34
2006-04-23,0.3,13.4,21.6,8.8,8.27
2006-04-24,20.3,10.4,13.3,1.86,2.76
2006-04-25,29.1,10.1,11.6,0.76,8.04
2006-04-26,6.2,7.5,13.2,6.7,7.75
2006-04-27,0.0,7.5,14.4,8.12,2.09
2006-04-28,3.9,7.6,13.7,5.71,3.35
2006-04-29,1.7,8.7,12.3,2.26,3.9
2006-04-30,0.5,7.5,13.3,6.87,2.82
2006-05-01,0.0,4.5,12.8,7.57,2.82
2006-05-02,0.3,8.8,10.9,2.85,2.37
2006-05-03,0.0,5.8,12.9,7.46,3.31
2006-05-04,0.0,2.4,14.4,9.59,6.38
2006-05-05,0.1,7.2,12.1,3.63,5.78
2006-05-06,0.0,4.8,13.2,9.57,3.01
2006-05-07,0.0,5.6,11.5,5.01,3.76
2006-05-08,0.0,5.3,12.5,9.33,6.4
2006-05-09,0.0,6.3,12.7,10.18,7.41
2006-05-10,0.0,4.0,15.1,9.54,2.51
2006-05-11,3.2,4.3,13.6,6.08,4.85
2006-05-12,36.1,5.1,9.1,1.58,11.54
2006-05-13,0.0,-1.9,12.2,9.71,3.26
2006-05-14,13.4,4.5,10.3,1.54,8.2
2006-05-15,1.9,2.8,7.7,7.18,9.08
2006-05-16,0.0,-1.2,10.8,3.39,3.04
2006-05-17,0.0,0.4,13.4,7.36,2.71
2006-05-18,0.0,2.4,14.1,8.65,2.97
2006-05-19,0.0,5.5,11.0,6.57,3.47
2006-05-20,0.0,3.0,13.2,8.29,3.12
2006-05-21,0.0,2.5,15.0,7.43,4.39
2006-05-22,8.8,7.6,10.1,1.47,2.91
2006-05-23,0.0,7.4,9.1,1.39,2.84
2006-05-24,7.5,6.3,9.8,1.87,2.43
2006-05-25,0.0,2.1,10.9,6.36,5.5
2006-05-26,2.0,10.1,14.9,3.29,5.58
2006-05-27,5.8,9.5,16.8,4.48,5.34
2006-05-28,0.8,6.7,13.8,6.76,3.26
2006-05-29,8.1,6.9,9.7,2.27,5.83
2006-05-30,0.0,5.3,9.8,5.0,3.76
2006-05-31,0.1,2.5,9.7,5.06,2.91
2006-06-01,0.0,-0.8,9.7,6.91,2.48
2006-06-02,0.0,1.4,10.5,6.52,3.4
2006-06-03,0.4,2.1,11.4,4.79,5.02
2006-06-04,8.7,3.8,10.9,1.16,10.02
2006-06-05,0.9,1.0,6.6,6.83,8.85
2006-06-06,0.0,0.9,13.1,6.88,2.77
2006-06-07,0.0,0.2,12.1,7.02,3.09
2006-06-08,0.0,0.3,11.8,7.06,2.53
2006-06-09,0.0,2.6,12.5,7.25,3.61
2006-06-10,0.0,2.4,12.7,7.28,3.98
2006-06-11,12.9,2.5,12.8,5.0,6.32
2006-06-12,54.8,-1.1,9.6,1.66,8.1
2006-06-13,0.9,-6.9,3.1,7.46,7.84
2006-06-14,0.0,-7.5,3.2,7.6,3.64
2006-06-15,0.0,-0.8,3.6,7.38,4.32
2006-06-16,2.9,1.4,8.4,5.99,7.7
2006-06-17,0.0,-5.4,5.8,7.11,2.97
2006-06-18,6.4,-5.4,3.7,3.09,5.3
2006-06-19,7.0,-0.2,4.5,4.46,4.83
2006-06-20,0.0,-5.9,5.3,7.34,2.33
2006-06-21,8.1,-0.8,5.4,2.01,5.66
2006-06-22,4.9,1.4,4.5,4.02,6.36
2006-06-23,8.6,3.5,5.9,2.03,5.86
2006-06-24,0.0,-3.0,6.2,4.16,3.2
2006-06-25,0.0,-6.2,6.4,6.92,2.55
2006-06-26,0.0,-5.2,6.4,6.53,1.66
2006-06-27,0.0,-4.4,6.6,4.27,4.06
2006-06-28,0.0,-5.1,7.4,7.26,2.69
2006-06-29,1.0,-5.0,7.3,5.61,4.44
2006-06-30,0.0,-3.2,7.1,6.38,3.4
2006-07-01,0.0,-3.8,7.4,6.7,2.42
2006-07-02,0.0,-3.1,9.1,6.32,2.44
2006-07-03,0.0,0.1,9.8,6.63,3.05
2006-07-04,14.1,2.7,6.4,1.53,8.34
2006-07-05,1.0,1.0,5.1,3.79,4.12
2006-07-06,0.0,-0.3,6.1,1.95,2.37
2006-07-07,0.0,-0.2,7.6,5.49,2.9
2006-07-08,0.0,1.8,10.6,7.43,5.69
2006-07-09,0.0,1.1,11.1,7.07,3.86
2006-07-10,0.0,0.9,12.8,6.58,2.97
2006-07-11,0.0,2.9,12.7,5.22,3.73
2006-07-12,0.1,4.8,12.4,3.68,6.94
2006-07-13,0.0,2.0,11.1,7.11,4.49
2006-07-14,0.8,1.6,8.5,4.08,5.66
2006-07-15,0.0,3.0,7.3,2.63,3.0
2006-07-16,0.0,1.4,11.3,7.57,2.2
2006-07-17,0.0,0.2,8.9,7.29,2.25
2006-07-18,0.0,-0.1,8.0,5.41,2.24
2006-07-19,18.1,2.3,6.2,0.91,4.61
2006-07-20,6.9,2.3,6.5,2.77,6.8
2006-07-21,2.5,1.4,5.0,6.7,8.74
2006-07-22,0.0,0.2,10.5,8.22,5.39
2006-07-23,0.0,0.2,11.4,8.55,4.66
2006-07-24,0.0,-0.3,10.1,8.49,3.72
2006-07-25,0.0,0.5,9.3,6.94,3.01
2006-07-26,0.0,-1.7,9.2,6.36,3.41
2006-07-27,0.0,-4.3,8.8,5.33,4.64
2006-07-28,0.0,-0.6,9.8,9.21,2.44
2006-07-29,0.0,0.1,11.0,8.49,2.26
2006-07-30,1.0,0.6,11.9,3.46,6.16
2006-07-31,0.0,6.1,13.8,7.84,4.24
2006-08-01,0.0,1.4,12.8,9.45,2.75
2006-08-02,2.6,1.6,8.1,2.56,2.06
2006-08-03,0.8,2.6,9.9,5.73,3.33
2006-08-04,0.0,2.6,9.8,5.85,1.97
2006-08-05,0.0,1.9,9.7,6.57,2.15
2006-08-06,1.3,1.0,8.3,2.93,3.94
2006-08-07,7.0,5.4,7.6,1.64,9.44
2006-08-08,17.5,3.6,5.3,1.76,9.42
2006-08-09,0.3,0.2,6.1,6.87,6.47
2006-08-10,0.0,-4.5,7.7,10.86,2.6
2006-08-11,0.0,-1.7,7.2,2.57,4.17
2006-08-12,2.2,-1.8,12.6,10.08,5.82
2006-08-13,0.2,-2.9,10.1,11.68,5.39
2006-08-14,12.1,2.2,6.4,5.52,7.74
2006-08-15,0.9,-0.5,7.3,9.75,5.17
2006-08-16,0.0,-3.7,11.2,12.1,2.28
2006-08-17,0.0,-0.1,13.7,11.98,2.64
2006-08-18,0.0,2.4,13.8,7.69,5.33
2006-08-19,0.2,6.7,15.6,11.95,5.34
2006-08-20,0.0,4.5,13.4,12.56,6.1
2006-08-21,8.7,0.5,9.5,6.62,7.57
2006-08-22,2.7,0.5,7.0,11.98,9.41
2006-08-23,0.0,-2.8,7.9,12.23,4.74
2006-08-24,0.9,-3.9,11.0,12.73,4.42
2006-08-25,0.0,0.5,13.4,13.76,4.85
2006-08-26,0.0,1.4,10.4,10.05,6.67
2006-08-27,0.6,3.4,9.0,6.87,3.55
2006-08-28,0.0,-0.4,13.3,14.17,5.52
2006-08-29,0.0,4.8,14.9,13.86,3.76
2006-08-30,0.0,6.3,14.8,13.08,3.33
2006-08-31,0.0,5.0,14.8,12.1,8.58
2006-09-01,0.0,4.6,16.6,13.9,5.36
2006-09-02,0.0,8.6,16.4,10.48,7.74
2006-09-03,0.0,4.5,16.8,15.01,5.52
2006-09-04,0.0,5.2,17.5,14.64,5.23
2006-09-05,1.0,8.6,15.9,11.62,5.35
2006-09-06,0.5,5.5,13.5,12.34,3.05
2006-09-07,0.0,6.2,14.6,14.18,3.98
2006-09-08,2.6,4.1,12.7,14.08,3.09
2006-09-09,0.4,3.9,12.0,12.2,6.84
2006-09-10,0.0,-0.8,11.3,16.11,2.55
2006-09-11,0.3,0.4,10.6,12.88,4.54
2006-09-12,1.0,0.0,14.9,17.01,3.52
2006-09-13,1.5,2.4,8.7,8.91,4.85
2006-09-14,0.0,1.4,16.5,17.26,2.73
2006-09-15,0.0,4.0,17.4,16.92,4.68
2006-09-16,0.0,4.5,16.0,15.51,7.67
2006-09-17,1.1,1.7,12.8,18.09,3.89
2006-09-18,0.0,0.6,14.1,19.7,4.82
2006-09-19,0.2,1.4,16.1,11.83,5.64
2006-09-20,0.2,5.3,16.4,17.58,4.61
2006-09-21,0.3,10.7,17.3,16.63,5.16
2006-09-22,0.0,7.4,18.7,18.1,3.67
2006-09-23,0.0,4.6,18.4,17.15,5.46
2006-09-24,0.6,9.1,18.9,11.72,6.76
2006-09-25,0.0,8.9,20.8,17.74,6.33
2006-09-26,1.1,8.0,11.2,6.21,5.9
2006-09-27,0.0,6.1,11.5,10.52,6.38
2006-09-28,1.2,6.2,12.0,12.98,5.69
2006-09-29,0.0,2.1,14.6,20.93,5.51
2006-09-30,0.0,2.6,18.8,20.42,4.14
2006-10-01,0.2,6.9,13.6,13.64,5.32
2006-10-02,0.0,7.6,11.6,8.44,2.12
2006-10-03,13.3,8.0,9.3,2.89,7.99
2006-10-04,14.0,5.8,9.8,15.48,10.11
2006-10-05,0.0,4.8,8.2,12.82,8.23
2006-10-06,0.0,1.6,11.6,23.24,5.3
2006-10-07,0.1,4.9,17.5,20.99,6.04
2006-10-08,0.0,6.4,17.3,22.24,5.51
2006-10-09,12.6,2.9,13.9,22.35,10.24
2006-10-10,0.2,1.8,10.4,23.02,7.72
2006-10-11,0.0,1.5,17.5,24.23,5.05
2006-10-12,0.0,9.8,20.7,23.85,9.36
2006-10-13,0.0,10.4,21.7,23.25,9.39
2006-10-14,0.1,14.3,17.2,18.96,6.93
2006-10-15,1.7,7.0,16.9,16.32,8.54
2006-10-16,2.8,4.6,12.1,17.35,8.66
2006-10-17,0.0,3.5,11.5,20.2,7.66
2006-10-18,0.0,2.5,16.7,25.29,5.3
2006-10-19,0.0,5.7,18.3,23.48,10.15
2006-10-20,0.0,3.0,17.6,26.33,7.75
2006-10-21,2.9,4.5,18.3,17.86,9.33
2006-10-22,0.4,5.4,9.9,11.93,3.91
2006-10-23,0.2,3.3,12.7,17.44,6.3
2006-10-24,3.4,6.0,10.0,12.73,7.93
2006-10-25,0.0,4.0,12.6,24.42,5.28
2006-10-26,0.0,2.9,18.6,25.78,4.12
2006-10-27,0.0,8.3,19.1,21.18,6.65
2006-10-28,3.6,4.0,18.6,22.36,6.33
2006-10-29,7.4,9.7,18.0,12.79,6.66
2006-10-30,25.0,6.4,11.4,18.88,12.09
2006-10-31,1.7,6.8,13.0,17.25,4.64
2006-11-01,0.8,6.1,13.1,21.98,4.2
2006-11-02,0.0,6.4,17.2,24.71,5.55
2006-11-03,0.0,4.6,20.1,29.15,4.07
2006-11-04,0.1,9.4,23.2,28.35,3.91
2006-11-05,0.3,10.5,21.3,21.16,7.41
2006-11-06,0.6,7.7,10.3,7.67,5.8
2006-11-07,20.4,6.8,11.1,5.01,4.79
2006-11-08,8.4,3.1,14.4,21.25,8.3
2006-11-09,0.4,1.8,9.6,27.4,6.41
2006-11-10,0.0,1.1,17.8,29.18,3.41
2006-11-11,0.0,6.0,18.1,28.95,7.0
2006-11-12,4.1,8.0,14.0,22.37,6.2
2006-11-13,0.6,7.2,17.9,23.1,5.59
2006-11-14,9.9,9.4,22.2,21.71,12.4
2006-11-15,0.1,8.9,18.2,24.78,5.54
2006-11-16,0.8,7.7,22.4,27.79,6.46
2006-11-17,8.9,8.7,14.6,11.5,7.57
2006-11-18,10.8,8.1,12.7,12.95,6.88
2006-11-19,4.3,5.9,12.9,12.58,4.49
2006-11-20,0.0,6.0,15.8,25.39,5.08
2006-11-21,0.0,4.7,19.7,32.15,5.65
2006-11-22,0.9,10.0,16.1,22.46,6.48
2006-11-23,0.9,10.0,21.9,18.8,8.21
2006-11-24,0.3,10.1,18.9,30.36,7.77
2006-11-25,2.5,7.3,19.2,29.93,7.24
2006-11-26,8.3,6.0,12.3,14.46,6.46
2006-11-27,1.6,4.3,13.8,28.8,3.31
2006-11-28,0.0,3.2,18.2,30.85,6.94
2006-11-29,0.0,12.3,18.7,19.25,7.82
2006-11-30,8.3,6.2,14.3,13.11,9.9
2006-12-01,2.4,5.5,11.9,24.57,4.68
2006-12-02,0.0,2.1,15.3,33.2,7.56
2006-12-03,0.0,8.1,21.0,24.51,5.27
2006-12-04,5.9,8.8,13.6,10.47,5.4
2006-12-05,0.1,7.7,13.5,24.71,4.88
2006-12-06,0.0,5.6,18.8,33.46,4.89
2006-12-07,0.0,8.7,21.0,25.62,6.46
2006-12-08,7.0,7.5,12.7,19.97,4.9
2006-12-09,8.3,6.9,11.4,25.72,7.33
2006-12-10,0.0,6.0,17.8,30.52,4.25
2006-12-11,0.0,9.6,17.6,21.91,6.44
2006-12-12,0.5,8.4,23.8,32.88,8.13
2006-12-13,10.5,8.9,14.7,23.76,4.37
2006-12-14,0.0,9.5,13.6,16.08,3.84
2006-12-15,0.0,8.0,18.8,33.34,6.71
2006-12-16,0.0,6.7,19.8,18.13,6.31
2006-12-17,0.7,8.0,14.2,13.03,6.93
2006-12-18,0.0,4.2,17.0,31.09,5.68
2006-12-19,0.0,7.8,23.3,33.9,5.16
2006-12-20,25.3,6.1,14.5,11.88,10.75
2006-12-21,2.0,6.0,11.3,26.46,9.28
2006-12-22,2.2,6.6,11.9,22.32,11.15
2006-12-23,2.6,7.4,11.9,12.52,7.85
2006-12-24,0.0,5.8,19.5,29.44,5.22
2006-12-25,0.0,10.1,18.6,24.52,6.11
2006-12-26,0.0,12.9,22.0,16.08,5.52
2006-12-27,2.1,12.7,20.8,17.16,6.46
2006-12-28,2.5,9.5,19.1,28.62,5.73
2006-12-29,0.5,9.0,19.3,28.67,3.55
2006-12-30,12.5,8.3,11.0,13.82,9.64
2006-12-31,1.1,7.3,10.1,8.04,7.78
2007-01-01,0.1,7.5,11.2,16.97,7.32
2007-01-02,0.7,9.1,13.1,15.27,7.08
2007-01-03,0.0,8.2,14.7,28.13,4.72
2007-01-04,0.0,6.4,19.0,31.99,4.97
2007-01-05,0.0,9.5,25.7,34.2,3.85
2007-01-06,0.0,10.9,23.6,31.63,7.45
2007-01-07,0.0,9.9,14.8,17.23,7.41
2007-01-08,0.0,9.9,25.1,29.91,4.97
2007-01-09,1.4,10.5,20.7,17.96,5.64
2007-01-10,14.0,12.2,14.0,4.51,3.83
2007-01-11,0.0,12.2,19.2,19.21,3.35
2007-01-12,0.0,11.4,20.6,20.83,3.31
2007-01-13,1.4,12.4,18.0,11.17,4.97
2007-01-14,1.8,13.8,23.9,21.64,3.64
2007-01-15,0.0,12.6,25.7,29.66,5.5
2007-01-16,0.0,13.3,22.4,26.08,4.39
2007-01-17,0.4,10.6,14.3,9.38,4.06
2007-01-18,0.0,8.3,21.6,28.83,4.2
2007-01-19,0.0,12.0,27.0,29.3,5.07
2007-01-20,2.9,13.4,22.9,12.03,5.09
2007-01-21,0.2,13.8,20.5,18.76,5.06
2007-01-22,0.0,13.6,26.9,29.87,6.17
2007-01-23,0.0,13.0,20.6,17.89,6.43
2007-01-24,0.0,11.8,24.8,31.42,5.59
2007-01-25,0.0,13.0,19.2,22.44,4.85
2007-01-26,4.6,13.0,17.7,16.19,4.59
2007-01-27,0.0,12.4,18.0,22.14,8.1
2007-01-28,0.2,12.7,24.8,24.78,7.2
2007-01-29,0.1,11.4,21.3,23.95,6.45
2007-01-30,1.2,10.1,19.1,27.5,5.73
2007-01-31,0.0,7.9,23.1,26.7,6.54
2007-02-01,0.0,14.1,22.2,25.07,3.8
2007-02-02,5.1,10.4,16.0,19.88,4.07
2007-02-03,0.4,10.1,16.8,17.06,5.8
2007-02-04,0.0,9.3,20.7,28.3,4.05
2007-02-05,0.0,10.4,22.0,26.53,4.2
2007-02-06,0.0,11.1,21.5,29.77,7.17
2007-02-07,0.0,11.5,23.5,25.55,3.88
2007-02-08,0.0,13.3,25.4,26.19,4.52
2007-02-09,8.8,11.6,26.4,19.63,6.45
2007-02-10,0.0,11.4,15.7,11.48,3.98
2007-02-11,0.0,11.6,18.8,18.73,3.42
2007-02-12,0.0,11.5,13.8,6.67,3.71
2007-02-13,0.0,9.1,19.4,22.55,3.12
2007-02-14,0.0,12.5,18.7,17.72,2.44
2007-02-15,0.2,11.0,17.6,16.71,3.3
2007-02-16,0.9,10.9,15.7,16.38,8.56
2007-02-17,0.0,9.4,21.7,25.8,4.25
2007-02-18,0.0,10.0,24.1,24.85,2.68
2007-02-19,0.0,13.6,23.8,21.9,4.03
2007-02-20,0.0,13.7,24.6,24.81,5.46
2007-02-21,0.0,12.6,24.6,22.59,3.14
2007-02-22,0.0,15.0,25.2,22.59,4.53
2007-02-23,4.2,13.0,15.3,3.9,3.5
2007-02-24,0.0,12.8,18.9,15.37,7.42
2007-02-25,0.0,9.6,26.1,25.36,5.06
2007-02-26,0.1,14.0,27.7,25.03,6.84
2007-02-27,0.5,12.2,19.1,15.9,4.69
2007-02-28,0.2,10.7,14.6,9.23,3.21
2007-03-01,0.0,9.0,24.7,24.86,3.82
2007-03-02,0.5,9.9,20.5,16.83,4.12
2007-03-03,0.0,12.2,22.0,19.22,5.22
2007-03-04,0.0,12.9,26.5,20.22,3.91
2007-03-05,0.0,12.4,27.7,23.77,2.94
2007-03-06,0.0,14.2,26.7,23.57,5.64
2007-03-07,0.3,13.0,24.4,15.53,7.48
2007-03-08,0.0,11.2,19.6,16.28,4.01
2007-03-09,0.0,12.6,20.7,16.75,4.52
2007-03-10,0.0,10.9,22.2,21.18,3.68
2007-03-11,0.0,9.4,26.0,21.59,4.17
2007-03-12,0.0,12.8,27.1,17.94,5.02
2007-03-13,11.3,7.4,19.5,5.09,9.52
2007-03-14,9.0,5.0,11.3,9.53,10.07
2007-03-15,0.0,2.6,17.9,20.31,5.22
2007-03-16,0.0,9.7,21.0,20.7,4.03
2007-03-17,0.7,12.3,26.2,17.49,6.36
2007-03-18,4.1,10.2,18.4,17.43,9.48
2007-03-19,0.0,8.2,21.0,20.97,5.5
2007-03-20,0.0,8.2,21.5,20.36,4.61
2007-03-21,0.2,8.4,21.2,15.01,5.37
2007-03-22,0.0,11.7,18.9,18.92,5.82
2007-03-23,0.0,9.1,23.0,19.39,3.69
2007-03-24,0.0,7.6,27.1,19.83,3.14
2007-03-25,0.0,9.8,25.6,19.36,2.46
2007-03-26,0.0,10.5,17.8,14.36,3.96
2007-03-27,0.0,11.7,17.8,12.77,4.91
2007-03-28,0.6,12.1,18.2,9.3,6.8
2007-03-29,0.9,14.1,18.3,6.38,7.31
2007-03-30,0.0,13.4,26.5,16.55,4.89
2007-03-31,1.2,13.9,25.2,16.69,6.31
2007-04-01,1.5,9.6,20.8,15.26,4.24
2007-04-02,0.0,9.4,17.6,12.68,5.09
2007-04-03,0.0,7.3,21.5,15.13,4.32
2007-04-04,0.2,8.1,13.3,5.7,3.86
2007-04-05,0.0,5.3,17.3,16.46,6.75
2007-04-06,0.0,4.8,18.8,15.32,2.56
2007-04-07,3.5,10.4,12.6,3.67,3.33
2007-04-08,0.0,9.5,18.4,13.72,2.19
2007-04-09,0.0,9.0,17.0,10.74,2.72
2007-04-10,0.0,7.2,22.0,15.71,3.98
2007-04-11,6.4,7.0,18.7,9.59,8.51
2007-04-12,1.5,3.9,14.2,15.63,6.41
2007-04-13,2.1,4.3,11.5,13.54,10.92
2007-04-14,0.0,4.4,14.6,10.35,3.75
2007-04-15,0.0,6.8,16.4,12.15,4.66
2007-04-16,0.0,6.7,19.7,11.62,2.97
2007-04-17,0.8,8.9,13.5,4.4,7.06
2007-04-18,0.1,6.4,11.2,7.9,6.02
2007-04-19,0.0,3.9,15.4,11.43,3.61
2007-04-20,0.0,5.1,18.1,13.27,2.22
2007-04-21,0.0,3.8,15.5,9.41,3.23
2007-04-22,0.2,8.9,12.5,5.1,3.77
2007-04-23,0.0,8.2,17.7,11.9,3.45
2007-04-24,0.0,6.0,16.9,11.19,2.7
2007-04-25,0.0,7.1,17.4,10.04,2.91
2007-04-26,3.5,8.3,14.4,5.22,2.66
2007-04-27,0.8,9.5,12.6,2.89,2.34
2007-04-28,3.7,7.6,10.1,1.67,2.82
2007-04-29,0.0,6.6,12.4,7.79,3.33
2007-04-30,3.5,2.3,14.2,10.14,3.8
2007-05-01,1.2,8.5,12.6,4.84,4.5
2007-05-02,20.1,8.7,11.1,1.13,5.73
2007-05-03,1.1,5.5,10.4,7.26,4.83
2007-05-04,0.0,4.7,16.7,10.68,4.58
2007-05-05,0.0,5.7,18.6,9.18,3.04
2007-05-06,0.0,10.2,16.4,9.31,6.02
2007-05-07,0.1,9.4,19.3,9.4,5.3
2007-05-08,0.0,4.7,14.7,10.15,4.17
2007-05-09,0.0,6.4,16.1,6.76,4.33
2007-05-10,0.3,8.2,17.1,8.52,5.03
2007-05-11,1.5,6.5,13.0,4.23,3.74
2007-05-12,0.2,3.1,13.8,9.47,2.83
2007-05-13,0.0,4.3,15.4,9.46,2.94
2007-05-14,0.0,5.3,16.4,7.17,7.2
2007-05-15,0.0,5.3,13.7,6.32,4.74
2007-05-16,0.0,5.8,17.4,8.07,8.08
2007-05-17,0.0,5.3,16.3,8.69,3.98
2007-05-18,0.0,5.3,15.8,8.99,3.26
2007-05-19,0.0,6.9,13.7,7.78,4.96
2007-05-20,2.4,6.1,16.0,5.32,8.04
2007-05-21,0.0,9.6,17.8,7.59,6.24
2007-05-22,0.0,3.3,13.2,6.83,5.41
2007-05-23,0.9,10.8,17.9,6.22,7.43
2007-05-24,0.0,7.3,15.3,4.09,4.8
2007-05-25,0.0,5.2,14.8,8.18,3.81
2007-05-26,0.0,6.0,14.6,8.15,3.47
2007-05-27,0.0,7.5,15.8,8.45,5.24
2007-05-28,0.0,3.0,13.0,7.6,2.9
2007-05-29,0.0,2.8,16.5,7.88,2.72
2007-05-30,0.0,3.4,16.7,7.88,4.12
2007-05-31,0.0,5.5,15.9,6.17,5.44
2007-06-01,3.5,9.4,15.5,3.72,5.83
2007-06-02,1.7,6.7,14.7,6.9,7.07
2007-06-03,0.0,1.3,10.2,5.74,4.11
2007-06-04,0.0,-0.5,12.2,7.55,3.47
2007-06-05,0.0,4.3,14.2,4.59,6.04
2007-06-06,0.0,5.8,13.9,7.48,7.58
2007-06-07,0.9,5.8,11.4,6.16,7.32
2007-06-08,0.2,2.7,10.9,7.21,3.96
2007-06-09,0.0,-0.2,9.6,7.43,4.16
2007-06-10,0.0,0.1,6.4,3.09,4.04
2007-06-11,0.0,-2.8,9.9,7.46,4.2
2007-06-12,0.0,-1.6,9.7,5.37,4.61
2007-06-13,0.0,-1.2,8.7,5.81,2.0
2007-06-14,0.6,1.2,8.4,6.01,3.66
2007-06-15,0.1,2.5,8.0,5.7,2.92
2007-06-16,2.5,3.0,7.0,2.66,4.25
2007-06-17,0.0,-0.5,7.1,6.39,3.33
2007-06-18,0.0,-5.7,7.5,7.07,1.66
2007-06-19,0.0,-4.0,8.8,6.4,2.4
2007-06-20,0.5,-0.6,8.2,5.35,4.83
2007-06-21,9.2,2.6,7.7,5.89,7.34
2007-06-22,0.8,-0.6,8.2,6.81,7.0
2007-06-23,0.0,0.2,7.5,6.97,6.22
2007-06-24,0.0,-0.1,11.2,7.19,5.88
2007-06-25,3.5,2.1,5.1,5.67,8.06
2007-06-26,0.0,2.2,6.1,5.26,7.39
2007-06-27,0.0,-2.2,7.3,6.37,4.12
2007-06-28,0.0,-4.2,6.9,5.24,3.81
2007-06-29,28.3,2.9,8.7,0.68,6.34
2007-06-30,8.4,6.8,14.4,5.21,9.09
2007-07-01,0.1,7.1,15.1,4.91,5.74
2007-07-02,6.3,6.4,10.7,3.93,3.94
2007-07-03,2.1,1.3,9.5,4.53,3.1
2007-07-04,0.0,-0.5,10.4,6.58,4.38
2007-07-05,2.5,3.5,6.0,2.21,4.03
2007-07-06,3.3,0.3,4.4,3.99,3.49
2007-07-07,0.0,-2.3,4.7,5.86,3.83
2007-07-08,0.0,-6.7,5.6,7.65,2.43
2007-07-09,0.0,-5.5,3.8,3.38,2.84
2007-07-10,0.0,0.4,6.6,4.81,4.38
2007-07-11,0.8,3.2,5.5,3.37,5.69
2007-07-12,0.5,2.3,4.5,2.52,6.33
2007-07-13,0.0,-3.5,6.8,7.79,3.22
2007-07-14,0.0,-4.3,6.5,6.17,3.14
2007-07-15,0.0,-2.0,6.4,5.92,2.69
2007-07-16,0.0,-1.4,8.2,7.24,3.36
2007-07-17,0.8,-1.0,7.8,2.98,2.22
2007-07-18,0.7,3.4,8.3,5.58,4.17
2007-07-19,0.0,-1.3,7.8,6.63,2.77
2007-07-20,0.0,5.3,8.5,2.6,2.92
2007-07-21,1.3,2.2,6.8,4.24,7.52
2007-07-22,0.0,-1.7,8.1,8.07,6.51
2007-07-23,0.0,-3.2,10.8,8.41,4.53
2007-07-24,0.0,2.5,11.4,7.2,3.61
2007-07-25,0.0,4.9,14.6,6.31,5.37
2007-07-26,0.0,5.2,15.2,8.87,4.39
2007-07-27,0.0,4.2,15.3,8.74,3.34
2007-07-28,0.0,3.4,14.3,8.44,3.28
2007-07-29,3.0,2.9,9.9,4.54,4.82
2007-07-30,22.2,5.5,10.0,3.57,6.0
2007-07-31,0.0,2.7,12.0,7.5,3.11
2007-08-01,0.2,4.4,9.9,5.5,3.86
2007-08-02,0.0,2.8,9.9,6.93,3.29
2007-08-03,0.0,3.1,10.1,6.32,2.33
2007-08-04,9.2,1.9,8.9,3.12,5.48
2007-08-05,3.9,3.7,11.7,8.89,3.72
2007-08-06,3.6,0.3,9.0,6.24,3.61
2007-08-07,0.0,-0.1,8.9,9.49,4.25
2007-08-08,0.0,-2.7,10.2,10.35,2.69
2007-08-09,0.0,1.1,14.6,9.89,3.2
2007-08-10,0.0,8.8,15.0,7.97,7.02
2007-08-11,2.7,8.7,14.8,10.08,5.98
2007-08-12,3.6,3.3,11.5,11.13,7.34
2007-08-13,2.0,0.8,6.5,8.92,3.69
2007-08-14,0.5,-0.6,5.5,9.37,3.85
2007-08-15,0.0,-5.1,7.2,11.53,5.48
2007-08-16,0.0,-1.4,10.4,10.5,4.12
2007-08-17,2.1,3.2,8.5,5.31,3.62
2007-08-18,0.0,1.1,10.0,8.31,5.88
2007-08-19,0.9,0.8,11.0,9.08,3.64
2007-08-20,0.0,2.5,10.8,11.37,3.02
2007-08-21,0.0,-0.8,13.1,12.9,5.48
2007-08-22,0.0,0.8,9.5,11.56,4.88
2007-08-23,0.0,0.6,14.0,12.64,3.4
2007-08-24,0.0,2.2,12.8,13.34,2.33
2007-08-25,0.0,0.7,14.7,13.76,2.86
2007-08-26,0.0,1.2,15.7,14.15,2.78
2007-08-27,0.0,-1.9,11.3,12.52,4.8
2007-08-28,0.6,-1.0,11.6,11.08,7.05
2007-08-29,0.0,0.5,12.9,11.68,4.19
2007-08-30,1.7,4.8,14.4,11.48,3.68
2007-08-31,0.0,2.7,17.0,14.51,5.8
2007-09-01,0.0,10.0,15.9,13.46,8.89
2007-09-02,0.0,6.9,13.8,14.56,6.07
2007-09-03,0.0,6.5,15.2,10.72,5.37
2007-09-04,6.4,3.5,8.3,3.93,7.57
2007-09-05,3.1,1.6,6.6,11.74,7.22
2007-09-06,0.0,-3.3,9.9,16.41,2.48
2007-09-07,0.0,-2.8,12.4,16.48,3.48
2007-09-08,0.0,0.5,13.3,16.8,2.86
2007-09-09,0.0,0.1,10.6,9.77,4.4
2007-09-10,1.2,2.4,9.8,11.85,2.55
2007-09-11,0.0,-0.3,15.3,17.03,2.55
2007-09-12,0.0,1.2,15.9,16.91,3.04
2007-09-13,0.1,3.4,16.0,15.65,4.55
2007-09-14,3.5,7.8,17.7,14.69,3.75
2007-09-15,0.0,7.2,16.3,16.39,5.5
2007-09-16,1.4,7.8,17.6,14.88,4.78
2007-09-17,0.0,4.2,15.5,16.74,3.23
2007-09-18,0.0,5.4,11.3,11.84,4.57
2007-09-19,0.0,5.5,14.7,15.0,3.33
2007-09-20,0.0,6.2,15.6,15.81,6.98
2007-09-21,0.0,4.0,16.5,17.28,2.77
2007-09-22,0.0,5.7,19.1,18.29,3.94
2007-09-23,3.6,6.3,10.9,6.76,6.89
2007-09-24,2.6,7.3,9.7,5.34,3.49
2007-09-25,0.5,5.3,9.5,9.51,5.73
2007-09-26,2.8,3.6,7.8,13.62,6.04
2007-09-27,0.0,3.4,11.5,17.72,4.53
2007-09-28,0.0,2.5,17.6,21.42,4.22
2007-09-29,0.0,2.4,17.5,19.8,5.59
2007-09-30,0.4,10.9,16.9,11.1,8.06
2007-10-01,4.0,7.4,15.5,14.26,4.27
2007-10-02,3.4,4.9,14.6,14.16,11.34
2007-10-03,4.6,1.4,7.8,19.93,10.53
2007-10-04,7.4,0.9,13.6,12.79,8.02
2007-10-05,3.7,3.7,14.8,22.17,9.92
2007-10-06,0.0,8.2,15.0,23.67,7.43
2007-10-07,5.6,7.1,18.6,22.19,11.0
2007-10-08,8.1,4.9,11.9,8.6,3.1
2007-10-09,0.0,2.8,14.7,21.42,5.14
2007-10-10,11.9,6.3,11.2,6.3,4.22
2007-10-11,3.2,7.2,10.6,6.26,7.86
2007-10-12,0.0,6.5,12.0,12.72,6.91
2007-10-13,0.6,4.2,17.7,22.86,6.86
2007-10-14,6.0,4.0,12.3,9.99,9.33
2007-10-15,4.3,-0.8,12.2,16.66,3.96
2007-10-16,1.2,3.9,18.4,23.67,9.6
2007-10-17,1.9,5.5,15.2,24.85,10.13
2007-10-18,2.7,0.1,8.5,19.08,5.09
2007-10-19,0.0,-3.8,13.7,26.49,4.56
2007-10-20,0.0,2.3,16.1,23.07,7.27
2007-10-21,0.0,6.5,19.0,25.59,5.95
2007-10-22,0.9,6.2,16.4,25.03,5.89
2007-10-23,0.2,6.4,16.1,27.39,9.72
2007-10-24,1.5,5.6,16.6,24.75,11.49
2007-10-25,0.0,3.2,18.9,27.46,5.23
2007-10-26,2.3,6.5,19.3,23.87,6.89
2007-10-27,1.2,4.2,8.8,22.45,7.34
2007-10-28,0.0,2.2,14.3,28.51,6.22
2007-10-29,0.0,4.3,21.5,28.18,3.04
2007-10-30,0.0,8.6,22.1,27.36,4.83
2007-10-31,0.0,9.0,21.4,24.97,6.08
2007-11-01,0.2,10.0,15.7,16.21,5.79
2007-11-02,0.6,8.4,15.9,20.89,5.23
2007-11-03,0.0,4.6,21.5,28.15,3.01
2007-11-04,0.0,9.3,23.3,26.59,6.31
2007-11-05,4.0,6.9,12.5,19.62,4.3
2007-11-06,0.2,6.6,12.8,18.72,5.11
2007-11-07,0.0,4.4,15.1,23.59,5.6
2007-11-08,0.2,6.6,14.6,17.95,4.42
2007-11-09,0.0,4.6,17.1,28.56,4.61
2007-11-10,0.5,7.7,11.6,7.93,3.54
2007-11-11,0.1,8.3,15.3,22.64,6.53
2007-11-12,0.0,5.3,19.8,30.79,7.02
2007-11-13,13.4,7.3,19.1,24.01,6.93
2007-11-14,3.6,5.9,11.4,24.13,9.4
2007-11-15,5.8,6.0,15.6,24.65,5.1
2007-11-16,1.2,5.2,14.5,22.7,4.44
2007-11-17,0.0,6.3,17.6,30.24,5.77
2007-11-18,0.0,8.4,21.8,28.26,3.71
2007-11-19,0.0,9.9,19.9,24.13,2.83
2007-11-20,0.0,10.0,22.0,30.55,4.61
2007-11-21,0.0,10.0,27.6,32.05,4.3
2007-11-22,0.0,11.5,23.6,30.56,6.58
2007-11-23,0.0,8.8,24.1,32.38,3.67
2007-11-24,0.0,12.4,21.7,28.06,5.99
2007-11-25,0.0,10.6,22.9,31.35,9.26
2007-11-26,0.0,9.9,20.1,29.47,7.09
2007-11-27,3.9,6.9,13.6,19.52,4.84
2007-11-28,0.0,4.2,15.7,29.38,5.74
2007-11-29,2.0,5.7,21.6,31.6,6.62
2007-11-30,0.5,8.9,14.1,15.11,4.74
2007-12-01,1.7,6.2,19.1,22.81,4.2
2007-12-02,0.0,11.1,16.8,18.77,4.4
2007-12-03,0.0,10.1,22.2,30.44,6.58
2007-12-04,0.0,10.6,18.6,27.84,7.7
2007-12-05,0.0,9.9,25.9,33.28,4.49
2007-12-06,0.0,9.4,14.5,12.57,6.02
2007-12-07,0.0,8.1,15.8,31.2,6.4
2007-12-08,0.0,7.3,19.5,34.21,7.62
2007-12-09,0.0,12.4,26.0,29.22,5.33
2007-12-10,0.6,15.2,26.2,21.1,5.82
2007-12-11,0.5,18.5,27.1,25.36,4.81
2007-12-12,4.2,14.8,25.7,20.82,4.62
2007-12-13,3.0,11.8,19.7,4.29,6.72
2007-12-14,3.7,11.4,15.9,10.69,5.95
2007-12-15,0.0,12.3,24.5,31.41,5.2
2007-12-16,0.0,14.1,25.3,24.63,5.08
2007-12-17,0.3,13.8,26.8,24.27,7.45
2007-12-18,5.8,11.2,13.6,7.07,3.47
2007-12-19,0.5,11.0,16.3,16.65,4.34
2007-12-20,5.7,10.3,14.3,9.9,3.9
2007-12-21,0.0,9.7,17.3,27.06,5.9
2007-12-22,0.0,9.6,19.1,32.13,7.63
2007-12-23,0.0,10.7,24.6,34.1,6.31
2007-12-24,0.9,13.5,24.9,29.1,5.86
2007-12-25,0.0,10.2,22.7,32.13,6.88
2007-12-26,6.5,8.6,14.3,23.89,7.77
2007-12-27,0.1,4.7,21.6,30.15,7.21
2007-12-28,2.0,8.3,15.9,21.92,9.19
2007-12-29,0.0,7.3,21.9,32.44,5.7
2007-12-30,0.6,9.5,28.1,29.03,8.55
2007-12-31,0.6,9.7,16.9,25.74,6.93
2008-01-01,0.0,8.2,22.5,34.25,6.49
2008-01-02,0.0,11.4,29.5,33.57,2.91
2008-01-03,0.0,13.8,24.6,19.08,7.96
2008-01-04,0.0,11.2,18.4,20.3,4.68
2008-01-05,0.0,9.7,26.5,33.63,5.5
2008-01-06,0.0,11.8,25.5,29.49,4.3
2008-01-07,3.3,12.7,26.8,11.11,7.67
2008-01-08,0.0,12.7,21.9,25.86,4.04
2008-01-09,0.0,13.8,23.7,30.49,4.42
2008-01-10,0.1,10.9,16.1,18.0,6.38
2008-01-11,0.0,7.3,22.5,33.35,6.62
2008-01-12,0.0,11.8,28.1,33.85,6.58
2008-01-13,0.0,14.3,29.9,32.16,3.99
2008-01-14,1.0,15.5,24.5,21.84,6.8
2008-01-15,0.9,13.0,21.5,26.96,6.82
2008-01-16,0.0,12.5,24.3,30.87,8.01
2008-01-17,0.1,12.5,29.2,27.31,7.82
2008-01-18,0.0,13.3,18.2,19.06,3.72
2008-01-19,0.0,11.2,20.9,32.4,7.02
2008-01-20,0.0,11.1,21.8,32.61,8.71
2008-01-21,2.3,14.2,29.6,23.6,4.7
2008-01-22,13.5,12.3,26.3,10.32,11.38
2008-01-23,0.7,11.6,16.9,19.45,5.72
2008-01-24,0.0,11.4,19.0,23.16,6.89
2008-01-25,0.1,10.2,19.9,20.64,4.1
2008-01-26,1.0,13.6,19.9,21.21,6.35
2008-01-27,0.0,10.5,20.3,27.77,5.55
2008-01-28,0.0,10.5,24.3,30.03,5.91
2008-01-29,0.0,14.1,24.0,27.17,4.84
2008-01-30,0.5,13.1,20.7,13.12,5.85
2008-01-31,0.0,14.4,26.2,28.58,6.11
2008-02-01,0.7,12.8,29.7,27.76,9.79
2008-02-02,0.0,12.4,16.7,13.06,6.14
2008-02-03,0.0,12.6,26.3,28.98,4.9
2008-02-04,4.5,11.0,16.0,5.77,5.9
2008-02-05,0.0,9.9,16.7,20.62,4.29
2008-02-06,0.0,7.4,20.4,30.42,5.22
2008-02-07,0.0,10.0,21.3,30.18,8.22
2008-02-08,0.0,12.0,24.4,28.94,6.91
2008-02-09,0.0,10.9,23.2,19.04,2.57
2008-02-10,1.1,13.6,22.9,18.73,5.1
2008-02-11,11.7,14.5,24.2,16.19,5.45
2008-02-12,8.2,12.8,16.9,15.11,7.25
2008-02-13,0.0,9.9,21.8,24.75,6.17
2008-02-14,1.3,11.5,23.0,17.39,6.31
2008-02-15,25.2,9.3,13.0,11.81,7.77
2008-02-16,14.5,9.2,13.4,4.61,9.79
2008-02-17,0.0,10.5,22.0,25.37,6.53
2008-02-18,0.0,11.9,15.0,11.07,2.56
2008-02-19,0.0,9.5,17.2,17.98,4.53
2008-02-20,0.0,10.5,22.5,26.32,6.09
2008-02-21,0.0,9.6,23.5,25.15,4.67
2008-02-22,0.0,14.3,19.2,14.03,5.83
2008-02-23,2.0,15.3,25.2,23.15,7.77
2008-02-24,0.0,14.5,25.3,20.17,8.34
2008-02-25,0.0,13.5,22.7,19.95,6.4
2008-02-26,0.4,12.0,19.2,19.18,5.66
2008-02-27,0.0,8.9,23.0,24.29,3.7
2008-02-28,0.0,11.3,24.4,23.9,3.35
2008-02-29,0.0,9.5,24.8,19.14,3.56
2008-03-01,16.0,14.6,17.1,4.17,6.86
2008-03-02,5.1,9.9,21.3,15.93,9.28
2008-03-03,0.7,8.9,13.1,13.49,4.83
2008-03-04,0.0,8.3,14.3,14.17,5.78
2008-03-05,0.2,4.9,17.4,20.62,7.15
2008-03-06,0.0,9.6,15.4,14.61,5.77
2008-03-07,0.0,6.9,22.3,23.26,3.96
2008-03-08,0.0,9.5,23.4,23.02,4.03
2008-03-09,0.1,10.8,22.9,17.82,8.95
2008-03-10,0.0,8.9,18.7,20.97,6.5
2008-03-11,0.0,9.2,21.5,14.36,8.09
2008-03-12,0.0,8.6,18.1,16.11,4.36
2008-03-13,0.0,10.9,17.4,13.02,5.66
2008-03-14,0.0,8.9,18.2,14.04,3.07
2008-03-15,0.0,8.9,25.2,18.9,3.5
2008-03-16,0.0,12.4,15.6,7.86,3.82
2008-03-17,0.0,9.4,22.3,19.71,4.69
2008-03-18,0.0,10.4,25.4,20.29,4.83
2008-03-19,0.0,12.8,31.0,20.13,3.5
2008-03-20,0.0,13.3,23.7,19.25,5.72
2008-03-21,0.0,11.0,28.4,19.21,4.03
2008-03-22,1.7,10.8,16.0,4.34,6.33
2008-03-23,0.0,10.1,18.7,16.65,3.74
2008-03-24,0.0,7.7,19.6,16.66,3.98
2008-03-25,0.0,11.6,20.4,15.12,5.03
2008-03-26,0.0,13.2,21.3,16.96,7.05
2008-03-27,0.0,10.7,25.6,17.81,3.26
2008-03-28,0.0,13.6,25.3,12.48,4.74
2008-03-29,1.3,16.0,24.1,8.15,5.95
2008-03-30,0.0,13.4,18.5,11.22,6.22
2008-03-31,0.0,13.1,21.0,16.91,7.25
2008-04-01,3.3,9.5,23.1,14.89,7.13
2008-04-02,0.2,7.2,14.4,15.49,4.78
2008-04-03,0.0,6.7,19.5,16.96,5.97
2008-04-04,0.3,8.9,21.5,15.66,6.82
2008-04-05,4.2,10.0,14.6,4.81,5.24
2008-04-06,0.1,6.0,17.8,15.57,2.25
2008-04-07,0.6,9.2,12.3,4.05,2.6
2008-04-08,0.2,7.6,13.2,8.54,4.56
2008-04-09,0.1,8.0,16.0,13.34,3.26
2008-04-10,0.0,3.7,17.8,13.87,4.65
2008-04-11,0.8,7.5,14.9,5.0,2.31
2008-04-12,0.4,10.6,15.7,9.49,4.61
2008-04-13,0.0,6.6,18.0,14.03,3.42
2008-04-14,4.4,5.8,18.1,13.54,7.21
2008-04-15,2.9,11.6,23.2,12.25,7.22
2008-04-16,0.1,11.6,14.2,5.54,5.09
2008-04-17,0.0,10.0,14.0,4.31,4.46
2008-04-18,1.9,5.2,13.8,10.93,5.48
2008-04-19,2.3,3.1,10.4,12.05,8.41
2008-04-20,0.0,1.7,13.8,13.19,3.4
2008-04-21,0.0,2.3,18.0,13.38,5.01
2008-04-22,0.3,6.1,14.1,10.31,3.89
2008-04-23,0.0,4.2,16.0,12.44,4.04
2008-04-24,0.0,4.5,17.9,12.79,3.32
2008-04-25,0.0,6.2,14.6,8.68,4.74
2008-04-26,0.0,7.2,16.6,11.56,3.54
2008-04-27,1.3,5.2,17.6,10.55,5.54
2008-04-28,0.0,12.9,23.0,11.72,5.38
2008-04-29,0.0,11.4,21.8,10.82,6.38
2008-04-30,0.5,8.9,16.0,6.71,6.4
2008-05-01,0.8,6.5,9.5,4.07,3.81
2008-05-02,4.7,1.3,8.8,6.96,8.1
2008-05-03,5.1,3.3,7.2,6.67,10.47
2008-05-04,0.2,2.0,8.3,7.65,4.52
2008-05-05,0.0,2.7,9.0,6.44,1.92
2008-05-06,0.0,-2.8,9.9,11.01,2.66
2008-05-07,0.0,-0.2,13.7,9.85,3.76
2008-05-08,0.0,6.1,17.8,9.78,4.84
2008-05-09,0.0,4.2,10.9,3.84,7.05
2008-05-10,0.0,5.5,12.6,8.5,4.78
2008-05-11,0.1,5.2,12.0,7.79,6.8
2008-05-12,0.0,0.8,9.8,8.88,3.94
2008-05-13,0.0,-1.7,15.3,8.84,2.83
2008-05-14,0.0,4.0,14.2,8.46,2.82
2008-05-15,0.0,2.4,13.1,8.68,2.62
2008-05-16,0.0,0.9,13.8,9.3,3.26
2008-05-17,0.0,3.1,13.2,8.84,4.63
2008-05-18,0.0,2.2,13.7,8.14,2.64
2008-05-19,0.0,1.5,13.9,8.61,5.09
2008-05-20,0.0,6.3,13.6,8.23,7.41
2008-05-21,0.0,6.2,13.8,6.89,5.72
2008-05-22,2.1,3.7,10.3,3.27,7.16
2008-05-23,0.4,5.6,7.9,2.21,6.24
2008-05-24,1.1,6.2,8.4,1.47,4.1
2008-05-25,0.8,6.0,8.8,3.55,3.31
2008-05-26,0.0,4.5,7.8,2.89,3.97
2008-05-27,0.0,1.5,9.8,7.26,3.5
2008-05-28,0.0,-1.1,11.2,7.3,2.79
2008-05-29,0.0,-2.7,11.2,8.16,2.72
2008-05-30,0.0,-0.1,12.8,7.6,2.16
2008-05-31,0.0,-0.3,14.9,7.57,2.9
2008-06-01,2.2,5.1,12.7,4.5,4.19
2008-06-02,1.5,5.7,9.4,3.65,5.76
2008-06-03,0.8,1.6,13.7,6.79,3.41
2008-06-04,0.4,2.0,9.8,6.49,5.95
2008-06-05,0.0,-1.5,12.1,7.56,3.04
2008-06-06,0.0,2.4,13.7,6.82,5.24
2008-06-07,14.3,0.8,13.0,3.27,7.99
2008-06-08,0.0,-2.4,5.1,7.57,5.63
2008-06-09,0.0,1.1,10.2,6.9,6.42
2008-06-10,0.0,-0.5,10.0,7.09,3.26
2008-06-11,0.0,-0.7,10.3,6.97,3.54
2008-06-12,0.0,1.8,12.6,5.18,5.62
2008-06-13,0.0,7.0,15.7,3.05,4.33
2008-06-14,0.0,8.6,15.4,4.7,4.86
2008-06-15,0.0,5.9,16.8,6.42,3.61
2008-06-16,0.0,5.7,11.1,4.86,3.98
2008-06-17,0.9,3.9,9.0,2.26,6.04
2008-06-18,0.0,-0.3,10.2,7.34,5.62
2008-06-19,0.0,-2.8,11.0,7.17,1.92
2008-06-20,0.0,-3.1,8.3,6.39,2.92
2008-06-21,0.0,-2.1,12.2,7.24,3.76
2008-06-22,3.8,6.1,12.3,3.81,5.76
2008-06-23,7.9,2.7,7.7,2.22,6.84
2008-06-24,1.2,-0.3,6.8,5.32,7.67
2008-06-25,1.8,-3.0,9.4,4.75,6.12
2008-06-26,0.0,2.0,12.3,7.12,5.92
2008-06-27,5.3,1.7,8.0,2.89,7.17
2008-06-28,17.2,1.6,5.9,1.72,10.15
2008-06-29,8.8,4.0,6.6,3.66,7.41
2008-06-30,0.0,-1.8,6.6,5.18,4.88
2008-07-01,0.0,-4.7,7.1,7.28,4.33
2008-07-02,0.0,2.4,12.6,3.88,5.16
2008-07-03,2.3,2.8,12.2,5.14,4.3
2008-07-04,1.3,-0.7,8.4,4.73,6.33
2008-07-05,8.6,1.3,4.6,2.56,11.6
2008-07-06,0.4,-1.3,7.3,6.54,10.26
2008-07-07,3.0,-1.8,6.0,5.64,7.29
2008-07-08,0.0,-0.5,9.4,6.67,3.85
2008-07-09,0.0,-3.3,9.3,6.62,2.92
2008-07-10,0.0,-2.5,8.5,7.83,5.19
2008-07-11,0.0,-0.1,13.9,6.11,9.62
2008-07-12,3.3,6.0,13.7,6.29,10.25
2008-07-13,0.0,2.1,10.8,7.23,3.55
2008-07-14,0.0,2.7,12.4,7.62,2.6
2008-07-15,0.0,1.3,10.4,7.4,2.81
2008-07-16,0.0,2.4,9.3,4.1,1.9
2008-07-17,0.2,4.1,8.8,3.38,2.2
2008-07-18,0.0,1.2,10.4,6.88,2.37
2008-07-19,4.1,5.4,10.2,2.58,3.18
2008-07-20,0.0,3.7,12.7,6.78,2.72
2008-07-21,0.1,3.2,13.0,8.4,3.28
2008-07-22,2.0,2.8,12.1,6.45,6.01
2008-07-23,5.2,3.0,8.2,2.62,9.12
2008-07-24,24.1,3.3,6.3,1.01,9.64
2008-07-25,3.0,2.2,4.3,3.46,7.78
2008-07-26,0.0,-0.1,5.2,3.3,4.76
2008-07-27,0.7,4.0,6.3,2.29,5.16
2008-07-28,0.0,1.8,7.8,5.64,3.61
2008-07-29,0.0,0.8,8.4,4.42,2.21
2008-07-30,15.7,5.8,8.1,2.11,7.93
2008-07-31,36.2,6.3,7.1,1.09,8.23
2008-08-01,14.6,5.9,7.4,1.9,7.76
2008-08-02,0.4,0.8,11.7,9.75,3.0
2008-08-03,7.9,2.7,8.6,3.54,6.08
2008-08-04,0.7,3.4,10.0,8.33,5.31
2008-08-05,0.2,-2.1,10.7,10.2,3.69
2008-08-06,0.0,3.0,13.5,9.07,3.09
2008-08-07,0.0,1.1,11.2,9.74,1.77
2008-08-08,5.9,1.5,5.0,3.3,6.8
2008-08-09,2.7,1.1,4.2,7.8,8.06
2008-08-10,0.0,-4.0,7.2,10.71,4.02
2008-08-11,0.8,-3.4,7.4,9.38,2.15
2008-08-12,3.2,-0.2,5.7,4.45,3.62
2008-08-13,0.0,-1.7,11.9,9.57,3.53
2008-08-14,0.0,0.0,9.6,11.54,5.47
2008-08-15,0.0,-1.0,8.4,10.7,4.58
2008-08-16,0.2,-1.7,8.0,7.8,5.22
2008-08-17,2.9,1.5,8.1,10.25,4.89
2008-08-18,1.6,-0.2,7.3,10.14,7.34
2008-08-19,1.6,-1.5,6.3,10.85,6.89
2008-08-20,0.0,-4.9,8.0,12.93,2.69
2008-08-21,0.0,-2.0,12.3,12.69,2.62
2008-08-22,0.0,3.0,14.5,9.59,4.84
2008-08-23,0.0,2.3,11.1,12.76,4.52
2008-08-24,12.4,5.1,9.3,3.47,3.22
2008-08-25,23.1,8.2,9.5,1.57,4.88
2008-08-26,11.1,7.8,8.9,0.9,3.85
2008-08-27,0.0,6.9,11.8,6.79,3.18
2008-08-28,0.0,5.6,13.6,13.9,2.77
2008-08-29,0.4,3.4,7.6,2.88,3.69
2008-08-30,0.0,0.7,9.3,13.94,5.04
2008-08-31,0.0,0.5,14.8,14.82,2.82
2008-09-01,0.0,6.5,15.9,14.58,5.7
2008-09-02,0.0,10.5,16.1,8.48,5.67
2008-09-03,1.8,10.4,16.6,12.21,4.78
2008-09-04,23.8,4.4,10.1,2.47,6.66
2008-09-05,8.0,3.8,6.4,5.63,5.79
2008-09-06,0.4,0.9,10.1,15.83,3.24
2008-09-07,0.0,-0.2,11.8,16.85,6.16
2008-09-08,1.1,2.5,11.4,7.83,4.98
2008-09-09,2.6,5.1,11.3,7.86,4.88
2008-09-10,0.6,2.3,13.1,15.57,3.16
2008-09-11,0.0,0.9,12.2,14.48,3.96
2008-09-12,0.0,4.3,11.6,10.74,3.0
2008-09-13,0.1,4.0,13.7,14.37,3.28
2008-09-14,0.0,3.8,17.5,17.56,2.6
2008-09-15,0.0,6.4,19.7,17.9,4.02
2008-09-16,0.0,3.7,19.9,18.52,4.1
2008-09-17,0.0,5.5,18.0,18.1,5.3
2008-09-18,4.8,7.3,9.5,3.8,8.12
2008-09-19,0.2,3.4,10.4,11.14,6.98
2008-09-20,0.0,1.3,14.5,19.32,5.41
2008-09-21,0.1,5.5,13.9,12.02,8.05
2008-09-22,0.0,4.3,17.4,20.01,4.95
2008-09-23,0.0,4.6,20.2,14.66,8.76
2008-09-24,3.3,7.1,16.0,16.12,6.58
2008-09-25,0.0,2.5,15.6,21.04,3.52
2008-09-26,0.0,3.6,18.4,21.03,4.68
2008-09-27,8.6,4.2,13.4,6.17,9.36
2008-09-28,0.0,-1.5,12.6,21.79,6.4
2008-09-29,1.4,2.6,14.1,13.25,7.68
2008-09-30,4.7,3.7,10.2,19.37,7.32
2008-10-01,1.1,2.5,13.2,18.62,5.78
2008-10-02,0.0,-0.4,16.2,22.01,3.04
2008-10-03,0.0,9.1,18.9,16.65,5.87
2008-10-04,0.0,12.0,21.0,17.85,6.28
2008-10-05,1.6,5.9,11.7,11.16,4.6
2008-10-06,0.0,2.7,16.4,23.35,5.38
2008-10-07,5.7,4.8,12.4,13.08,6.07
2008-10-08,0.1,3.9,13.2,22.25,9.84
2008-10-09,0.5,1.4,11.1,21.22,3.3
2008-10-10,0.0,0.5,16.7,24.09,4.02
2008-10-11,0.0,5.3,18.9,22.18,4.23
2008-10-12,0.5,7.0,17.0,21.5,3.91
2008-10-13,0.0,4.8,18.6,24.7,4.65
2008-10-14,0.0,4.2,20.3,25.55,5.24
2008-10-15,0.0,5.5,18.8,21.55,4.6
2008-10-16,7.2,8.3,19.6,14.77,6.38
2008-10-17,0.2,6.8,13.9,19.03,5.64
2008-10-18,1.2,5.9,10.9,11.59,7.5
2008-10-19,0.0,5.5,13.3,21.29,6.44
2008-10-20,0.0,5.0,16.7,18.33,4.62
2008-10-21,0.0,6.4,15.6,24.0,5.82
2008-10-22,0.6,4.3,12.9,9.52,3.89
2008-10-23,0.0,4.1,13.1,18.49,6.42
2008-10-24,0.1,2.2,15.8,20.92,4.88
2008-10-25,11.5,4.1,15.0,15.65,7.23
2008-10-26,2.4,3.4,10.1,21.68,7.93
2008-10-27,0.0,6.3,20.7,27.93,4.07
2008-10-28,0.0,9.7,19.7,16.52,8.2
2008-10-29,1.4,6.8,12.4,17.51,6.65
2008-10-30,1.6,4.8,16.3,27.16,4.08
2008-10-31,0.0,4.9,17.3,27.21,6.16
2008-11-01,2.3,7.6,18.8,13.69,10.42
2008-11-02,0.0,6.5,17.7,28.74,4.25
2008-11-03,0.0,7.4,20.1,29.19,4.12
2008-11-04,1.2,4.6,17.6,22.35,6.8
2008-11-05,3.2,3.6,12.8,20.63,9.11
2008-11-06,2.2,2.2,11.5,26.85,4.79
2008-11-07,1.1,1.1,10.4,25.51,4.34
2008-11-08,0.0,1.1,14.4,29.63,7.38
2008-11-09,0.1,5.7,17.8,17.18,6.76
2008-11-10,0.8,11.1,21.2,23.38,6.38
2008-11-11,0.0,8.4,22.5,28.68,5.22
2008-11-12,0.0,9.3,18.6,27.65,5.46
2008-11-13,0.0,8.3,20.4,28.73,5.42
2008-11-14,0.0,10.9,18.4,28.09,6.66
2008-11-15,0.0,9.5,26.9,31.32,6.2
2008-11-16,1.5,9.3,21.7,27.36,7.34
2008-11-17,4.1,8.5,16.4,23.57,7.11
2008-11-18,0.7,6.5,12.9,24.79,6.64
2008-11-19,1.4,6.3,19.7,30.78,7.07
2008-11-20,0.0,8.0,14.9,21.18,5.61
2008-11-21,0.0,6.7,20.7,29.98,6.75
2008-11-22,2.2,11.0,19.9,9.6,6.44
2008-11-23,0.0,11.9,24.6,22.13,5.3
2008-11-24,4.0,17.2,24.6,15.06,8.93
2008-11-25,0.6,8.9,21.8,27.85,9.53
2008-11-26,0.5,7.3,14.7,21.31,6.11
2008-11-27,0.0,7.7,15.5,19.09,5.78
2008-11-28,0.0,9.2,21.7,32.41,6.84
2008-11-29,0.0,8.0,25.6,33.74,5.94
2008-11-30,0.0,9.8,16.3,18.91,7.72
2008-12-01,1.5,12.3,19.9,18.31,6.18
2008-12-02,1.3,12.8,23.5,29.76,8.1
2008-12-03,0.0,9.9,22.8,26.05,6.05
2008-12-04,2.5,12.7,22.9,22.95,8.85
2008-12-05,0.4,9.9,20.8,28.63,4.55
2008-12-06,0.1,7.2,18.0,25.01,5.81
2008-12-07,0.0,10.7,22.0,32.52,7.12
2008-12-08,3.6,13.8,20.2,10.76,4.94
2008-12-09,12.7,11.1,13.5,3.55,5.16
2008-12-10,0.0,8.5,20.6,30.28,6.13
2008-12-11,0.0,8.3,19.2,24.79,5.25
2008-12-12,4.8,8.9,11.7,8.91,6.18
2008-12-13,0.0,6.8,15.3,27.14,6.47
2008-12-14,0.0,8.4,16.6,24.35,6.66
2008-12-15,3.7,11.6,22.0,20.43,7.16
2008-12-16,2.2,12.7,23.1,23.54,5.88
2008-12-17,6.6,10.2,15.3,12.6,4.98
2008-12-18,0.0,7.6,21.5,33.38,4.3
2008-12-19,9.0,9.7,14.1,11.2,5.7
2008-12-20,39.0,7.2,12.6,5.05,9.76
2008-12-21,0.1,6.9,12.6,22.96,7.28
2008-12-22,0.0,4.3,17.2,30.36,5.1
2008-12-23,0.0,9.4,17.2,30.25,7.38
2008-12-24,0.0,10.6,17.9,26.66,6.74
2008-12-25,1.1,10.3,14.6,16.23,6.22
2008-12-26,0.0,10.4,21.8,29.21,7.25
2008-12-27,0.2,11.0,21.3,30.49,6.29
2008-12-28,0.0,9.3,25.0,32.19,3.77
2008-12-29,0.0,12.5,25.8,32.87,5.03
2008-12-30,0.0,11.6,27.7,33.94,4.48
2008-12-31,0.0,12.5,26.1,31.02,8.33
2009-01-01,0.0,13.6,21.9,33.93,6.4
2009-01-02,0.2,11.7,26.2,27.96,8.51
2009-01-03,15.2,10.4,18.5,26.65,5.73
2009-01-04,0.0,8.0,20.1,27.81,5.36
2009-01-05,0.0,10.1,23.6,33.28,5.1
2009-01-06,0.0,12.5,22.2,24.68,6.36
2009-01-07,0.2,13.5,28.2,27.92,6.79
2009-01-08,0.0,15.4,31.1,31.6,5.97
2009-01-09,0.0,17.5,23.6,11.26,4.63
2009-01-10,1.3,11.5,18.1,19.57,6.48
2009-01-11,0.0,9.9,18.4,29.62,5.64
2009-01-12,0.0,7.4,19.8,31.55,5.73
2009-01-13,0.0,10.6,18.9,19.34,3.28
2009-01-14,0.0,11.0,21.5,29.84,5.73
2009-01-15,0.0,12.5,28.1,32.22,5.19
2009-01-16,0.0,14.5,31.1,30.01,6.25
2009-01-17,0.0,14.7,25.8,18.89,6.41
2009-01-18,6.5,12.2,20.5,24.04,4.05
2009-01-19,0.8,11.1,18.9,21.7,5.38
2009-01-20,0.1,11.5,16.5,17.55,5.81
2009-01-21,0.0,9.1,25.6,31.5,4.7
2009-01-22,0.0,13.8,27.8,28.16,4.2
2009-01-23,0.0,12.1,30.1,32.27,3.86
2009-01-24,0.0,12.5,29.3,31.7,5.46
2009-01-25,0.0,13.4,30.5,30.28,3.41
2009-01-26,0.0,15.6,26.0,29.07,4.88
2009-01-27,5.3,10.9,16.5,9.44,7.67
2009-01-28,0.0,10.4,19.4,26.78,5.44
2009-01-29,0.0,11.0,24.7,24.24,3.54
2009-01-30,0.0,13.8,23.3,22.25,5.33
2009-01-31,0.0,16.5,30.6,26.2,6.45
2009-02-01,0.6,13.0,27.5,24.31,9.18
2009-02-02,0.6,11.1,13.4,7.38,4.69
2009-02-03,0.0,8.5,23.1,24.31,3.36
2009-02-04,0.1,12.2,17.2,10.54,3.23
2009-02-05,0.0,11.8,21.3,27.91,6.89
2009-02-06,0.0,11.3,27.4,29.06,6.41
2009-02-07,0.0,14.3,22.6,22.62,6.04
2009-02-08,0.0,13.8,34.3,27.96,5.0
2009-02-09,0.0,15.2,29.0,20.76,5.48
2009-02-10,1.8,12.8,16.8,8.87,4.4
2009-02-11,2.5,11.7,16.5,10.63,6.07
2009-02-12,15.4,11.1,14.8,3.62,6.99
2009-02-13,0.6,9.6,12.4,10.07,7.43
2009-02-14,0.0,8.1,16.4,23.63,4.14
2009-02-15,0.0,7.9,23.6,27.38,5.01
2009-02-16,3.5,10.2,15.1,5.19,4.79
2009-02-17,0.0,4.7,19.2,26.92,4.2
2009-02-18,0.0,10.5,18.0,17.29,4.3
2009-02-19,0.0,10.3,22.7,25.08,4.88
2009-02-20,14.1,13.4,15.4,4.26,7.6
2009-02-21,14.8,13.6,17.3,10.02,7.2
2009-02-22,0.0,12.5,19.3,22.68,6.44
2009-02-23,0.2,11.0,14.1,12.57,5.5
2009-02-24,1.9,9.9,12.3,6.57,5.33
2009-02-25,0.0,9.3,15.9,16.34,4.6
2009-02-26,0.1,9.0,18.4,18.3,4.88
2009-02-27,0.0,10.9,19.0,13.0,3.91
2009-02-28,5.0,13.9,16.4,7.19,9.01
2009-03-01,0.3,14.7,22.5,19.88,8.49
2009-03-02,1.1,12.8,23.2,21.86,5.11
2009-03-03,1.9,11.1,14.3,8.03,3.68
2009-03-04,0.0,9.0,24.4,24.53,4.88
2009-03-05,0.0,10.0,22.3,13.08,4.66
2009-03-06,2.3,14.9,26.0,17.64,6.51
2009-03-07,0.0,14.5,23.5,22.94,5.94
2009-03-08,0.1,11.3,23.7,22.51,7.36
2009-03-09,4.5,8.3,15.9,18.8,5.98
2009-03-10,2.7,5.9,18.7,16.94,7.99
2009-03-11,1.8,6.3,10.6,17.14,10.47
2009-03-12,0.0,6.2,19.2,11.45,4.81
2009-03-13,0.0,9.5,13.9,11.17,6.58
2009-03-14,0.0,7.8,17.5,18.1,4.96
2009-03-15,0.0,8.4,18.9,21.52,5.64
2009-03-16,0.0,7.4,20.1,20.01,5.73
2009-03-17,0.0,9.3,21.7,20.97,4.52
2009-03-18,0.6,7.7,22.5,13.72,5.15
2009-03-19,0.1,10.8,21.6,18.43,5.5
2009-03-20,0.4,8.5,18.0,13.78,5.01
2009-03-21,1.3,6.5,14.7,9.13,7.38
2009-03-22,0.1,8.5,11.7,9.35,7.02
2009-03-23,0.0,7.4,14.3,15.09,4.83
2009-03-24,0.0,3.6,18.9,19.56,2.11
2009-03-25,0.0,7.3,24.6,19.25,4.54
2009-03-26,0.0,8.7,21.1,18.03,5.95
2009-03-27,0.0,10.5,21.8,14.61,6.58
2009-03-28,0.0,7.2,20.6,18.57,3.69
2009-03-29,0.0,8.6,23.6,18.13,2.55
2009-03-30,0.0,9.6,19.4,17.24,4.8
2009-03-31,1.4,9.1,11.7,5.89,4.33
2009-04-01,0.0,7.4,13.0,11.82,3.61
2009-04-02,0.0,2.3,17.0,17.01,2.52
2009-04-03,0.0,4.6,19.1,17.43,4.88
2009-04-04,0.0,5.9,22.5,17.17,3.96
2009-04-05,0.0,7.3,19.6,10.93,6.32
2009-04-06,0.0,13.2,22.1,12.06,6.86
2009-04-07,2.0,10.1,20.6,12.16,6.16
2009-04-08,15.1,4.4,11.8,10.47,10.18
2009-04-09,0.0,4.9,10.6,12.19,8.31
2009-04-10,0.0,1.8,14.1,14.73,3.02
2009-04-11,0.0,3.8,18.1,15.22,2.22
2009-04-12,0.0,5.7,17.8,14.99,4.03
2009-04-13,0.0,7.2,18.6,10.0,5.64
2009-04-14,0.0,7.5,16.6,10.98,5.06
2009-04-15,0.0,7.0,19.9,11.39,4.68
2009-04-16,0.9,14.0,19.3,3.78,6.5
2009-04-17,5.2,11.7,16.1,7.29,4.96
2009-04-18,0.0,9.8,18.9,9.91,2.51
2009-04-19,0.0,11.3,19.3,10.46,2.86
2009-04-20,0.7,7.4,11.5,3.1,5.98
2009-04-21,0.0,3.1,11.6,13.53,3.83
2009-04-22,0.0,1.2,12.9,12.5,2.66
2009-04-23,0.0,2.4,14.5,11.94,4.83
2009-04-24,0.0,3.6,14.0,9.66,4.21
2009-04-25,0.0,6.8,18.3,11.24,7.66
2009-04-26,0.4,14.5,22.2,10.85,8.01
2009-04-27,3.0,15.6,21.0,5.69,7.98
2009-04-28,0.4,11.7,20.7,10.67,6.08
2009-04-29,6.6,7.1,12.2,4.4,6.15
2009-04-30,3.8,6.5,8.9,2.69,3.67
2009-05-01,0.3,4.3,9.5,8.36,2.92
2009-05-02,0.0,1.3,10.7,9.94,5.09
2009-05-03,0.2,0.3,11.9,10.24,4.32
2009-05-04,0.0,-2.4,12.4,11.05,2.59
2009-05-05,1.6,3.4,13.6,9.24,4.08
2009-05-06,20.1,5.3,8.1,3.43,7.03
2009-05-07,0.0,-1.1,12.2,10.78,2.92
2009-05-08,10.0,4.6,6.5,3.87,8.0
2009-05-09,2.2,0.9,9.5,9.84,7.9
2009-05-10,18.2,2.2,4.1,2.69,7.58
2009-05-11,0.6,-0.2,8.1,9.6,6.49
2009-05-12,0.2,-1.4,9.5,6.12,3.67
2009-05-13,0.0,-0.1,11.4,9.04,2.86
2009-05-14,0.0,3.1,12.8,9.46,6.39
2009-05-15,6.1,5.3,12.4,9.49,8.17
2009-05-16,1.4,6.1,17.1,7.87,7.18
2009-05-17,11.1,5.9,14.3,8.76,7.66
2009-05-18,2.4,5.3,13.0,6.47,6.89
2009-05-19,4.8,2.6,10.9,8.0,11.19
2009-05-20,1.6,2.4,5.8,7.62,10.98
2009-05-21,0.2,2.3,6.8,6.94,8.56
2009-05-22,4.2,4.5,6.9,4.8,11.29
2009-05-23,11.2,5.0,7.6,1.98,11.72
2009-05-24,1.3,7.3,8.3,1.41,6.8
2009-05-25,0.0,5.7,7.7,2.93,5.35
2009-05-26,0.0,2.5,9.0,6.36,2.83
2009-05-27,0.0,-0.3,11.8,8.09,3.54
2009-05-28,0.0,1.9,12.7,7.0,3.4
2009-05-29,0.0,1.5,10.6,6.78,3.02
2009-05-30,0.3,3.2,9.8,5.8,3.31
2009-05-31,4.3,2.2,5.5,5.27,8.46
2009-06-01,0.0,1.7,9.8,4.15,5.65
2009-06-02,0.0,-3.6,9.2,7.46,2.22
2009-06-03,0.0,-4.7,9.8,7.52,2.53
2009-06-04,0.0,-3.0,9.8,7.38,2.55
2009-06-05,0.0,-1.9,10.2,6.85,4.8
2009-06-06,0.7,0.1,8.4,4.42,6.84
2009-06-07,0.0,-0.8,5.3,6.06,3.51
2009-06-08,0.0,1.9,7.5,6.95,7.36
2009-06-09,2.0,4.7,9.3,3.24,7.42
2009-06-10,0.3,3.9,13.2,6.71,5.84
2009-06-11,0.4,5.3,14.3,6.63,3.91
2009-06-12,0.0,6.2,13.4,5.34,3.41
2009-06-13,0.0,2.7,10.3,4.54,4.67
2009-06-14,0.0,2.7,11.1,6.33,3.3
2009-06-15,1.8,2.7,9.9,7.07,3.26
2009-06-16,5.5,1.1,4.7,6.39,7.89
2009-06-17,0.0,-0.3,7.0,5.99,4.19
2009-06-18,0.0,-3.5,8.5,6.93,2.55
2009-06-19,0.0,-5.2,9.5,6.65,5.4
2009-06-20,0.4,4.1,7.7,3.37,6.85
2009-06-21,0.0,2.5,8.3,2.65,5.9
2009-06-22,0.0,4.6,7.6,3.29,4.39
2009-06-23,0.0,0.4,7.3,5.11,2.31
2009-06-24,0.0,-2.2,8.8,3.11,2.11
2009-06-25,0.0,-2.6,9.5,6.34,2.55
2009-06-26,0.0,0.6,9.0,5.17,2.4
2009-06-27,0.0,-1.1,7.7,5.7,2.45
2009-06-28,1.3,-1.4,6.5,4.45,3.61
2009-06-29,0.4,1.6,5.4,3.3,3.64
2009-06-30,0.0,0.5,6.5,4.21,3.4
2009-07-01,0.0,-0.2,6.5,3.6,2.0
2009-07-02,4.8,-0.3,7.1,4.23,6.16
2009-07-03,5.3,1.8,7.4,6.63,5.89
2009-07-04,0.0,0.8,7.8,3.68,5.86
2009-07-05,6.8,3.3,6.1,2.2,5.19
2009-07-06,0.9,1.8,6.4,3.98,3.61
2009-07-07,5.4,1.1,7.1,4.64,2.26
2009-07-08,0.3,2.4,7.1,7.05,4.03
2009-07-09,0.0,-0.1,9.3,5.53,3.11
2009-07-10,0.0,-3.4,8.8,7.22,2.48
2009-07-11,0.0,-4.2,7.3,6.55,3.01
2009-07-12,1.0,0.4,5.3,4.12,4.2
2009-07-13,0.0,-3.8,5.3,6.05,3.61
2009-07-14,0.0,-4.4,7.9,7.69,2.25
2009-07-15,0.2,-0.9,5.5,2.62,3.86
2009-07-16,0.0,-1.6,6.9,5.27,2.02
2009-07-17,0.0,0.1,8.2,6.07,2.73
2009-07-18,0.0,-1.7,9.1,7.57,5.24
2009-07-19,1.9,-2.4,7.6,7.5,4.8
2009-07-20,0.0,-2.9,8.0,8.13,3.04
2009-07-21,0.0,-0.5,12.8,5.71,6.84
2009-07-22,0.0,-0.9,12.4,8.83,6.61
2009-07-23,3.3,3.7,12.6,4.61,6.72
2009-07-24,4.3,1.2,6.7,6.4,8.15
2009-07-25,0.0,-3.2,9.7,9.03,2.83
2009-07-26,0.0,-3.3,8.4,8.56,1.71
2009-07-27,0.0,-4.7,8.4,9.11,3.52
2009-07-28,0.5,-1.1,9.3,4.84,5.58
2009-07-29,0.0,1.6,10.4,8.59,4.02
2009-07-30,0.0,1.6,11.5,9.6,5.03
2009-07-31,0.7,2.5,13.5,7.28,3.91
2009-08-01,0.0,1.6,12.1,8.78,3.32
2009-08-02,1.8,0.5,10.7,5.58,6.24
2009-08-03,0.2,1.6,11.3,9.81,3.05
2009-08-04,2.1,3.1,13.0,6.51,6.61
2009-08-05,0.1,2.5,12.9,8.16,4.26
2009-08-06,0.0,-2.1,10.5,10.72,3.22
2009-08-07,0.0,0.6,12.7,9.95,3.1
2009-08-08,0.0,-0.7,14.2,10.94,2.55
2009-08-09,0.0,-2.4,13.7,10.95,3.18
2009-08-10,0.0,-1.8,13.6,10.35,3.09
2009-08-11,0.0,0.9,13.9,9.07,3.89
2009-08-12,2.1,5.3,13.4,8.25,2.51
2009-08-13,4.6,5.8,7.6,1.49,2.75
2009-08-14,0.0,5.3,14.1,10.79,3.26
2009-08-15,4.1,4.2,9.4,4.16,1.5
2009-08-16,1.9,5.8,9.8,3.67,4.25
2009-08-17,0.0,6.0,11.9,4.77,3.7
2009-08-18,5.0,4.8,10.7,5.48,5.87
2009-08-19,0.0,-2.0,12.5,12.3,2.94
2009-08-20,0.0,-1.0,12.6,12.56,3.92
2009-08-21,0.0,-0.4,10.9,10.23,5.16
2009-08-22,0.0,4.4,12.9,11.71,5.28
2009-08-23,1.9,4.3,12.8,5.31,4.33
2009-08-24,0.0,3.5,15.7,12.37,3.08
2009-08-25,1.8,8.6,16.2,12.15,7.99
2009-08-26,1.4,8.1,14.5,14.18,10.57
2009-08-27,1.0,2.9,14.3,12.03,7.96
2009-08-28,0.0,2.7,16.3,13.86,6.54
2009-08-29,0.0,4.7,16.0,14.34,5.34
2009-08-30,2.7,5.2,14.2,8.43,7.66
2009-08-31,3.2,7.8,14.5,13.27,8.44
2009-09-01,0.0,6.9,13.9,14.48,9.55
2009-09-02,0.0,3.6,12.5,15.5,7.61
2009-09-03,0.3,0.5,8.4,14.72,6.4
2009-09-04,0.0,-4.4,10.1,16.3,5.47
2009-09-05,0.0,-4.5,12.5,16.52,2.7
2009-09-06,0.0,-3.3,12.4,16.52,4.29
2009-09-07,0.0,-1.3,14.9,13.84,2.58
2009-09-08,0.0,-0.1,18.1,17.01,3.11
2009-09-09,0.0,-1.2,16.7,17.01,2.83
2009-09-10,0.0,0.2,16.3,12.63,4.14
2009-09-11,0.8,9.8,19.2,14.59,5.08
2009-09-12,0.0,7.5,17.7,15.44,3.08
2009-09-13,0.0,6.6,19.4,17.69,3.47
2009-09-14,0.0,8.7,20.4,10.85,6.7
2009-09-15,0.0,7.2,14.1,15.81,5.3
2009-09-16,0.0,3.9,15.2,15.71,4.31
2009-09-17,0.0,2.0,13.5,18.72,5.81
2009-09-18,2.0,6.3,14.9,5.74,5.71
2009-09-19,0.1,4.5,11.6,14.29,4.84
2009-09-20,0.0,2.3,16.1,20.05,6.28
2009-09-21,0.0,1.8,17.3,19.38,3.08
2009-09-22,3.4,4.2,14.7,17.66,5.75
2009-09-23,1.1,0.4,13.8,18.76,6.83
2009-09-24,0.4,2.7,7.1,7.13,5.77
2009-09-25,7.5,4.5,8.1,3.92,7.96
2009-09-26,0.1,3.5,11.0,14.63,5.64
2009-09-27,0.4,0.6,13.3,17.16,4.94
2009-09-28,7.4,5.8,9.8,4.52,5.19
2009-09-29,2.1,3.3,13.4,15.5,3.88
2009-09-30,0.3,5.3,11.7,11.82,6.78
2009-10-01,0.0,6.9,14.3,13.98,4.94
2009-10-02,0.0,6.4,19.2,18.23,6.25
2009-10-03,0.3,4.1,13.1,19.91,8.6
2009-10-04,1.4,1.5,7.8,19.4,8.06
2009-10-05,0.6,2.1,8.0,13.76,3.45
2009-10-06,0.0,1.8,8.8,15.0,5.98
2009-10-07,0.0,3.4,12.3,20.82,3.85
2009-10-08,4.5,3.1,13.0,15.42,4.55
2009-10-09,17.7,2.9,5.5,4.29,5.47
2009-10-10,0.9,2.8,9.7,12.86,7.38
2009-10-11,0.0,-0.9,15.5,24.4,3.23
2009-10-12,0.0,4.0,16.1,24.82,3.36
2009-10-13,0.0,3.9,15.7,22.15,2.82
2009-10-14,1.8,3.9,15.5,16.52,7.71
2009-10-15,0.0,7.2,18.4,24.45,5.02
2009-10-16,4.0,6.9,12.4,10.94,3.28
2009-10-17,0.3,4.0,14.0,15.97,4.71
2009-10-18,4.4,2.5,9.4,10.86,5.48
2009-10-19,2.3,-1.4,15.0,21.84,8.1
2009-10-20,2.2,3.7,10.1,22.42,6.58
2009-10-21,0.0,2.7,18.0,26.02,5.16
2009-10-22,8.6,6.8,12.3,14.0,4.02
2009-10-23,1.2,4.4,10.6,17.45,4.21
2009-10-24,0.0,1.1,13.6,25.23,5.97
2009-10-25,0.0,3.4,17.0,27.64,4.04
2009-10-26,9.6,4.8,15.8,19.11,7.07
2009-10-27,5.3,3.7,10.0,11.58,8.85
2009-10-28,5.6,2.3,18.5,23.54,8.71
2009-10-29,3.7,3.8,9.3,21.79,9.45
2009-10-30,0.2,5.0,11.7,19.51,6.61
2009-10-31,0.0,5.2,14.7,25.42,4.1
2009-11-01,0.0,5.0,18.9,24.78,4.57
2009-11-02,0.0,9.1,18.3,24.52,6.02
2009-11-03,0.0,8.0,14.4,19.67,8.3
2009-11-04,0.2,7.7,20.1,19.74,8.54
2009-11-05,0.0,8.8,17.1,25.52,5.44
2009-11-06,0.0,5.0,17.6,29.9,6.01
2009-11-07,0.0,5.7,19.7,28.76,6.44
2009-11-08,0.1,9.5,17.6,20.51,4.97
2009-11-09,2.3,7.5,10.8,14.06,7.68
2009-11-10,0.0,4.7,20.6,26.42,4.33
2009-11-11,2.9,4.8,12.5,17.22,7.54
2009-11-12,0.0,1.0,15.9,29.07,7.22
2009-11-13,3.4,7.1,13.5,14.67,9.33
2009-11-14,0.0,5.1,19.3,24.04,6.65
2009-11-15,0.0,8.3,17.3,25.07,5.8
2009-11-16,0.9,5.2,15.0,27.21,5.2
2009-11-17,0.0,3.6,15.4,26.06,7.63
2009-11-18,2.4,6.7,13.3,18.9,4.11
2009-11-19,0.0,6.1,18.4,25.1,6.26
2009-11-20,0.0,9.5,23.8,31.21,7.24
2009-11-21,0.8,9.4,24.2,17.14,6.8
2009-11-22,0.4,8.3,13.7,16.7,5.19
2009-11-23,0.3,8.2,23.3,21.8,7.96
2009-11-24,0.0,11.5,19.4,28.56,6.14
2009-11-25,0.0,8.8,23.7,32.52,8.34
2009-11-26,0.4,10.5,19.8,30.1,5.9
2009-11-27,0.0,9.0,19.7,21.01,8.21
2009-11-28,3.2,7.4,12.4,9.0,5.78
2009-11-29,0.5,3.3,16.1,22.22,6.73
2009-11-30,8.9,7.6,9.1,4.53,4.34
2009-12-01,0.0,8.1,16.1,15.77,6.16
2009-12-02,7.5,7.3,11.2,5.44,5.46
2009-12-03,0.0,6.2,11.3,18.24,3.18
2009-12-04,0.0,5.3,13.3,22.89,6.3
2009-12-05,0.0,6.7,18.5,30.16,4.25
2009-12-06,4.8,8.4,21.1,18.49,2.72
2009-12-07,0.2,10.1,20.1,30.68,7.09
2009-12-08,0.2,8.4,21.9,21.61,6.71
2009-12-09,1.0,14.6,23.3,18.99,8.13
2009-12-10,9.4,12.0,16.2,8.51,5.37
2009-12-11,0.0,11.5,24.8,20.34,5.89
2009-12-12,1.5,11.0,20.9,30.51,9.92
2009-12-13,0.0,9.6,18.9,29.28,7.07
2009-12-14,21.2,6.6,16.2,26.36,6.6
2009-12-15,1.5,6.0,13.3,30.54,5.38
2009-12-16,1.1,5.7,17.8,28.71,5.13
2009-12-17,0.0,8.5,21.0,31.5,6.0
2009-12-18,0.0,9.5,23.0,30.81,8.53
2009-12-19,2.3,12.0,23.2,24.18,6.02
2009-12-20,12.5,8.5,19.0,23.12,8.17
2009-12-21,0.0,6.8,13.3,26.5,8.28
2009-12-22,0.0,5.0,16.9,33.86,6.84
2009-12-23,0.0,6.7,23.7,34.18,3.94
2009-12-24,0.0,10.7,20.9,30.33,7.1
2009-12-25,0.0,11.0,27.2,29.71,5.15
2009-12-26,0.0,14.7,27.0,28.53,5.19
2009-12-27,1.3,12.0,20.0,8.83,6.91
2009-12-28,0.5,11.3,18.9,29.33,6.63
2009-12-29,0.5,12.3,24.0,30.63,6.05
2009-12-30,2.4,9.8,17.0,22.94,7.56
2009-12-31,0.0,5.4,17.7,30.57,6.22
2010-01-01,0.0,9.9,25.9,33.86,8.96
2010-01-02,0.1,11.7,25.7,27.32,9.27
2010-01-03,4.1,10.8,23.4,18.25,8.19
2010-01-04,0.5,11.0,19.9,29.6,8.7
2010-01-05,0.0,10.4,23.0,29.9,3.77
2010-01-06,0.0,13.0,24.8,32.66,7.57
2010-01-07,9.3,14.3,22.0,22.58,6.94
2010-01-08,3.5,9.4,17.6,29.2,6.96
2010-01-09,0.0,8.5,18.9,26.22,5.66
2010-01-10,9.2,9.2,20.7,16.43,9.9
2010-01-11,4.3,8.2,15.8,21.61,6.72
2010-01-12,4.7,9.7,16.0,22.55,8.91
2010-01-13,0.0,8.9,18.8,16.68,5.28
2010-01-14,0.9,11.5,20.7,18.01,8.87
2010-01-15,0.0,9.3,16.7,19.92,4.42
2010-01-16,0.6,9.0,13.7,9.56,6.81
2010-01-17,0.6,10.4,14.9,6.71,5.95
2010-01-18,0.2,12.5,19.3,19.06,4.08
2010-01-19,0.0,11.9,20.5,22.12,4.74
2010-01-20,0.8,13.4,24.4,25.63,4.49
2010-01-21,1.1,15.9,22.3,18.28,5.68
2010-01-22,16.5,11.7,15.5,6.5,7.95
2010-01-23,4.4,11.4,15.2,9.24,7.72
2010-01-24,1.6,10.1,21.5,20.21,7.6
2010-01-25,0.0,10.9,17.3,26.47,6.94
2010-01-26,0.0,10.0,19.1,19.9,5.83
2010-01-27,0.0,13.6,25.0,28.9,4.72
2010-01-28,0.0,13.6,23.4,27.96,4.95
2010-01-29,0.0,13.4,22.4,25.5,6.86
2010-01-30,0.0,12.8,27.1,28.28,8.32
2010-01-31,0.0,9.8,16.6,22.62,4.3
2010-02-01,0.0,6.7,17.7,24.54,5.8
2010-02-02,0.0,9.1,22.7,28.56,4.21
2010-02-03,0.0,11.6,22.6,26.5,3.51
2010-02-04,0.0,10.7,22.3,29.52,4.65
2010-02-05,0.0,11.2,22.7,27.9,6.02
2010-02-06,0.0,13.3,25.5,25.58,3.86
2010-02-07,0.0,13.4,20.5,14.71,5.24
2010-02-08,0.1,12.2,19.2,21.26,3.13
2010-02-09,0.0,12.1,21.7,20.52,4.1
2010-02-10,0.2,12.4,15.0,7.35,4.3
2010-02-11,0.0,12.2,19.4,13.01,3.05
2010-02-12,1.3,13.1,23.6,22.82,4.97
2010-02-13,0.8,12.1,23.7,18.82,10.07
2010-02-14,0.0,11.6,21.3,18.72,4.52
2010-02-15,0.0,11.9,14.2,7.01,3.72
2010-02-16,0.0,10.8,21.9,26.5,4.47
2010-02-17,4.0,12.9,17.4,10.65,6.6
2010-02-18,15.2,10.5,17.4,5.17,6.09
2010-02-19,0.0,8.9,19.3,26.64,5.13
2010-02-20,0.0,9.2,24.0,27.12,4.38
2010-02-21,0.0,11.4,26.3,26.37,4.37
2010-02-22,0.0,10.8,28.1,26.35,2.44
2010-02-23,0.0,10.5,29.0,26.86,4.36
2010-02-24,0.5,10.0,26.2,26.29,6.36
2010-02-25,1.5,13.2,24.6,23.17,6.58
2010-02-26,0.5,12.4,20.8,20.66,5.56
2010-02-27,0.0,9.5,27.7,25.37,6.47
2010-02-28,0.0,8.6,25.2,24.34,3.51
2010-03-01,0.4,11.2,21.5,11.3,7.21
2010-03-02,0.0,9.8,22.6,23.36,4.74
2010-03-03,0.4,12.5,22.8,21.61,5.92
2010-03-04,0.0,9.6,25.1,24.21,5.9
2010-03-05,7.5,10.9,20.0,12.32,4.54
2010-03-06,0.0,11.6,18.4,14.93,5.37
2010-03-07,0.0,9.8,20.9,23.2,6.08
2010-03-08,0.0,10.7,23.6,22.62,2.91
2010-03-09,0.0,9.6,23.1,22.73,5.39
2010-03-10,0.0,13.0,23.9,22.67,6.44
2010-03-11,6.7,10.8,16.7,5.14,5.32
2010-03-12,4.8,6.9,13.3,12.16,8.97
2010-03-13,0.0,4.2,21.2,16.56,3.97
2010-03-14,0.0,12.4,27.3,21.02,5.54
2010-03-15,0.0,9.5,20.6,21.19,7.02
2010-03-16,0.4,10.0,23.1,21.59,6.18
2010-03-17,2.8,5.0,11.7,13.0,8.74
2010-03-18,0.0,3.9,21.3,15.4,4.28
2010-03-19,0.0,6.8,19.2,20.12,4.63
2010-03-20,0.0,8.7,24.1,14.5,3.72
2010-03-21,0.0,12.1,23.3,9.52,4.92
2010-03-22,0.4,11.4,24.3,15.92,7.66
2010-03-23,0.0,8.2,20.7,19.78,5.77
2010-03-24,4.6,8.9,18.0,10.92,5.49
2010-03-25,0.0,6.5,19.3,17.6,5.91
2010-03-26,0.0,9.8,25.2,18.37,4.46
2010-03-27,0.0,11.5,19.6,9.41,7.28
2010-03-28,1.4,9.0,12.6,7.97,4.04
2010-03-29,0.0,7.6,17.8,17.31,7.54
2010-03-30,0.0,10.1,24.0,15.96,4.24
2010-03-31,0.0,11.0,24.5,15.56,3.07
2010-04-01,0.0,10.0,24.6,15.29,3.12
2010-04-02,0.0,9.3,23.9,17.01,2.76
2010-04-03,0.0,9.9,22.3,17.33,5.51
2010-04-04,1.4,9.5,14.0,3.7,6.22
2010-04-05,0.0,8.7,13.4,11.15,5.87
2010-04-06,2.2,8.4,10.7,3.37,3.81
2010-04-07,0.0,5.5,14.1,13.74,2.88
2010-04-08,0.0,1.3,14.8,16.35,6.16
2010-04-09,0.0,4.1,17.5,15.91,3.12
2010-04-10,0.0,3.2,17.0,14.94,5.1
2010-04-11,0.0,3.3,22.2,15.71,4.7
2010-04-12,0.0,8.4,22.0,14.04,2.8
2010-04-13,0.5,10.5,19.6,7.82,7.03
2010-04-14,0.0,10.9,21.5,14.29,5.86
2010-04-15,0.2,11.1,20.4,13.61,7.78
2010-04-16,8.0,6.2,13.8,14.36,5.28
2010-04-17,0.0,4.5,19.1,11.28,3.1
2010-04-18,0.0,5.7,17.4,12.86,5.11
2010-04-19,0.0,9.0,18.4,12.28,3.74
2010-04-20,0.0,7.3,17.8,13.0,3.9
2010-04-21,0.0,6.5,19.5,12.98,4.47
2010-04-22,0.0,7.7,21.6,13.33,3.41
2010-04-23,0.0,8.6,21.4,12.42,5.82
2010-04-24,6.8,10.1,12.5,2.66,7.09
2010-04-25,0.7,11.6,21.3,7.56,6.95
2010-04-26,0.0,10.8,16.9,4.8,5.01
2010-04-27,3.6,9.9,15.2,3.83,5.87
2010-04-28,0.0,10.9,16.0,4.11,8.48
2010-04-29,0.1,10.6,18.7,7.53,4.67
2010-04-30,0.2,9.2,19.5,10.68,4.38
2010-05-01,0.4,5.7,12.5,9.6,4.88
2010-05-02,0.0,5.3,13.6,9.87,4.7
2010-05-03,0.0,5.0,16.4,7.82,5.06
2010-05-04,0.0,3.7,14.2,10.62,4.24
2010-05-05,0.0,1.6,14.4,10.98,6.08
2010-05-06,0.0,2.0,17.8,11.06,3.72
2010-05-07,1.7,11.3,18.0,5.96,4.66
2010-05-08,3.1,10.3,14.9,4.78,5.1
2010-05-09,0.0,3.7,16.3,10.35,3.4
2010-05-10,0.0,4.6,18.3,10.16,3.97
2010-05-11,0.0,1.6,14.1,8.81,4.28
2010-05-12,0.0,6.2,17.6,9.07,5.11
2010-05-13,1.3,9.2,20.0,9.22,10.99
2010-05-14,0.0,5.7,18.3,9.4,2.34
2010-05-15,0.3,5.5,15.2,7.08,4.82
2010-05-16,17.5,8.7,10.4,1.78,5.69
2010-05-17,9.9,9.4,10.3,0.99,4.81
2010-05-18,0.1,8.2,12.5,3.97,3.16
2010-05-19,0.0,8.1,11.2,2.84,4.27
2010-05-20,0.0,4.0,11.9,6.57,1.65
2010-05-21,0.8,5.4,9.7,4.33,2.88
2010-05-22,0.0,1.9,12.6,8.45,4.04
2010-05-23,3.5,4.9,11.1,4.01,2.55
2010-05-24,20.9,7.8,10.6,1.79,3.51
2010-05-25,27.5,9.4,10.8,0.89,8.36
2010-05-26,43.4,6.3,10.4,0.93,9.84
2010-05-27,6.0,3.3,6.4,4.6,7.94
2010-05-28,6.6,3.2,6.0,1.89,9.48
2010-05-29,15.4,5.9,7.5,1.41,7.02
2010-05-30,0.2,4.0,8.3,4.97,2.85
2010-05-31,0.0,1.5,8.0,6.48,2.91
2010-06-01,1.2,-1.3,9.3,5.16,3.41
2010-06-02,5.1,5.6,8.0,1.01,3.96
2010-06-03,0.0,-0.8,10.0,3.95,3.69
2010-06-04,0.0,-2.5,11.7,7.72,2.92
2010-06-05,0.0,-0.7,11.3,6.32,1.8
2010-06-06,6.3,1.2,9.1,1.81,4.81
2010-06-07,22.2,4.0,7.4,1.21,11.35
2010-06-08,5.1,3.2,6.0,4.82,7.85
2010-06-09,0.2,-1.1,7.8,6.89,4.61
2010-06-10,0.7,-1.3,10.4,6.64,5.66
2010-06-11,2.4,1.9,10.8,6.12,4.89
2010-06-12,0.0,-0.5,10.9,6.79,6.11
2010-06-13,3.7,-2.8,4.2,3.25,4.34
2010-06-14,1.2,-3.5,8.9,5.96,7.64
2010-06-15,5.4,-0.7,7.9,2.35,7.31
2010-06-16,0.0,-2.8,10.0,6.15,2.5
2010-06-17,0.0,-0.8,9.2,6.06,3.26
2010-06-18,0.0,0.8,11.1,5.27,4.88
2010-06-19,0.9,8.9,15.6,3.99,5.04
2010-06-20,3.6,6.8,11.1,3.62,4.63
2010-06-21,7.1,2.9,9.7,4.95,6.65
2010-06-22,0.3,1.3,11.0,7.07,6.4
2010-06-23,9.0,2.1,5.7,1.58,5.9
2010-06-24,9.3,5.1,7.5,1.3,4.62
2010-06-25,0.6,5.2,8.0,3.52,3.38
2010-06-26,7.2,5.7,7.8,2.24,5.9
2010-06-27,1.7,6.1,8.0,1.97,7.44
2010-06-28,0.0,4.4,9.5,3.84,4.12
2010-06-29,0.3,5.2,7.8,2.33,1.7
2010-06-30,0.0,1.0,8.1,4.77,5.19
2010-07-01,0.0,-2.7,10.2,7.15,2.73
2010-07-02,0.0,0.2,9.9,6.8,2.2
2010-07-03,0.0,-0.3,10.0,6.94,2.47
2010-07-04,0.0,0.4,9.6,7.02,2.91
2010-07-05,0.0,-0.7,9.1,6.68,3.28
2010-07-06,0.0,2.3,8.5,4.45,2.91
2010-07-07,0.0,2.4,7.4,3.82,3.2
2010-07-08,1.8,2.8,7.4,2.49,8.46
2010-07-09,1.8,3.5,5.6,4.83,8.08
2010-07-10,0.0,-2.6,7.0,6.58,3.82
2010-07-11,0.0,-5.1,7.4,7.78,3.0
2010-07-12,0.0,-3.8,7.9,7.87,4.14
2010-07-13,0.0,-1.9,10.7,7.26,2.02
2010-07-14,0.0,-3.5,10.0,7.86,3.54
2010-07-15,0.0,2.7,10.1,7.9,6.84
2010-07-16,0.7,0.7,7.8,3.86,3.36
2010-07-17,2.5,4.5,8.1,1.41,3.49
2010-07-18,0.0,0.8,8.8,6.15,3.61
2010-07-19,0.0,-0.5,11.3,7.58,2.62
2010-07-20,4.5,2.9,12.6,4.99,4.1
2010-07-21,3.7,4.8,8.0,3.02,3.91
2010-07-22,10.8,7.5,9.4,1.79,5.1
2010-07-23,19.1,6.9,8.4,0.74,5.05
2010-07-24,0.0,2.6,7.8,5.95,4.46
2010-07-25,0.0,0.4,8.6,4.11,2.51
2010-07-26,0.0,-1.6,11.8,8.82,3.61
2010-07-27,1.6,-0.4,8.0,4.92,6.9
2010-07-28,0.0,-2.1,10.8,9.14,2.8
2010-07-29,0.1,-1.7,8.4,6.02,1.84
2010-07-30,0.0,-3.7,9.6,9.63,3.24
2010-07-31,0.0,-1.1,11.7,6.56,4.0
2010-08-01,7.6,9.4,13.1,4.51,9.33
2010-08-02,1.1,6.6,12.2,4.0,5.51
2010-08-03,0.0,6.1,9.5,6.25,4.53
2010-08-04,3.1,4.5,9.6,3.81,5.88
2010-08-05,0.0,1.9,9.7,7.99,6.47
2010-08-06,0.0,-1.2,13.0,9.82,2.94
2010-08-07,1.6,3.9,10.6,5.43,3.51
2010-08-08,22.0,3.5,6.5,1.03,8.1
2010-08-09,3.0,2.5,5.1,5.06,8.85
2010-08-10,0.0,-3.5,9.7,11.3,3.31
2010-08-11,0.0,-2.8,12.0,11.27,3.14
2010-08-12,0.0,-0.8,10.7,5.17,5.7
2010-08-13,8.3,8.7,14.0,5.62,6.48
2010-08-14,0.0,5.5,11.5,7.32,3.71
2010-08-15,0.1,6.3,10.3,4.1,4.56
2010-08-16,0.0,4.3,11.0,9.12,5.1
2010-08-17,0.0,2.8,15.1,10.64,2.0
2010-08-18,13.7,5.3,9.1,3.03,7.03
2010-08-19,3.0,5.2,7.9,6.42,6.78
2010-08-20,0.0,0.8,8.3,8.2,3.56
2010-08-21,0.0,-0.9,9.7,11.59,4.43
2010-08-22,0.0,0.1,12.2,12.88,4.1
2010-08-23,1.9,3.0,10.3,10.84,4.41
2010-08-24,0.0,1.7,11.4,11.71,3.28
2010-08-25,0.4,-0.6,9.8,9.99,6.4
2010-08-26,1.9,6.5,15.5,13.2,7.51
2010-08-27,0.0,4.1,12.7,10.77,3.86
2010-08-28,1.7,5.0,15.6,12.15,4.27
2010-08-29,3.1,3.0,8.9,4.7,5.84
2010-08-30,12.4,6.7,9.6,6.16,5.37
2010-08-31,4.9,4.0,10.2,10.9,4.18
2010-09-01,0.0,-2.1,11.5,14.87,5.5
2010-09-02,1.8,3.9,13.2,9.25,7.45
2010-09-03,5.3,-1.0,10.3,8.24,6.87
2010-09-04,0.0,0.6,12.5,15.95,4.13
2010-09-05,4.1,3.7,12.5,4.4,6.53
2010-09-06,0.0,8.3,17.8,15.2,10.89
2010-09-07,2.1,8.3,13.1,8.66,5.02
2010-09-08,2.6,7.8,9.5,2.12,2.57
2010-09-09,2.0,7.2,10.2,7.89,5.0
2010-09-10,6.1,6.1,14.4,10.81,3.36
2010-09-11,0.0,3.9,17.4,15.37,5.52
2010-09-12,4.3,6.6,14.2,9.99,4.6
2010-09-13,3.4,8.3,14.6,9.64,4.66
2010-09-14,1.9,4.9,14.7,13.2,6.36
2010-09-15,3.0,2.4,11.2,17.22,4.96
2010-09-16,0.0,0.8,12.0,9.43,5.24
2010-09-17,1.2,3.7,11.3,15.53,8.75
2010-09-18,0.5,1.0,12.1,16.87,6.69
2010-09-19,0.5,-2.1,9.8,19.04,5.6
2010-09-20,0.6,2.0,12.3,12.99,7.11
2010-09-21,0.5,4.1,11.0,19.06,7.1
2010-09-22,0.0,1.6,11.3,20.09,7.08
2010-09-23,0.0,3.5,10.9,20.13,7.73
2010-09-24,1.3,2.9,14.3,14.95,6.12
2010-09-25,0.0,3.9,14.5,20.08,6.31
2010-09-26,1.8,7.9,17.8,19.8,9.02
2010-09-27,0.0,5.2,17.3,20.75,3.83
2010-09-28,0.0,3.2,17.2,18.15,6.47
2010-09-29,4.7,9.3,19.0,14.34,5.47
2010-09-30,1.1,8.9,18.7,11.64,5.61
2010-10-01,0.0,3.8,14.8,21.84,5.44
2010-10-02,0.0,1.5,15.2,21.86,4.07
2010-10-03,0.0,2.4,14.2,20.49,5.27
2010-10-04,0.0,4.1,14.3,19.96,3.95
2010-10-05,0.0,3.8,15.0,22.72,6.44
2010-10-06,0.0,3.6,18.4,23.28,2.75
2010-10-07,0.0,4.4,13.6,15.83,3.77
2010-10-08,2.1,5.4,17.6,19.79,6.24
2010-10-09,7.8,5.8,11.6,13.27,5.6
2010-10-10,7.7,3.0,15.0,12.75,8.9
2010-10-11,4.6,3.8,10.7,16.67,9.75
2010-10-12,0.0,-0.9,16.6,25.18,4.2
2010-10-13,0.0,2.2,15.1,25.1,4.88
2010-10-14,0.0,4.3,13.9,21.49,5.83
2010-10-15,0.0,5.8,16.8,21.58,3.92
2010-10-16,0.0,9.1,21.8,24.97,5.26
2010-10-17,1.9,7.5,18.0,13.56,8.11
2010-10-18,0.7,3.7,12.9,24.77,6.23
2010-10-19,4.7,2.5,16.1,24.38,8.6
2010-10-20,0.7,2.5,13.8,25.68,4.74
2010-10-21,4.8,6.0,12.9,23.41,7.72
2010-10-22,0.0,5.7,13.8,24.42,7.0
2010-10-23,0.0,4.4,15.7,25.46,5.95
2010-10-24,0.0,7.2,21.2,23.82,5.45
2010-10-25,0.0,7.0,17.9,21.45,4.89
2010-10-26,0.0,8.6,14.8,21.52,6.35
2010-10-27,0.0,7.6,21.3,27.67,4.88
2010-10-28,0.0,6.6,20.8,22.99,4.1
2010-10-29,0.8,8.7,11.7,5.66,5.09
2010-10-30,0.0,6.2,12.4,24.69,6.38
2010-10-31,0.0,3.7,13.0,27.73,6.15
2010-11-01,0.0,4.9,14.2,28.73,6.94
2010-11-02,0.0,7.6,19.0,29.04,6.26
2010-11-03,0.0,6.9,22.2,29.48,4.3
2010-11-04,0.0,5.6,20.9,26.25,5.82
2010-11-05,28.1,5.5,12.4,8.31,8.9
2010-11-06,2.0,5.3,10.2,16.05,7.07
2010-11-07,0.0,0.4,14.6,25.16,4.05
2010-11-08,0.0,8.2,14.5,22.37,5.05
2010-11-09,0.0,7.5,18.4,29.88,5.64
2010-11-10,0.0,7.6,22.2,29.6,3.49
2010-11-11,0.0,10.0,24.1,29.2,3.77
2010-11-12,0.0,11.9,24.5,29.42,4.62
2010-11-13,0.0,12.2,25.2,30.23,3.28
2010-11-14,1.1,10.3,20.2,10.49,8.56
2010-11-15,0.0,9.0,17.1,23.35,7.02
2010-11-16,0.0,9.1,23.9,29.63,5.41
2010-11-17,0.0,10.4,19.6,23.52,4.78
2010-11-18,0.0,9.8,24.5,31.32,3.71
2010-11-19,0.0,12.1,25.1,28.4,2.73
2010-11-20,7.0,10.2,16.7,8.51,5.84
2010-11-21,9.3,7.8,17.1,20.49,6.84
2010-11-22,0.7,6.4,13.8,26.49,3.42
2010-11-23,0.4,5.5,15.7,26.23,4.17
2010-11-24,0.0,6.2,20.1,32.8,4.42
2010-11-25,0.5,9.4,23.5,24.16,4.22
2010-11-26,0.0,9.5,21.9,26.49,3.5
2010-11-27,0.1,13.8,24.5,27.61,2.86
2010-11-28,0.0,13.6,22.5,24.83,5.28
2010-11-29,0.0,11.9,26.6,32.47,5.24
2010-11-30,0.4,13.0,21.3,26.64,4.75
2010-12-01,1.1,11.8,15.5,13.8,4.47
2010-12-02,0.0,11.7,18.7,22.56,3.55
2010-12-03,0.0,11.0,21.1,27.62,3.22
2010-12-04,0.0,13.1,20.8,28.23,7.02
2010-12-05,0.0,12.0,24.3,31.09,3.11
2010-12-06,0.4,10.8,23.0,23.94,7.75
2010-12-07,1.1,9.6,11.7,7.0,5.55
2010-12-08,0.0,8.2,11.4,12.46,6.67
2010-12-09,0.0,7.5,16.6,29.43,4.3
2010-12-10,0.0,7.7,22.4,22.58,5.2
2010-12-11,0.2,13.7,25.8,30.44,5.22
2010-12-12,0.0,11.5,21.3,30.22,7.78
2010-12-13,0.6,16.5,25.3,24.27,6.43
2010-12-14,0.0,12.4,20.3,22.23,6.39
2010-12-15,1.0,12.7,17.6,13.19,4.25
2010-12-16,1.5,11.5,19.7,22.71,5.72
2010-12-17,13.1,14.6,20.9,14.0,5.73
2010-12-18,0.0,17.3,27.0,31.81,5.1
2010-12-19,4.4,14.8,22.5,13.5,7.14
2010-12-20,0.0,16.8,25.6,21.7,5.61
2010-12-21,4.4,18.5,24.7,26.35,9.83
2010-12-22,0.4,13.3,23.9,31.39,11.39
2010-12-23,0.0,9.1,22.7,33.73,5.19
2010-12-24,4.5,11.6,19.5,28.05,9.06
2010-12-25,0.0,8.6,21.4,30.88,6.16
2010-12-26,0.0,11.6,23.1,26.2,3.61
2010-12-27,4.3,13.9,25.0,19.13,7.5
2010-12-28,37.5,9.6,18.9,10.19,10.9
2010-12-29,0.0,7.6,18.8,30.81,6.05
2010-12-30,0.0,11.9,23.8,32.29,4.62
2010-12-31,1.3,9.7,21.1,27.94,5.42
2011-01-01,0.0,11.7,17.9,22.02,8.32
2011-01-02,0.2,12.0,23.0,11.78,9.15
2011-01-03,0.0,16.8,27.1,30.28,5.33
2011-01-04,0.4,13.9,19.8,14.61,4.88
2011-01-05,3.8,14.2,17.4,7.86,4.16
2011-01-06,0.8,14.4,27.0,25.46,8.28
2011-01-07,1.9,12.9,23.8,32.14,7.3
2011-01-08,0.3,11.7,16.3,21.58,6.53
2011-01-09,0.0,9.4,20.4,33.3,5.6
2011-01-10,0.0,9.5,21.3,29.47,4.93
2011-01-11,0.0,12.1,19.8,25.86,5.72
2011-01-12,6.5,8.8,15.7,8.77,6.36
2011-01-13,0.0,8.7,17.6,27.97,4.17
2011-01-14,0.0,8.0,20.6,31.86,5.78
2011-01-15,0.0,10.1,25.6,30.73,7.02
2011-01-16,0.2,14.9,28.4,28.28,7.92
2011-01-17,0.0,14.5,24.9,28.17,6.32
2011-01-18,28.4,13.4,22.4,7.36,5.47
2011-01-19,0.0,11.6,23.4,32.04,7.42
2011-01-20,0.3,10.5,13.2,7.62,5.59
2011-01-21,0.3,10.0,13.0,12.37,5.86
2011-01-22,3.6,9.7,14.3,11.22,5.39
2011-01-23,0.3,9.5,15.1,12.84,3.96
2011-01-24,0.0,10.0,19.1,29.3,3.78
2011-01-25,0.0,10.0,26.1,30.59,4.36
2011-01-26,0.2,12.3,25.9,21.81,6.06
2011-01-27,0.0,14.6,18.7,19.68,6.33
2011-01-28,1.7,11.7,25.3,27.68,5.24
2011-01-29,9.0,12.0,18.0,20.94,10.11
2011-01-30,0.0,10.7,21.5,21.78,6.75
2011-01-31,7.4,11.7,19.8,19.7,6.64
2011-02-01,0.0,8.2,22.4,27.39,4.11
2011-02-02,0.0,12.9,27.1,26.85,7.51
2011-02-03,0.0,11.7,23.7,22.69,7.1
2011-02-04,0.9,14.3,22.2,26.27,7.91
2011-02-05,0.0,10.6,26.8,25.76,4.08
2011-02-06,0.0,20.3,31.0,27.95,7.28
2011-02-07,12.8,12.5,23.7,7.13,8.29
2011-02-08,0.0,9.6,23.5,29.56,5.3
2011-02-09,5.7,10.5,16.0,19.1,6.11
2011-02-10,0.0,6.4,21.3,28.12,4.43
2011-02-11,0.0,10.1,18.5,23.65,8.96
2011-02-12,0.2,13.3,25.9,25.81,6.49
2011-02-13,4.3,15.7,23.0,16.69,5.44
2011-02-14,0.7,12.8,18.0,10.13,7.07
2011-02-15,0.0,9.5,19.4,24.96,3.71
2011-02-16,0.0,8.1,20.8,27.15,4.52
2011-02-17,0.0,10.1,20.3,27.65,7.22
2011-02-18,0.0,11.9,26.7,24.51,4.78
2011-02-19,0.0,15.1,19.9,17.03,5.39
2011-02-20,0.0,13.6,21.3,21.87,8.8
2011-02-21,0.0,13.6,27.6,24.57,4.58
2011-02-22,10.1,11.8,18.5,3.13,5.45
2011-02-23,3.4,11.4,14.7,8.32,4.22
2011-02-24,0.0,10.5,22.2,25.82,5.04
2011-02-25,8.6,11.3,14.8,3.46,5.16
2011-02-26,0.0,10.0,16.0,15.26,4.16
2011-02-27,0.0,7.8,20.3,24.19,5.65
2011-02-28,0.0,7.5,21.9,19.0,4.05
2011-03-01,0.0,13.6,25.0,19.79,7.79
2011-03-02,1.5,10.6,22.5,21.59,9.53
2011-03-03,0.0,5.3,22.5,25.16,5.08
2011-03-04,1.8,13.4,24.9,21.01,8.21
2011-03-05,15.7,8.8,22.5,15.49,7.91
2011-03-06,2.2,7.2,13.1,18.95,7.24
2011-03-07,0.9,5.7,13.7,14.82,5.09
2011-03-08,0.0,7.3,16.5,18.08,3.48
2011-03-09,0.0,8.2,18.5,22.01,4.98
2011-03-10,0.0,9.9,21.4,22.14,4.66
2011-03-11,1.0,10.7,18.5,10.65,4.4
2011-03-12,0.0,13.2,17.8,10.94,4.08
2011-03-13,0.0,10.6,23.2,21.8,3.58
2011-03-14,0.0,10.3,24.8,21.08,6.98
2011-03-15,0.9,11.6,16.5,10.68,8.4
2011-03-16,0.0,8.5,22.4,21.34,4.81
2011-03-17,0.0,12.7,21.7,9.33,4.94
2011-03-18,0.0,11.2,21.7,20.95,5.38
2011-03-19,0.2,10.4,15.1,6.57,5.68
2011-03-20,1.2,9.0,16.0,9.57,3.61
2011-03-21,0.1,12.0,17.9,10.33,3.18
2011-03-22,1.8,9.8,16.5,8.29,7.03
2011-03-23,0.2,10.1,13.8,8.34,6.88
2011-03-24,0.0,8.1,15.7,17.04,5.46
2011-03-25,0.0,7.2,18.7,17.93,7.29
2011-03-26,1.1,12.8,25.6,17.34,4.83
2011-03-27,12.3,10.1,20.8,10.57,13.07
2011-03-28,0.0,3.9,17.6,18.63,5.74
2011-03-29,0.0,7.2,21.3,18.18,3.18
2011-03-30,0.0,8.3,20.0,18.21,5.92
2011-03-31,0.0,9.5,22.2,16.65,4.89
2011-04-01,0.3,8.1,12.4,7.25,5.08
2011-04-02,0.0,5.4,17.5,17.5,6.54
2011-04-03,0.1,3.8,18.6,14.25,5.62
2011-04-04,22.5,8.2,15.4,4.9,6.22
2011-04-05,6.6,4.4,10.9,10.62,8.3
2011-04-06,0.1,4.0,14.6,15.3,5.2
2011-04-07,6.3,5.6,10.0,12.62,9.08
2011-04-08,0.0,7.2,15.7,13.84,6.65
2011-04-09,0.0,6.6,15.4,13.69,3.96
2011-04-10,0.0,6.8,18.8,14.52,5.25
2011-04-11,0.0,7.4,21.3,15.36,2.7
2011-04-12,0.0,5.1,19.8,15.0,2.0
2011-04-13,0.0,7.4,19.1,13.91,3.57
2011-04-14,1.3,8.1,18.6,12.0,3.65
2011-04-15,4.3,11.2,16.2,7.5,3.04
2011-04-16,6.4,11.1,12.8,2.27,3.05
2011-04-17,5.7,6.4,13.4,5.88,5.69
2011-04-18,1.1,5.4,9.5,8.8,12.17
2011-04-19,0.0,0.7,14.5,12.56,3.84
2011-04-20,0.0,7.6,11.2,3.93,3.45
2011-04-21,0.0,6.6,14.5,12.24,6.45
2011-04-22,0.0,3.0,19.5,12.59,4.95
2011-04-23,1.3,13.4,21.0,8.73,6.86
2011-04-24,0.0,9.7,21.7,11.91,4.18
2011-04-25,1.4,7.1,11.3,1.98,4.21
2011-04-26,1.1,6.0,9.7,6.9,5.3
2011-04-27,0.0,5.6,8.6,4.2,3.59
2011-04-28,0.0,0.1,11.5,12.14,3.23
2011-04-29,0.0,-1.3,17.2,11.87,2.27
2011-04-30,0.0,2.5,20.0,11.66,3.18
2011-05-01,0.0,4.3,15.4,9.1,2.58
2011-05-02,0.4,8.1,14.8,4.92,7.01
2011-05-03,2.8,9.0,13.5,3.57,3.42
2011-05-04,1.5,7.9,14.0,3.5,3.18
2011-05-05,0.0,9.5,18.1,10.27,3.22
2011-05-06,2.0,8.8,12.0,2.03,4.76
2011-05-07,4.9,10.6,12.1,1.59,4.13
2011-05-08,0.2,8.3,16.9,8.13,3.61
2011-05-09,0.3,8.2,15.1,7.14,2.94
2011-05-10,0.0,8.0,13.8,4.04,5.05
2011-05-11,2.3,9.1,15.3,6.88,5.88
2011-05-12,0.0,7.3,17.7,9.54,7.17
2011-05-13,2.3,5.3,11.5,4.24,4.21
2011-05-14,0.0,8.8,17.1,9.38,5.02
2011-05-15,1.9,6.9,11.7,3.43,5.44
2011-05-16,0.0,4.8,12.6,8.04,6.15
2011-05-17,0.0,5.3,13.5,9.26,7.0
2011-05-18,0.0,4.1,11.5,9.27,5.26
2011-05-19,0.0,5.2,14.3,5.96,3.11
2011-05-20,0.0,4.7,15.2,6.73,2.94
2011-05-21,0.0,5.9,14.1,7.69,4.58
2011-05-22,0.0,4.4,15.5,8.43,2.92
2011-05-23,0.0,5.9,15.6,6.97,2.55
2011-05-24,0.0,5.0,17.0,8.04,4.47
2011-05-25,6.0,9.3,16.2,2.99,8.27
2011-05-26,15.5,8.4,9.3,1.19,3.12
2011-05-27,0.0,6.2,11.4,3.79,2.73
2011-05-28,2.3,2.8,10.7,6.66,3.36
2011-05-29,0.0,1.0,12.0,8.22,3.0
2011-05-30,0.0,2.5,13.5,8.07,3.28
2011-05-31,0.0,3.2,14.0,7.86,3.05
2011-06-01,0.0,4.7,12.4,5.71,3.01
2011-06-02,0.0,2.5,11.1,4.91,2.78
2011-06-03,0.0,3.5,11.4,6.84,5.32
2011-06-04,1.0,7.6,14.4,4.53,6.14
2011-06-05,0.0,9.7,14.8,2.88,7.56
2011-06-06,0.0,7.2,13.3,5.36,7.37
2011-06-07,2.0,6.8,15.3,5.43,3.52
2011-06-08,1.3,6.0,9.5,3.72,2.64
2011-06-09,0.0,3.6,10.5,4.82,3.38
2011-06-10,4.8,4.6,9.6,1.98,4.24
2011-06-11,0.0,2.8,8.5,3.09,5.15
2011-06-12,0.0,-0.7,12.5,7.25,3.35
2011-06-13,0.0,0.9,12.7,7.19,3.26
2011-06-14,0.0,1.1,13.3,7.17,3.71
2011-06-15,0.5,3.4,14.0,6.96,6.45
2011-06-16,0.0,1.3,10.8,6.88,2.97
2011-06-17,0.0,-1.8,9.2,5.45,4.69
2011-06-18,2.0,6.9,11.0,4.32,7.29
2011-06-19,0.0,1.4,9.9,4.44,7.43
2011-06-20,0.0,7.8,8.9,1.42,7.64
2011-06-21,0.0,5.5,9.5,4.56,3.54
2011-06-22,0.0,4.0,11.6,6.13,4.81
2011-06-23,1.7,6.1,13.0,3.36,4.94
2011-06-24,0.0,2.4,10.3,6.43,4.83
2011-06-25,0.0,-1.1,9.7,6.97,3.2
2011-06-26,1.9,-1.0,8.4,5.26,6.74
2011-06-27,0.0,-2.6,11.5,6.99,3.11
2011-06-28,10.9,2.9,6.6,2.16,8.77
2011-06-29,4.2,3.0,7.3,3.92,9.46
2011-06-30,0.1,1.4,8.9,4.0,6.45
2011-07-01,0.0,-1.7,8.2,5.98,3.59
2011-07-02,0.0,-0.6,8.0,6.47,4.76
2011-07-03,0.0,-2.8,10.1,6.81,2.64
2011-07-04,0.0,-0.5,9.3,7.14,2.94
2011-07-05,0.0,0.3,10.8,7.09,3.88
2011-07-06,0.0,3.5,11.6,5.55,4.64
2011-07-07,1.9,3.4,11.4,5.45,6.59
2011-07-08,3.4,2.4,9.9,7.25,7.83
2011-07-09,0.7,6.6,11.0,5.98,6.93
2011-07-10,0.5,4.7,10.1,7.47,7.2
2011-07-11,4.1,3.0,10.2,7.41,8.41
2011-07-12,2.9,2.7,9.0,5.9,10.22
2011-07-13,0.0,-0.7,11.7,6.73,7.95
2011-07-14,0.5,-1.3,8.7,7.83,4.05
2011-07-15,0.0,-2.6,6.7,7.09,8.77
2011-07-16,0.0,1.9,10.7,3.5,4.37
2011-07-17,0.0,0.5,10.9,7.77,2.55
2011-07-18,0.0,-1.3,9.7,8.05,2.66
2011-07-19,0.0,-0.1,10.2,7.38,2.4
2011-07-20,0.0,-0.8,8.9,7.76,2.24
2011-07-21,0.0,2.3,6.9,5.1,3.98
2011-07-22,0.0,0.2,6.7,4.95,3.1
2011-07-23,0.8,1.5,5.4,2.35,2.84
2011-07-24,0.4,0.1,4.0,4.74,8.92
2011-07-25,0.4,-0.2,4.0,6.57,9.97
2011-07-26,0.0,-4.5,8.1,9.46,4.3
2011-07-27,0.0,-1.2,12.4,9.34,5.2
2011-07-28,0.0,-1.1,11.5,8.51,3.88
2011-07-29,0.7,6.1,13.6,7.14,7.07
2011-07-30,2.0,3.6,7.1,4.81,8.96
2011-07-31,0.0,-3.3,10.0,9.95,2.9
2011-08-01,0.0,-2.8,10.6,9.81,3.4
2011-08-02,0.0,-0.9,11.6,9.16,2.24
2011-08-03,0.0,-2.6,13.0,9.81,2.44
2011-08-04,0.2,-3.0,12.4,8.61,2.95
2011-08-05,0.0,4.4,9.4,7.89,3.89
2011-08-06,0.0,3.1,13.8,7.9,5.02
2011-08-07,0.7,0.4,8.2,7.86,7.96
2011-08-08,0.0,0.2,13.2,10.75,4.88
2011-08-09,0.0,0.1,10.7,10.95,4.08
2011-08-10,0.0,-1.5,10.8,11.38,2.82
2011-08-11,0.0,-1.2,8.6,9.06,3.0
2011-08-12,0.0,4.8,7.8,2.86,5.55
2011-08-13,0.0,1.0,9.6,8.68,3.04
2011-08-14,1.0,0.1,7.7,8.28,8.93
2011-08-15,6.6,-0.4,3.4,6.28,10.07
2011-08-16,13.6,-0.8,3.6,3.72,10.11
2011-08-17,10.8,1.3,4.0,4.46,6.65
2011-08-18,4.8,2.9,5.2,5.98,6.31
2011-08-19,1.1,1.4,6.0,4.81,4.55
2011-08-20,0.0,-3.2,9.2,13.13,2.46
2011-08-21,0.0,-3.8,11.1,10.9,4.21
2011-08-22,0.0,-2.4,12.8,13.07,2.86
2011-08-23,0.0,1.1,14.1,12.93,3.47
2011-08-24,0.0,4.1,14.2,13.01,3.81
2011-08-25,0.0,3.0,14.0,13.11,3.28
2011-08-26,0.0,2.4,13.4,12.27,5.3
2011-08-27,0.0,5.3,14.2,11.1,5.28
2011-08-28,0.0,3.7,13.2,12.43,2.4
2011-08-29,0.0,4.6,14.0,10.1,2.62
2011-08-30,0.0,5.2,16.5,13.49,4.62
2011-08-31,0.0,5.5,12.8,13.88,3.86
2011-09-01,8.3,2.5,10.1,11.62,4.23
2011-09-02,5.2,0.4,9.2,15.64,4.69
2011-09-03,0.0,0.3,13.7,15.75,3.38
2011-09-04,0.0,0.1,12.6,14.3,2.56
2011-09-05,0.0,1.6,16.8,15.78,2.55
2011-09-06,0.0,3.9,14.1,15.69,3.89
2011-09-07,0.0,3.1,14.1,16.13,5.25
2011-09-08,0.8,3.7,16.1,14.84,3.29
2011-09-09,0.0,4.0,14.7,16.39,4.42
2011-09-10,0.0,2.2,15.3,7.53,5.22
2011-09-11,0.0,8.0,13.1,7.56,7.0
2011-09-12,1.9,3.0,15.4,16.68,6.4
2011-09-13,1.1,1.7,11.1,14.58,7.58
2011-09-14,0.0,0.9,11.6,18.57,5.37
2011-09-15,3.2,0.7,11.0,9.31,9.44
2011-09-16,0.0,1.1,12.8,17.95,4.18
2011-09-17,0.0,-1.5,12.9,17.52,3.85
2011-09-18,0.0,1.2,13.8,18.83,5.33
2011-09-19,8.8,4.1,9.3,7.08,4.16
2011-09-20,0.5,2.6,10.1,15.74,6.11
2011-09-21,0.0,-0.6,11.4,19.34,5.59
2011-09-22,0.0,3.8,13.7,18.78,6.27
2011-09-23,0.0,3.4,14.3,15.55,4.88
2011-09-24,0.1,5.4,17.0,17.62,6.49
2011-09-25,3.7,2.4,8.7,15.86,4.46
2011-09-26,0.0,-1.6,13.6,19.38,5.61
2011-09-27,0.0,1.8,16.5,21.27,4.83
2011-09-28,0.0,2.3,15.8,20.84,2.65
2011-09-29,0.0,3.6,12.6,15.41,5.37
2011-09-30,0.0,5.2,17.3,21.2,6.22
2011-10-01,1.6,4.6,18.0,19.88,6.38
2011-10-02,0.0,9.0,19.1,18.77,4.83
2011-10-03,5.6,7.9,12.6,8.63,5.52
2011-10-04,21.1,5.5,7.8,2.76,5.28
2011-10-05,1.3,5.0,7.9,8.78,3.91
2011-10-06,0.0,4.1,10.4,9.42,3.0
2011-10-07,0.3,2.2,11.5,13.69,5.41
2011-10-08,6.5,4.0,9.3,12.58,6.16
2011-10-09,0.0,-0.8,11.8,19.78,4.43
2011-10-10,0.4,3.7,13.0,22.1,9.28
2011-10-11,3.0,9.4,18.6,18.15,9.64
2011-10-12,0.0,7.3,20.3,20.16,4.81
2011-10-13,0.0,7.3,17.2,22.07,3.86
2011-10-14,0.8,5.1,9.8,12.87,6.22
2011-10-15,0.0,4.9,11.0,16.15,4.81
2011-10-16,0.0,5.6,13.6,19.0,4.49
2011-10-17,0.4,3.1,19.3,25.8,5.19
2011-10-18,0.0,7.9,11.9,13.63,9.75
2011-10-19,49.2,6.4,8.3,2.28,11.28
2011-10-20,0.0,5.1,18.9,24.79,4.57
2011-10-21,1.3,8.7,18.7,18.41,4.98
2011-10-22,0.0,7.3,14.0,15.94,5.37
2011-10-23,0.0,5.4,14.0,16.47,5.72
2011-10-24,0.0,4.7,19.5,26.64,6.72
2011-10-25,0.0,8.3,17.1,14.77,6.69
2011-10-26,7.5,7.3,12.0,6.53,4.96
2011-10-27,0.0,5.8,12.2,21.78,6.04
2011-10-28,0.0,3.6,13.9,21.31,4.6
2011-10-29,0.2,4.9,20.8,24.54,5.19
2011-10-30,0.0,8.9,18.1,19.76,4.25
2011-10-31,0.0,9.8,22.9,27.14,5.67
2011-11-01,2.9,8.0,21.4,22.1,3.92
2011-11-02,3.8,10.2,17.7,18.41,4.06
2011-11-03,0.0,8.1,16.5,28.49,7.83
2011-11-04,2.8,3.1,13.2,25.19,9.39
2011-11-05,0.0,0.2,12.4,28.84,5.97
2011-11-06,0.0,2.4,18.2,24.21,4.2
2011-11-07,0.0,5.8,20.8,28.43,5.46
2011-11-08,1.3,10.2,20.0,18.56,6.07
2011-11-09,15.9,8.2,14.6,8.13,7.81
2011-11-10,1.2,7.0,13.6,22.74,5.13
2011-11-11,3.0,6.3,18.6,25.56,7.75
2011-11-12,7.3,8.6,11.8,5.62,8.16
2011-11-13,0.0,6.3,15.9,24.67,5.16
2011-11-14,1.1,6.9,15.8,25.84,5.28
2011-11-15,0.1,5.6,20.4,27.87,6.32
2011-11-16,2.0,8.7,16.7,28.75,7.15
2011-11-17,0.6,6.1,19.3,30.97,6.89
2011-11-18,0.7,3.3,14.0,28.84,10.08
2011-11-19,0.0,6.9,15.4,28.26,8.08
2011-11-20,0.2,7.8,18.2,19.23,7.8
2011-11-21,22.8,5.7,13.9,7.68,8.03
2011-11-22,0.0,4.6,20.0,32.01,3.98
2011-11-23,0.7,10.6,16.2,9.85,4.94
2011-11-24,0.2,7.7,18.9,28.32,6.2
2011-11-25,0.0,9.4,20.4,30.27,9.38
2011-11-26,0.0,8.5,16.7,26.97,4.0
2011-11-27,0.0,7.3,25.3,28.98,5.33
2011-11-28,1.6,9.4,23.8,23.31,9.14
2011-11-29,0.0,8.5,14.8,20.18,4.53
2011-11-30,0.0,7.2,18.5,33.21,7.34
2011-12-01,0.0,7.9,24.6,33.93,5.96
2011-12-02,0.0,9.6,23.3,32.65,4.75
2011-12-03,0.0,6.9,24.3,30.64,6.03
2011-12-04,1.5,11.6,22.1,24.59,7.25
2011-12-05,1.5,10.9,15.2,14.84,6.45
2011-12-06,10.4,10.9,13.3,5.52,6.7
2011-12-07,9.7,8.7,13.1,18.19,9.16
2011-12-08,0.0,8.0,13.4,11.34,3.45
2011-12-09,0.0,9.3,16.7,30.76,6.22
2011-12-10,0.0,10.9,16.3,20.74,6.88
2011-12-11,0.0,11.7,17.9,29.11,8.39
2011-12-12,0.0,12.9,23.8,21.84,4.44
2011-12-13,0.0,12.8,26.8,32.16,4.9
2011-12-14,3.2,15.8,22.1,10.43,8.06
2011-12-15,2.7,13.5,23.4,14.49,6.36
2011-12-16,13.5,8.4,12.8,3.75,7.02
2011-12-17,0.6,7.9,12.6,14.32,6.63
2011-12-18,0.1,8.6,13.1,16.9,4.18
2011-12-19,0.1,8.9,14.1,20.06,3.61
2011-12-20,0.0,4.7,17.8,26.88,4.04
2011-12-21,0.0,6.9,19.2,32.9,5.02
2011-12-22,0.0,8.7,20.4,34.11,3.58
2011-12-23,0.0,8.5,20.3,30.48,4.08
2011-12-24,0.0,9.2,20.4,30.8,5.52
2011-12-25,0.0,11.2,21.9,31.08,5.28
2011-12-26,0.0,12.1,22.6,30.47,5.46
2011-12-27,0.0,10.4,27.5,33.9,4.39
2011-12-28,0.0,13.2,24.3,25.38,4.55
2011-12-29,2.5,12.3,22.6,14.72,3.69
2011-12-30,1.8,12.0,15.8,4.72,6.4
2011-12-31,0.0,10.1,18.1,21.8,4.19
2012-01-01,0.0,7.6,22.1,33.3,4.1
2012-01-02,1.5,11.0,13.5,7.44,5.63
2012-01-03,0.0,10.1,17.8,18.96,5.58
2012-01-04,0.0,8.9,25.6,32.97,4.41
2012-01-05,0.0,14.4,24.8,26.75,5.91
2012-01-06,0.0,12.3,21.4,25.2,5.59
2012-01-07,0.0,13.4,19.0,18.19,4.65
2012-01-08,0.0,11.9,18.7,22.8,4.24
2012-01-09,0.6,11.6,21.8,21.37,5.77
2012-01-10,0.0,12.1,23.6,27.54,3.61
2012-01-11,0.0,12.3,25.1,28.82,4.0
2012-01-12,0.0,14.6,23.8,21.78,5.28
2012-01-13,16.6,14.8,17.7,11.86,7.0
2012-01-14,0.3,13.3,21.5,31.58,8.05
2012-01-15,0.2,10.4,18.8,31.0,9.3
2012-01-16,0.0,5.7,18.3,31.67,3.71
2012-01-17,0.0,8.6,21.6,31.74,5.17
2012-01-18,0.0,8.5,27.1,32.79,3.62
2012-01-19,0.0,12.4,22.7,26.54,8.86
2012-01-20,0.0,11.3,22.3,30.07,6.08
2012-01-21,0.0,11.7,23.1,27.97,6.84
2012-01-22,10.9,8.9,14.6,13.29,7.82
2012-01-23,0.2,7.7,16.2,22.12,8.51
2012-01-24,0.0,10.1,20.5,29.26,3.49
2012-01-25,0.0,9.3,19.0,27.34,5.94
2012-01-26,0.6,10.1,23.5,29.52,8.24
2012-01-27,11.7,5.0,14.4,27.58,10.66
2012-01-28,0.0,6.0,22.7,31.19,6.72
2012-01-29,0.3,12.1,18.4,17.08,6.4
2012-01-30,0.0,10.6,23.8,29.73,6.17
2012-01-31,0.0,8.3,21.6,15.38,5.26
2012-02-01,1.0,11.5,23.0,13.41,8.81
2012-02-02,0.0,10.7,14.5,12.63,4.81
2012-02-03,0.0,11.1,17.0,19.8,7.0
2012-02-04,0.0,11.9,20.6,23.85,5.5
2012-02-05,0.0,13.3,19.3,16.33,5.75
2012-02-06,0.2,13.0,18.2,17.35,6.75
2012-02-07,0.0,11.9,19.0,17.77,4.8
2012-02-08,0.0,13.4,20.0,22.31,6.91
2012-02-09,0.0,11.9,25.6,25.73,4.86
2012-02-10,0.2,11.2,16.9,6.54,6.08
2012-02-11,0.0,10.5,15.2,11.94,3.31
2012-02-12,0.0,10.2,16.6,16.64,4.6
2012-02-13,0.6,11.3,15.8,8.09,5.56
2012-02-14,0.5,11.6,17.3,11.56,5.5
2012-02-15,0.0,11.7,16.4,8.52,2.47
2012-02-16,0.0,8.8,19.1,23.05,5.54
2012-02-17,0.0,10.7,23.9,26.04,4.85
2012-02-18,0.0,12.0,22.5,25.33,5.83
2012-02-19,0.8,11.2,14.3,5.76,4.76
2012-02-20,0.0,10.5,23.3,22.65,4.92
2012-02-21,0.4,11.6,22.9,16.37,3.06
2012-02-22,8.0,12.4,20.7,12.63,5.29
2012-02-23,2.0,14.9,24.3,21.16,6.77
2012-02-24,8.6,11.1,20.5,16.14,7.67
2012-02-25,2.6,9.8,17.5,21.59,3.09
2012-02-26,1.1,9.6,16.0,13.44,5.26
2012-02-27,0.0,10.2,18.4,21.54,3.52
2012-02-28,0.0,8.3,15.0,15.67,6.72
2012-02-29,0.2,10.1,21.1,14.69,5.59
2012-03-01,14.7,7.8,14.1,17.31,9.67
2012-03-02,0.3,4.7,15.9,16.89,3.21
2012-03-03,10.8,9.6,11.3,8.79,10.97
2012-03-04,1.6,8.4,13.4,14.59,7.74
2012-03-05,0.0,5.8,19.8,22.16,6.44
2012-03-06,0.0,11.9,21.7,15.02,3.94
2012-03-07,0.6,10.2,13.2,4.72,6.29
2012-03-08,0.0,7.5,13.5,15.83,3.86
2012-03-09,0.0,4.3,15.6,22.95,6.28
2012-03-10,0.0,9.6,21.5,21.0,7.2
2012-03-11,7.2,11.4,20.7,8.13,7.98
2012-03-12,0.5,10.7,16.1,12.27,6.92
2012-03-13,1.0,8.2,13.0,14.18,4.46
2012-03-14,0.0,6.7,21.0,22.13,4.32
2012-03-15,0.1,9.4,19.4,15.12,7.4
2012-03-16,0.0,7.3,16.7,18.54,6.18
2012-03-17,0.0,7.8,23.2,21.33,3.94
2012-03-18,0.0,8.6,23.3,19.58,4.72
2012-03-19,4.8,8.9,13.8,4.83,7.08
2012-03-20,0.0,7.3,13.9,13.47,2.84
2012-03-21,0.0,5.3,15.9,14.18,6.73
2012-03-22,3.5,13.2,24.6,14.04,4.72
2012-03-23,0.0,11.6,20.6,17.87,5.52
2012-03-24,0.0,11.3,22.9,12.18,8.32
2012-03-25,0.6,8.8,17.7,16.61,5.41
2012-03-26,0.1,4.1,18.3,19.34,4.48
2012-03-27,0.0,7.6,21.6,18.64,3.79
2012-03-28,0.0,8.6,12.6,3.81,3.52
2012-03-29,0.0,8.4,16.9,17.04,5.06
2012-03-30,0.0,6.1,16.2,14.54,3.35
2012-03-31,0.0,6.9,17.7,15.51,1.86
2012-04-01,0.0,3.7,18.5,16.44,3.27
2012-04-02,0.0,6.1,18.2,15.85,2.52
2012-04-03,0.1,7.5,15.9,6.91,1.96
2012-04-04,0.5,8.7,16.0,9.86,3.85
2012-04-05,0.0,5.5,16.9,14.89,5.36
2012-04-06,0.0,5.1,18.8,16.08,2.7
2012-04-07,0.0,7.2,18.4,16.17,7.0
2012-04-08,0.0,7.6,21.9,16.01,3.96
2012-04-09,0.0,9.3,20.8,15.16,4.91
2012-04-10,6.0,10.0,21.0,7.25,5.2
2012-04-11,18.3,8.7,11.0,2.33,3.63
2012-04-12,0.0,6.4,14.1,9.9,3.67
2012-04-13,0.0,4.9,20.8,14.63,4.53
2012-04-14,0.0,8.2,13.3,5.19,3.19
2012-04-15,0.0,8.0,19.3,14.22,3.47
2012-04-16,0.0,6.6,18.8,13.8,2.77
2012-04-17,0.0,8.1,12.2,4.09,6.89
2012-04-18,0.0,5.7,12.9,11.48,4.22
2012-04-19,0.0,7.3,14.5,8.95,2.84
2012-04-20,0.0,5.4,16.0,12.28,4.2
2012-04-21,0.0,6.0,17.1,12.86,2.58
2012-04-22,0.0,5.2,16.3,12.33,5.1
2012-04-23,0.0,5.2,19.5,12.44,2.66
2012-04-24,0.0,6.6,20.0,12.53,2.98
2012-04-25,0.0,5.4,19.9,12.69,2.53
2012-04-26,0.0,4.9,19.0,11.97,2.53
2012-04-27,1.1,9.3,19.4,9.85,5.85
2012-04-28,0.5,8.8,14.6,8.65,5.69
2012-04-29,3.5,5.6,18.2,11.58,7.6
2012-04-30,0.0,6.4,13.7,11.82,6.93
2012-05-01,0.0,4.8,9.8,8.47,9.6
2012-05-02,0.0,3.5,10.4,7.16,6.16
2012-05-03,0.0,0.2,13.8,11.02,2.33
2012-05-04,0.0,1.4,15.3,10.07,2.85
2012-05-05,0.0,3.9,13.6,7.46,4.07
2012-05-06,0.0,5.1,12.7,10.23,5.4
2012-05-07,0.0,3.4,17.8,10.65,3.69
2012-05-08,0.0,2.7,16.1,5.75,3.12
2012-05-09,2.6,8.7,10.9,2.65,2.93
2012-05-10,1.7,7.2,10.4,3.4,2.7
2012-05-11,0.0,5.4,10.8,4.4,3.26
2012-05-12,0.0,2.3,14.6,9.44,3.41
2012-05-13,0.0,6.0,17.0,8.8,3.85
2012-05-14,4.4,8.2,16.8,7.72,3.7
2012-05-15,3.4,5.5,11.6,6.68,2.61
2012-05-16,3.7,2.7,8.7,8.3,9.18
2012-05-17,0.0,2.9,14.2,8.13,3.44
2012-05-18,0.1,2.9,11.2,8.36,6.76
2012-05-19,0.2,3.2,9.4,4.69,8.39
2012-05-20,0.0,-2.8,10.8,9.1,2.42
2012-05-21,0.0,-0.1,11.5,6.73,2.56
2012-05-22,0.0,-1.1,12.2,8.34,3.18
2012-05-23,0.0,1.4,13.4,8.09,2.76
2012-05-24,0.0,3.1,15.8,8.16,3.16
2012-05-25,0.0,5.2,9.4,3.41,5.92
2012-05-26,0.0,4.0,12.1,4.59,4.94
2012-05-27,0.4,8.3,18.1,6.69,7.96
2012-05-28,4.8,3.9,14.5,7.78,3.64
2012-05-29,1.0,-1.0,9.0,6.99,3.1
2012-05-30,0.0,-0.9,13.5,7.71,3.31
2012-05-31,0.0,2.8,14.0,6.94,4.0
2012-06-01,0.0,2.6,12.4,7.75,3.44
2012-06-02,0.0,2.4,13.2,6.57,2.82
2012-06-03,0.4,4.4,15.0,5.67,7.01
2012-06-04,0.0,2.7,12.4,7.71,4.24
2012-06-05,9.4,2.6,14.5,4.44,5.99
2012-06-06,30.7,-3.2,5.8,0.96,8.85
2012-06-07,0.0,-9.3,-2.2,8.29,3.21
2012-06-08,0.0,-9.9,5.1,7.57,4.78
2012-06-09,0.0,-1.7,3.7,7.43,3.14
2012-06-10,0.0,-3.1,5.8,7.43,2.69
2012-06-11,2.5,-0.8,6.1,4.24,3.52
2012-06-12,0.7,-1.0,4.2,5.64,7.37
2012-06-13,0.0,-1.0,11.7,5.55,4.47
2012-06-14,2.1,1.3,6.1,2.24,6.11
2012-06-15,3.1,0.7,5.5,4.14,6.94
2012-06-16,1.5,-1.8,5.5,5.34,5.02
2012-06-17,0.1,-6.3,6.8,7.13,4.3
2012-06-18,2.5,1.3,9.2,2.64,3.88
2012-06-19,0.0,-1.7,7.6,4.79,2.97
2012-06-20,0.0,2.4,8.6,4.34,4.66
2012-06-21,0.0,-0.1,9.5,4.49,3.07
2012-06-22,0.0,-0.8,8.5,5.61,3.14
2012-06-23,9.6,6.1,13.9,4.03,7.53
2012-06-24,2.6,0.8,8.0,6.54,7.56
2012-06-25,0.8,-0.5,8.4,7.0,5.7
2012-06-26,3.7,0.9,8.1,6.78,6.66
2012-06-27,0.0,-1.0,8.6,6.52,4.83
2012-06-28,0.0,1.5,9.4,6.81,6.16
2012-06-29,0.0,2.9,7.1,6.36,7.1
2012-06-30,0.0,-1.8,6.8,6.11,3.6
2012-07-01,0.0,-2.9,6.9,6.79,2.92
2012-07-02,0.0,-0.5,7.2,6.31,5.04
2012-07-03,0.7,0.6,7.6,3.94,2.15
2012-07-04,2.5,4.5,8.0,2.04,3.79
2012-07-05,2.7,5.2,7.7,2.81,2.73
2012-07-06,0.0,2.5,7.6,4.37,2.39
2012-07-07,0.0,-2.9,9.6,7.42,1.97
2012-07-08,0.0,-2.7,10.4,7.28,1.94
2012-07-09,0.0,-3.8,9.8,7.51,2.8
2012-07-10,0.0,-1.4,10.6,7.07,2.64
2012-07-11,0.0,-1.7,11.7,7.56,3.54
2012-07-12,0.0,-0.2,12.0,7.37,3.56
2012-07-13,0.0,3.9,14.6,4.26,4.78
2012-07-14,4.6,8.3,11.9,4.24,4.66
2012-07-15,10.6,6.4,17.3,6.52,7.46
2012-07-16,0.7,6.2,14.8,7.07,6.75
2012-07-17,0.0,0.6,11.9,7.91,4.55
2012-07-18,0.0,2.4,13.5,7.57,2.73
2012-07-19,0.0,-0.2,12.5,8.34,2.94
2012-07-20,0.0,-1.3,13.4,7.72,2.82
2012-07-21,0.0,-1.5,12.5,7.52,4.22
2012-07-22,0.0,4.9,9.2,4.47,3.18
2012-07-23,0.0,2.1,8.3,5.49,2.24
2012-07-24,3.4,0.9,8.2,3.42,5.16
2012-07-25,2.5,2.9,7.9,3.69,4.47
2012-07-26,0.0,-0.2,7.5,9.27,5.45
2012-07-27,0.0,-2.5,10.0,9.32,3.12
2012-07-28,0.0,-1.9,11.3,8.73,3.45
2012-07-29,0.0,-0.7,12.7,9.14,4.12
2012-07-30,8.7,3.0,10.3,3.59,4.78
2012-07-31,11.7,7.9,10.4,2.23,8.51
2012-08-01,2.7,5.5,10.3,6.19,5.19
2012-08-02,0.7,6.0,10.1,7.21,5.17
2012-08-03,1.1,7.0,10.6,6.07,7.16
2012-08-04,0.0,7.7,12.5,6.68,6.02
2012-08-05,0.0,5.0,12.8,9.89,5.88
2012-08-06,0.0,3.6,11.5,7.12,3.61
2012-08-07,0.9,1.9,10.2,6.02,3.91
2012-08-08,11.6,6.8,8.2,1.92,4.44
2012-08-09,1.2,3.7,9.8,6.93,3.52
2012-08-10,0.0,-0.4,10.5,9.13,2.47
2012-08-11,0.0,1.4,11.1,8.64,2.52
2012-08-12,17.2,3.5,7.5,1.31,6.4
2012-08-13,32.2,6.2,7.4,1.63,10.44
2012-08-14,8.7,6.4,10.0,2.56,8.05
2012-08-15,2.9,5.3,11.3,6.92,4.74
2012-08-16,0.1,2.4,12.2,9.35,2.28
2012-08-17,0.0,3.1,11.6,8.34,2.92
2012-08-18,0.0,2.4,11.5,10.52,2.7
2012-08-19,1.4,0.3,9.2,5.51,6.47
2012-08-20,7.8,7.0,10.0,4.91,3.14
2012-08-21,1.1,6.3,10.6,6.08,3.82
2012-08-22,2.0,1.9,8.1,6.43,5.02
2012-08-23,0.0,-0.2,12.5,12.75,3.57
2012-08-24,0.0,0.4,13.8,12.99,2.57
2012-08-25,0.0,2.5,16.0,12.95,3.33
2012-08-26,0.0,9.7,17.0,12.5,4.9
2012-08-27,1.5,5.0,15.8,13.46,6.01
2012-08-28,0.0,2.4,12.8,14.52,2.82
2012-08-29,0.0,1.5,13.8,14.36,2.19
2012-08-30,0.0,0.6,11.7,13.56,5.41
2012-08-31,0.0,4.7,12.7,14.98,6.75
2012-09-01,0.0,3.4,15.4,11.18,4.6
2012-09-02,3.0,9.5,15.3,7.74,4.57
2012-09-03,1.3,7.6,13.4,6.67,5.19
2012-09-04,5.6,3.8,12.6,12.71,6.02
2012-09-05,0.0,3.8,15.2,15.84,7.79
2012-09-06,0.0,11.5,16.7,10.24,6.33
2012-09-07,1.3,10.1,18.3,14.47,6.69
2012-09-08,3.4,8.5,15.1,11.0,7.98
2012-09-09,0.0,4.4,12.9,16.22,7.22
2012-09-10,0.0,3.9,13.8,16.69,7.85
2012-09-11,1.2,2.2,7.6,14.34,9.13
2012-09-12,0.2,0.2,8.8,13.33,7.53
2012-09-13,0.0,-2.9,13.0,18.45,4.02
2012-09-14,0.0,0.3,14.7,17.6,5.88
2012-09-15,1.1,8.5,14.2,11.77,5.22
2012-09-16,0.6,7.0,12.4,10.16,4.69
2012-09-17,8.1,2.1,16.5,15.48,8.73
2012-09-18,0.0,-1.2,11.7,19.48,5.36
2012-09-19,0.0,1.3,12.6,16.56,4.33
2012-09-20,3.2,3.9,7.8,6.33,4.22
2012-09-21,0.0,1.4,11.2,18.19,3.49
2012-09-22,0.0,0.1,12.9,19.43,3.0
2012-09-23,0.0,-0.3,12.2,18.29,3.31
2012-09-24,0.0,1.1,12.0,18.45,6.99
2012-09-25,0.0,5.7,18.8,19.89,3.92
2012-09-26,2.1,8.2,16.0,8.91,4.27
2012-09-27,0.0,6.8,13.3,14.47,4.32
2012-09-28,0.0,4.3,13.9,20.65,5.85
2012-09-29,0.0,6.3,18.0,21.46,7.41
2012-09-30,0.5,6.5,20.5,14.81,5.01
2012-10-01,0.0,5.8,14.9,18.56,6.72
2012-10-02,0.0,6.0,15.6,22.12,5.81
2012-10-03,0.0,7.1,18.2,20.26,5.29
2012-10-04,0.0,5.7,12.9,17.68,5.97
2012-10-05,2.0,5.1,17.5,14.84,8.29
2012-10-06,1.4,4.9,12.1,17.79,6.86
2012-10-07,0.0,1.1,13.9,23.44,6.58
2012-10-08,6.1,4.7,10.1,8.76,4.14
2012-10-09,4.3,7.0,11.5,8.32,5.06
2012-10-10,0.0,6.4,15.7,24.11,5.44
2012-10-11,0.2,5.6,15.3,21.29,3.67
2012-10-12,0.1,5.8,13.8,7.89,6.14
2012-10-13,16.1,4.4,12.1,4.76,11.74
2012-10-14,1.3,3.7,12.7,19.06,9.27
2012-10-15,0.6,3.2,10.7,14.04,4.32
2012-10-16,0.0,3.2,16.1,24.53,3.22
2012-10-17,4.6,6.7,18.4,14.43,6.59
2012-10-18,4.9,8.1,14.0,18.0,8.84
2012-10-19,3.1,4.9,12.0,24.27,7.12
2012-10-20,0.0,1.5,15.2,25.97,6.05
2012-10-21,0.1,7.3,17.9,23.5,5.2
2012-10-22,10.7,3.0,6.8,7.7,6.01
2012-10-23,0.1,-0.8,11.1,25.62,6.8
2012-10-24,0.0,2.5,15.1,17.87,5.55
2012-10-25,0.6,8.7,15.7,22.74,5.54
2012-10-26,0.0,6.9,17.2,23.27,4.38
2012-10-27,0.7,6.2,20.4,19.35,7.23
2012-10-28,0.0,7.6,15.3,18.9,4.99
2012-10-29,0.0,6.1,18.7,25.37,5.42
2012-10-30,0.0,7.2,17.4,26.88,4.63
2012-10-31,0.0,7.5,22.9,28.16,4.04
2012-11-01,0.0,10.4,21.9,23.38,6.28
2012-11-02,0.0,10.8,19.1,25.62,8.08
2012-11-03,13.3,4.7,11.9,9.12,10.74
2012-11-04,0.0,1.4,14.7,29.79,4.58
2012-11-05,1.8,5.1,8.5,9.63,4.95
2012-11-06,0.6,3.0,9.1,19.47,4.91
2012-11-07,0.0,2.8,13.7,25.95,2.88
2012-11-08,0.0,0.6,15.6,30.6,5.33
2012-11-09,0.0,4.9,21.7,30.58,3.68
2012-11-10,0.0,6.6,22.0,26.57,5.9
2012-11-11,5.1,8.0,18.2,15.22,7.37
2012-11-12,6.4,5.9,10.5,19.88,8.03
2012-11-13,0.7,5.1,10.5,15.56,4.83
2012-11-14,0.4,2.0,16.2,29.11,3.54
2012-11-15,2.5,4.3,13.8,19.45,2.93
2012-11-16,0.2,5.8,15.6,25.86,5.73
2012-11-17,6.5,5.1,15.9,16.26,6.42
2012-11-18,2.5,6.5,13.3,25.43,7.78
2012-11-19,0.0,6.1,13.7,20.03,6.55
2012-11-20,1.5,7.5,12.7,13.2,3.56
2012-11-21,0.1,4.5,17.5,27.17,5.34
2012-11-22,0.1,8.0,16.5,30.06,7.11
2012-11-23,0.2,5.9,16.5,27.95,5.99
2012-11-24,0.3,8.2,17.8,24.58,5.61
2012-11-25,0.0,8.6,23.6,30.91,6.86
2012-11-26,0.1,10.8,17.6,22.64,6.33
2012-11-27,0.1,10.1,22.9,30.35,4.4
2012-11-28,0.0,7.0,20.3,31.07,7.5
2012-11-29,11.8,5.9,13.4,19.42,5.29
2012-11-30,1.2,5.0,12.3,25.34,6.82
2012-12-01,0.0,4.0,20.5,24.14,5.87
2012-12-02,0.6,10.9,25.5,24.28,5.99
2012-12-03,0.2,9.6,19.9,29.12,6.76
2012-12-04,0.2,6.9,22.5,31.4,6.86
2012-12-05,0.3,12.1,24.4,30.16,8.76
2012-12-06,1.9,7.6,18.4,22.82,4.47
2012-12-07,17.2,8.5,13.4,10.92,9.88
2012-12-08,0.5,7.9,17.6,27.48,5.08
2012-12-09,0.0,8.4,22.5,31.41,5.68
2012-12-10,0.0,9.0,24.3,33.05,5.88
2012-12-11,0.4,10.8,16.4,17.52,4.1
2012-12-12,0.0,11.2,17.8,22.59,4.2
2012-12-13,0.0,8.8,20.7,28.51,4.63
2012-12-14,0.0,10.3,22.7,32.13,6.54
2012-12-15,0.0,10.0,20.3,29.7,5.86
2012-12-16,0.0,10.4,27.6,33.69,4.66
2012-12-17,0.0,12.3,27.0,31.69,5.55
2012-12-18,3.2,12.7,18.1,10.91,6.09
2012-12-19,0.0,11.5,22.8,32.23,5.47
2012-12-20,0.0,11.6,26.3,34.43,5.38
2012-12-21,1.6,11.6,24.9,24.94,6.31
2012-12-22,0.1,12.5,19.2,22.82,5.27
2012-12-23,0.0,10.3,22.2,29.21,4.12
2012-12-24,0.0,10.7,21.8,27.81,6.1
2012-12-25,0.0,15.5,26.7,28.96,5.88
2012-12-26,4.0,13.1,21.3,12.01,5.66
2012-12-27,0.5,11.9,16.4,15.22,5.53
2012-12-28,0.0,12.3,21.0,26.14,6.96
2012-12-29,0.0,13.6,26.7,29.49,6.91
2012-12-30,0.0,14.2,24.0,27.78,7.16
2012-12-31,0.3,9.3,22.3,33.23,8.19
2013-01-01,0.0,14.6,24.1,27.86,7.32
2013-01-02,20.5,14.1,23.1,24.75,7.5
2013-01-03,0.9,8.1,18.4,32.51,10.68
2013-01-04,0.0,7.0,18.9,32.18,5.95
2013-01-05,0.0,10.0,27.7,32.98,5.1
2013-01-06,0.0,14.4,21.5,23.89,7.07
2013-01-07,11.3,10.7,24.3,27.84,7.52
2013-01-08,0.0,9.4,19.3,30.61,6.63
2013-01-09,1.9,11.8,25.4,25.68,8.51
2013-01-10,1.4,15.8,22.9,31.08,10.14
2013-01-11,0.0,11.3,24.6,31.27,6.65
2013-01-12,0.0,9.8,27.1,32.64,5.87
2013-01-13,0.0,13.6,25.6,17.15,7.75
2013-01-14,0.0,13.5,20.2,16.27,5.05
2013-01-15,25.0,11.8,14.0,5.0,4.6
2013-01-16,0.3,9.4,18.7,21.34,5.26
2013-01-17,7.1,8.1,13.8,20.35,9.9
2013-01-18,0.3,3.6,15.9,30.51,5.99
2013-01-19,0.0,9.9,23.4,30.15,6.17
2013-01-20,0.0,10.3,23.6,31.46,4.01
2013-01-21,0.0,9.5,18.6,27.55,6.45
2013-01-22,0.0,11.4,24.7,31.32,4.92
2013-01-23,0.0,11.5,27.1,31.83,6.34
2013-01-24,0.2,12.8,17.7,8.24,5.35
2013-01-25,0.0,9.7,18.9,29.51,7.49
2013-01-26,0.0,12.2,22.9,31.08,6.84
2013-01-27,0.0,12.1,26.1,31.24,3.54
2013-01-28,0.0,10.7,25.6,30.52,5.35
2013-01-29,0.0,12.9,24.7,24.94,4.3
2013-01-30,0.0,13.1,28.1,29.84,5.06
2013-01-31,0.0,12.1,29.7,31.21,5.82
2013-02-01,0.0,12.7,29.8,30.08,3.7
2013-02-02,0.0,13.8,28.6,28.96,4.25
2013-02-03,0.0,16.0,24.5,21.38,6.28
2013-02-04,28.6,10.6,22.1,10.21,9.21
2013-02-05,3.3,8.5,13.8,21.82,9.3
2013-02-06,0.0,9.8,17.3,23.25,3.73
2013-02-07,0.0,8.9,19.0,28.68,5.39
2013-02-08,0.0,11.3,22.1,28.71,6.02
2013-02-09,0.0,10.9,25.9,28.71,3.31
2013-02-10,0.0,12.7,27.1,27.5,5.1
2013-02-11,0.0,13.8,27.0,26.72,7.08
2013-02-12,0.0,14.0,20.9,18.99,5.82
2013-02-13,0.0,11.9,16.4,17.86,5.87
2013-02-14,0.0,8.8,23.9,26.5,4.34
2013-02-15,0.3,11.3,20.2,22.18,6.23
2013-02-16,0.0,11.3,25.6,24.65,3.68
2013-02-17,0.4,13.5,17.4,10.93,3.45
2013-02-18,0.0,11.7,23.1,26.97,3.91
2013-02-19,0.0,10.7,25.3,26.94,6.44
2013-02-20,0.0,10.2,22.9,25.04,3.67
2013-02-21,0.0,10.3,22.1,18.44,6.9
2013-02-22,0.0,10.3,16.4,14.58,4.58
2013-02-23,0.0,5.8,19.9,24.21,3.62
2013-02-24,0.0,7.1,22.0,24.57,2.69
2013-02-25,0.0,8.9,22.0,24.27,5.51
2013-02-26,0.0,12.7,25.4,23.77,3.97
2013-02-27,0.0,11.8,23.6,22.03,5.27
2013-02-28,0.0,12.2,28.4,25.2,5.9
2013-03-01,0.0,12.1,21.5,20.81,7.08
2013-03-02,0.5,13.5,21.7,15.86,2.56
2013-03-03,0.2,11.7,15.4,7.71,5.08
2013-03-04,0.2,10.2,20.5,16.38,6.91
2013-03-05,0.0,10.8,21.4,23.68,5.66
2013-03-06,0.0,10.7,25.6,20.34,6.93
2013-03-07,0.0,11.6,20.9,18.26,6.44
2013-03-08,0.0,10.3,26.6,22.8,4.86
2013-03-09,0.1,13.3,18.9,13.81,6.23
2013-03-10,0.0,10.5,20.1,13.81,3.61
2013-03-11,0.0,10.2,18.2,12.79,5.16
2013-03-12,0.0,11.3,18.7,17.5,4.44
2013-03-13,0.0,8.7,21.6,20.69,3.72
2013-03-14,0.0,11.6,27.2,21.44,3.99
2013-03-15,0.0,13.9,24.8,14.86,3.74
2013-03-16,0.0,13.6,21.8,16.25,3.31
2013-03-17,5.0,13.2,22.7,12.05,6.17
2013-03-18,15.9,11.4,14.2,2.97,5.06
2013-03-19,7.6,9.2,13.0,10.35,4.63
2013-03-20,0.0,5.9,16.0,16.5,2.56
2013-03-21,0.0,5.8,17.6,18.34,4.89
2013-03-22,0.0,8.4,20.0,19.35,5.61
2013-03-23,0.0,8.1,22.9,19.86,3.01
2013-03-24,0.0,9.8,22.6,14.2,3.49
2013-03-25,0.0,10.7,23.8,18.53,4.53
2013-03-26,0.0,11.8,19.5,16.89,5.95
2013-03-27,0.0,9.9,21.8,18.13,2.88
2013-03-28,0.0,10.6,23.0,18.6,3.85
2013-03-29,0.0,9.3,23.8,18.22,5.34
2013-03-30,0.0,11.0,24.3,17.83,4.32
2013-03-31,0.1,11.9,21.7,13.79,5.61
2013-04-01,0.2,12.2,20.8,14.79,6.81
2013-04-02,0.0,7.6,23.2,17.78,4.61
2013-04-03,3.3,10.9,20.9,6.67,7.78
2013-04-04,0.4,8.7,14.9,14.03,4.39
2013-04-05,7.2,4.0,13.5,9.69,4.4
2013-04-06,0.0,7.1,12.5,9.88,4.83
2013-04-07,0.0,5.2,12.1,8.48,2.37
2013-04-08,0.0,5.7,16.5,12.8,2.3
2013-04-09,2.1,7.8,10.8,4.74,6.24
2013-04-10,0.0,2.6,14.7,15.92,5.35
2013-04-11,0.0,5.9,20.3,15.33,4.97
2013-04-12,0.7,9.7,14.4,6.99,5.11
2013-04-13,0.0,7.7,17.5,11.54,5.38
2013-04-14,0.0,6.5,20.7,14.79,3.62
2013-04-15,0.0,8.5,21.3,11.16,2.83
2013-04-16,6.7,9.2,17.3,6.6,5.78
2013-04-17,4.6,11.2,12.3,2.39,4.88
2013-04-18,0.1,10.3,12.2,4.45,4.4
2013-04-19,1.7,8.9,13.1,5.64,2.86
2013-04-20,10.1,8.6,10.2,3.74,7.15
2013-04-21,6.3,10.0,13.6,3.19,7.34
2013-04-22,0.0,8.1,15.1,6.14,1.84
2013-04-23,0.0,8.1,17.7,10.25,2.68
2013-04-24,0.0,6.4,18.8,11.03,2.8
2013-04-25,0.7,8.0,18.2,11.99,2.83
2013-04-26,0.4,5.7,16.6,11.83,4.96
2013-04-27,0.0,7.7,19.1,11.2,5.38
2013-04-28,0.0,8.8,20.7,12.1,5.66
2013-04-29,0.0,11.7,21.1,10.51,4.84
2013-04-30,7.5,6.4,12.0,5.17,5.23
2013-05-01,0.0,1.3,13.7,11.88,4.83
2013-05-02,6.0,3.1,12.2,4.34,3.94
2013-05-03,1.0,7.5,11.2,3.72,4.81
2013-05-04,0.0,7.3,19.9,10.31,5.0
2013-05-05,0.3,8.4,16.5,8.83,6.68
2013-05-06,29.4,6.1,10.4,1.21,11.25
2013-05-07,0.0,2.8,11.4,9.81,3.72
2013-05-08,0.0,-0.4,13.3,10.4,3.09
2013-05-09,0.0,2.1,14.7,9.82,3.54
2013-05-10,3.9,6.5,9.3,5.12,8.5
2013-05-11,0.0,5.0,11.7,7.74,4.12
2013-05-12,0.0,3.2,20.3,9.51,2.53
2013-05-13,0.0,4.8,13.2,5.99,4.2
2013-05-14,0.0,5.2,16.5,9.03,2.73
2013-05-15,0.0,5.0,14.3,8.15,2.83
2013-05-16,0.0,8.6,15.7,7.91,3.38
2013-05-17,6.1,7.3,14.3,2.4,3.3
2013-05-18,0.2,9.9,12.5,4.49,7.35
2013-05-19,3.4,8.0,11.1,1.76,3.81
2013-05-20,0.0,6.5,13.3,6.48,3.26
2013-05-21,1.8,9.5,11.9,3.75,5.47
2013-05-22,1.8,7.3,13.2,6.27,4.11
2013-05-23,0.9,6.6,9.4,5.43,7.5
2013-05-24,0.1,4.8,10.0,6.52,3.62
2013-05-25,0.0,2.8,13.9,8.47,3.31
2013-05-26,0.0,4.7,15.1,7.9,5.12
2013-05-27,10.1,2.6,10.0,6.27,6.19
2013-05-28,0.4,0.2,4.9,7.39,10.64
2013-05-29,0.0,0.3,10.9,7.2,7.32
2013-05-30,0.0,-1.7,12.1,7.95,2.98
2013-05-31,0.0,2.3,13.5,6.38,3.26
2013-06-01,1.3,5.2,15.2,4.53,4.04
2013-06-02,0.0,11.0,15.2,5.36,8.32
2013-06-03,16.3,6.2,12.6,0.82,6.89
2013-06-04,12.3,3.6,7.8,1.07,9.35
2013-06-05,0.0,0.2,7.2,6.86,3.41
2013-06-06,0.0,3.8,10.0,4.19,4.05
2013-06-07,0.0,0.7,11.8,7.3,3.48
2013-06-08,0.4,3.4,13.4,6.88,4.76
2013-06-09,3.7,3.3,10.9,3.78,5.23
2013-06-10,0.0,5.8,11.7,4.87,4.11
2013-06-11,0.0,3.1,9.5,4.71,3.58
2013-06-12,0.0,-0.7,11.3,7.01,2.59
2013-06-13,0.1,1.6,10.7,5.39,2.79
2013-06-14,0.0,4.6,10.1,4.88,4.11
2013-06-15,7.5,2.3,8.3,2.54,4.03
2013-06-16,34.3,5.3,7.5,0.48,3.42
2013-06-17,19.7,7.6,10.0,0.84,6.89
2013-06-18,0.0,4.1,11.7,6.53,5.35
2013-06-19,11.6,4.7,7.6,1.39,3.75
2013-06-20,31.1,3.1,5.0,0.73,10.5
2013-06-21,11.5,1.2,4.2,3.75,10.73
2013-06-22,26.5,2.6,3.3,1.21,7.52
2013-06-23,0.1,-3.1,5.9,6.68,4.75
2013-06-24,0.0,-4.8,6.8,6.56,2.14
2013-06-25,0.0,-3.4,8.0,7.18,3.11
2013-06-26,0.0,-2.7,9.0,4.33,3.19
2013-06-27,0.0,-1.1,7.7,4.68,4.77
2013-06-28,0.0,-1.8,6.4,5.3,4.3
2013-06-29,0.0,-5.2,7.1,6.96,2.42
2013-06-30,0.0,-0.8,9.9,6.83,3.0
2013-07-01,0.0,2.5,11.7,6.53,3.75
2013-07-02,0.0,6.9,15.0,6.52,5.91
2013-07-03,0.0,5.4,15.6,6.71,5.16
2013-07-04,0.0,1.1,10.6,7.29,3.68
2013-07-05,0.0,2.9,13.3,6.03,5.88
2013-07-06,6.5,8.5,13.0,6.97,12.3
2013-07-07,0.1,5.5,11.8,6.94,9.1
2013-07-08,0.0,-0.6,8.1,7.19,3.55
2013-07-09,0.0,-1.6,8.2,5.01,3.86
2013-07-10,2.1,2.2,6.2,5.17,5.61
2013-07-11,0.0,-3.4,7.4,6.75,2.77
2013-07-12,0.4,-3.3,5.9,3.38,3.32
2013-07-13,2.2,-0.7,8.8,3.28,4.9
2013-07-14,11.3,-1.7,4.9,5.12,9.59
2013-07-15,4.6,2.6,6.2,3.18,7.51
2013-07-16,0.0,-2.0,9.6,7.44,3.12
2013-07-17,0.0,0.9,11.5,7.41,3.05
2013-07-18,0.0,6.1,14.2,3.55,3.94
2013-07-19,0.2,3.9,11.2,5.08,2.06
2013-07-20,0.0,4.8,12.6,7.39,2.83
2013-07-21,0.0,4.5,13.9,7.39,3.0
2013-07-22,0.0,3.5,15.1,7.73,4.0
2013-07-23,6.9,7.7,12.1,4.15,3.34
2013-07-24,0.0,2.2,13.2,7.47,3.36
2013-07-25,0.0,2.8,12.2,8.96,3.94
2013-07-26,0.0,0.4,13.2,9.09,3.3
2013-07-27,0.0,2.5,14.5,8.98,3.71
2013-07-28,0.0,3.0,14.5,8.99,3.14
2013-07-29,0.0,0.1,12.4,8.92,2.55
2013-07-30,0.0,1.1,12.2,8.98,2.69
2013-07-31,0.0,-0.4,12.6,8.27,2.38
2013-08-01,0.0,-0.1,10.6,7.5,2.26
2013-08-02,0.0,4.5,9.5,4.31,2.2
2013-08-03,0.0,6.9,10.7,3.95,8.18
2013-08-04,0.1,7.0,13.0,4.46,6.88
2013-08-05,0.5,6.5,15.2,9.25,3.64
2013-08-06,0.9,3.8,12.6,7.26,3.55
2013-08-07,0.4,1.9,15.1,8.69,5.86
2013-08-08,0.5,3.5,12.5,4.69,2.88
2013-08-09,0.0,0.5,10.5,8.51,3.39
2013-08-10,0.0,3.0,10.3,6.57,4.96
2013-08-11,5.4,7.2,10.6,2.88,5.73
2013-08-12,1.5,6.9,9.2,4.23,4.16
2013-08-13,1.0,2.8,12.9,9.48,6.16
2013-08-14,0.0,4.6,13.0,11.69,4.54
2013-08-15,0.0,4.9,15.9,11.38,4.66
2013-08-16,0.1,5.7,14.7,9.87,3.29
2013-08-17,11.4,8.2,11.0,4.72,5.8
2013-08-18,5.6,8.8,9.9,1.4,5.85
2013-08-19,1.0,7.8,11.4,9.33,7.31
2013-08-20,0.0,5.9,12.6,12.73,7.14
2013-08-21,0.2,5.8,13.6,11.41,7.08
2013-08-22,1.6,5.3,15.9,13.1,6.3
2013-08-23,0.0,3.5,14.4,13.15,3.78
2013-08-24,0.0,1.6,13.8,12.81,3.62
2013-08-25,0.5,2.9,12.8,7.39,2.91
2013-08-26,0.5,5.9,15.2,13.02,3.75
2013-08-27,0.0,1.4,14.8,14.11,3.91
2013-08-28,1.7,3.7,15.2,13.46,8.41
2013-08-29,5.2,3.0,10.5,14.23,6.74
2013-08-30,1.4,2.1,9.1,8.95,4.19
2013-08-31,0.0,-1.3,11.5,15.26,5.1
2013-09-01,0.0,1.2,12.2,15.16,3.77
2013-09-02,0.0,-1.2,12.6,15.08,4.53
2013-09-03,0.0,0.5,13.1,15.36,3.89
2013-09-04,11.5,3.3,7.2,5.85,9.11
2013-09-05,2.9,2.6,8.9,8.7,6.98
2013-09-06,0.0,0.0,14.5,11.79,3.23
2013-09-07,0.0,1.9,16.6,15.95,4.53
2013-09-08,0.0,5.2,14.2,15.3,5.3
2013-09-09,0.0,3.7,12.8,16.51,5.52
2013-09-10,5.6,4.6,13.6,10.64,11.95
2013-09-11,13.2,10.8,17.1,9.86,11.68
2013-09-12,0.0,4.4,13.5,17.55,10.34
2013-09-13,0.0,2.9,12.8,18.37,3.26
2013-09-14,0.0,0.9,12.5,17.83,3.07
2013-09-15,1.2,2.6,8.4,16.19,6.13
2013-09-16,0.0,-1.3,13.6,18.4,2.61
2013-09-17,0.1,3.5,9.2,13.92,6.48
2013-09-18,0.0,-0.9,15.9,19.5,3.71
2013-09-19,2.1,1.7,15.1,13.95,4.49
2013-09-20,0.0,5.3,19.4,14.97,4.0
2013-09-21,3.8,7.8,16.5,6.4,3.96
2013-09-22,7.3,6.0,11.7,5.57,4.48
2013-09-23,2.1,5.2,14.1,14.26,3.93
2013-09-24,0.0,7.4,11.0,5.24,4.18
2013-09-25,6.0,6.7,8.7,3.68,5.74
2013-09-26,1.6,6.9,17.0,19.45,5.56
2013-09-27,0.6,4.1,15.8,18.73,7.57
2013-09-28,2.1,7.4,14.2,12.89,5.66
2013-09-29,0.2,6.6,11.4,11.42,4.55
2013-09-30,0.5,6.1,12.8,13.47,3.85
2013-10-01,0.0,4.8,20.8,21.61,4.68
2013-10-02,0.3,6.6,18.6,17.01,5.01
2013-10-03,1.1,9.9,19.2,13.74,4.88
2013-10-04,0.0,9.7,18.8,19.77,4.12
2013-10-05,0.0,8.9,18.9,16.64,3.86
2013-10-06,0.0,8.4,21.1,22.56,3.96
2013-10-07,4.4,7.6,14.9,10.11,5.89
2013-10-08,32.3,4.0,7.2,2.38,2.8
2013-10-09,8.8,2.8,8.3,12.56,6.64
2013-10-10,2.4,-1.9,12.9,18.4,4.74
2013-10-11,1.5,4.0,11.8,12.92,4.74
2013-10-12,2.7,3.2,13.8,21.54,3.79
2013-10-13,0.0,2.6,17.5,23.68,7.71
2013-10-14,8.3,10.2,18.6,16.6,9.87
2013-10-15,0.2,4.8,13.8,22.03,6.91
2013-10-16,0.1,2.3,15.4,25.43,4.6
2013-10-17,0.0,7.8,19.7,22.62,5.4
2013-10-18,1.2,7.7,20.1,20.06,9.05
2013-10-19,0.0,4.7,19.1,25.99,3.09
2013-10-20,0.0,6.9,21.5,26.14,4.44
2013-10-21,0.0,9.9,17.1,14.65,7.72
2013-10-22,3.3,8.1,12.8,7.77,5.41
2013-10-23,0.3,4.8,13.0,15.47,6.98
2013-10-24,1.9,9.9,21.4,23.28,8.46
2013-10-25,5.5,9.7,18.0,22.6,8.79
2013-10-26,2.7,9.5,15.6,25.2,11.03
2013-10-27,0.0,6.6,13.1,27.08,8.0
2013-10-28,0.4,1.9,11.8,23.75,5.49
2013-10-29,0.0,2.0,16.7,28.22,6.04
2013-10-30,3.5,5.8,18.1,25.42,4.66
2013-10-31,2.0,8.8,19.1,23.36,4.1
2013-11-01,6.2,6.2,11.7,19.78,4.69
2013-11-02,0.0,2.0,16.9,28.0,3.8
2013-11-03,0.0,7.7,14.6,22.89,7.46
2013-11-04,0.0,5.1,20.8,29.47,3.98
2013-11-05,0.0,6.4,21.4,25.31,5.45
2013-11-06,0.0,9.6,13.6,13.49,6.4
2013-11-07,0.0,6.5,18.3,24.67,5.22
2013-11-08,0.5,10.9,19.6,20.24,5.65
2013-11-09,0.0,10.7,15.7,15.9,5.74
2013-11-10,0.0,9.8,24.2,29.02,6.93
2013-11-11,0.0,10.1,12.9,8.68,5.75
2013-11-12,0.0,9.0,13.5,13.92,3.36
2013-11-13,0.0,4.9,16.0,30.3,5.25
2013-11-14,0.0,5.8,16.0,29.0,5.56
2013-11-15,0.0,8.8,19.4,26.14,6.41
2013-11-16,0.0,10.6,23.7,29.39,5.89
2013-11-17,0.1,11.4,16.6,19.24,5.66
2013-11-18,1.4,11.1,17.9,21.42,4.03
2013-11-19,0.4,11.4,17.5,23.31,7.27
2013-11-20,0.0,11.3,22.4,28.39,6.17
2013-11-21,6.5,12.0,23.5,23.56,6.14
2013-11-22,0.5,11.6,15.5,13.99,5.59
2013-11-23,0.0,11.8,20.2,24.52,4.05
2013-11-24,0.0,10.4,26.0,31.94,4.34
2013-11-25,10.8,9.7,15.1,5.88,4.19
2013-11-26,3.8,8.9,11.0,5.57,2.5
2013-11-27,0.9,9.6,13.3,9.61,5.68
2013-11-28,1.0,10.4,15.1,14.02,4.87
2013-11-29,0.5,6.6,22.8,29.06,6.22
2013-11-30,8.4,8.0,18.3,26.36,8.78
2013-12-01,1.8,6.2,17.8,28.96,6.01
2013-12-02,0.0,6.8,20.0,33.28,4.44
2013-12-03,0.0,10.7,23.6,32.67,5.1
2013-12-04,0.0,12.0,23.4,30.46,4.88
2013-12-05,0.0,12.6,23.2,26.31,5.19
2013-12-06,0.0,13.8,27.8,30.4,5.66
2013-12-07,0.3,14.2,21.3,29.62,7.31
2013-12-08,15.0,11.6,19.5,20.42,4.55
2013-12-09,0.8,10.3,18.7,25.0,3.66
2013-12-10,0.5,12.3,18.9,20.62,5.38
2013-12-11,0.0,11.0,21.3,22.01,5.42
2013-12-12,0.1,10.0,24.7,29.73,5.24
2013-12-13,0.0,12.4,25.2,29.85,4.48
2013-12-14,0.0,12.8,22.7,30.13,5.16
2013-12-15,0.4,12.6,22.8,26.74,3.89
2013-12-16,2.2,12.4,23.0,23.5,3.86
2013-12-17,9.1,10.7,14.2,11.8,7.26
2013-12-18,5.1,8.9,21.4,31.95,4.93
2013-12-19,5.3,10.4,14.7,20.17,5.94
2013-12-20,0.0,7.4,24.1,33.12,5.68
2013-12-21,7.0,9.0,19.6,11.27,6.26
2013-12-22,4.0,8.2,14.5,27.42,3.41
2013-12-23,0.0,7.5,21.1,30.99,5.0
2013-12-24,1.4,12.7,20.6,15.97,7.04
2013-12-25,17.2,12.4,21.6,18.99,5.2
2013-12-26,0.4,11.9,16.3,8.94,7.53
2013-12-27,3.2,12.4,15.9,11.4,4.18
2013-12-28,14.0,13.0,18.5,14.88,3.95
2013-12-29,5.9,14.5,18.2,12.05,4.79
2013-12-30,1.7,13.9,23.1,23.66,5.46
2013-12-31,0.0,9.5,19.9,32.88,5.2
2014-01-01,0.4,7.8,19.4,24.15,7.02
2014-01-02,0.9,9.0,20.0,20.42,7.07
2014-01-03,10.2,14.6,21.2,29.45,8.98
2014-01-04,0.0,10.4,22.0,27.87,5.92
2014-01-05,0.9,11.9,21.7,30.44,8.22
2014-01-06,0.0,8.8,22.4,33.18,7.37
2014-01-07,1.5,9.4,19.7,21.23,6.23
2014-01-08,2.7,9.3,17.1,22.19,8.23
2014-01-09,0.5,8.7,15.3,23.18,7.52
2014-01-10,0.0,6.0,19.9,28.62,3.64
2014-01-11,0.0,11.8,19.7,28.88,7.38
2014-01-12,0.2,11.0,21.2,26.06,7.85
2014-01-13,7.6,8.2,16.0,24.41,5.84
2014-01-14,0.1,7.7,18.1,26.44,4.88
2014-01-15,0.0,10.1,23.7,32.49,5.58
2014-01-16,2.1,11.4,25.8,22.51,9.9
2014-01-17,1.7,9.9,15.3,28.44,9.11
2014-01-18,0.0,8.8,19.1,28.76,6.96
2014-01-19,0.0,12.8,24.9,23.65,7.3
2014-01-20,0.0,12.5,16.7,15.58,7.53
2014-01-21,2.1,12.2,16.5,11.79,5.95
2014-01-22,0.0,10.7,22.3,31.46,7.12
2014-01-23,0.7,8.9,19.3,30.81,8.0
2014-01-24,0.0,7.9,21.1,29.8,7.16
2014-01-25,0.0,12.4,24.5,28.79,6.38
2014-01-26,22.9,8.0,22.0,13.03,10.32
2014-01-27,3.2,7.4,16.0,25.1,6.24
2014-01-28,0.0,5.9,20.0,29.98,2.95
2014-01-29,0.0,11.0,24.1,29.61,6.35
2014-01-30,0.0,13.0,18.6,22.8,7.43
2014-01-31,0.0,12.5,17.3,12.86,5.15
2014-02-01,0.9,13.6,19.5,17.86,3.0
2014-02-02,0.0,12.4,20.8,24.75,3.54
2014-02-03,0.0,10.7,23.4,29.69,5.08
2014-02-04,0.0,12.7,28.2,30.01,4.4
2014-02-05,1.6,12.0,15.8,8.22,6.76
2014-02-06,0.0,10.4,18.1,26.82,5.61
2014-02-07,1.3,8.0,19.0,24.12,7.42
2014-02-08,0.0,10.3,20.7,24.82,4.88
2014-02-09,0.0,12.0,15.5,9.88,5.37
2014-02-10,0.0,10.6,19.1,24.53,4.34
2014-02-11,0.0,7.8,22.8,27.6,4.43
2014-02-12,9.2,11.6,18.9,18.88,3.23
2014-02-13,2.3,10.3,21.9,21.79,2.42
2014-02-14,1.9,12.7,19.4,15.39,4.54
2014-02-15,0.0,12.2,22.2,25.48,4.21
2014-02-16,0.0,11.7,22.3,24.31,5.52
2014-02-17,0.0,13.4,23.9,17.56,5.54
2014-02-18,1.3,16.7,28.2,23.51,5.59
2014-02-19,1.5,13.6,20.9,17.74,4.29
2014-02-20,0.0,14.4,26.0,23.18,3.41
2014-02-21,0.0,15.0,29.3,23.87,4.79
2014-02-22,0.0,15.8,25.8,24.55,5.32
2014-02-23,3.5,9.2,18.8,20.81,5.5
2014-02-24,0.0,6.5,23.0,26.65,6.71
2014-02-25,0.0,11.6,14.3,9.45,5.66
2014-02-26,0.0,12.3,21.2,24.49,7.61
2014-02-27,0.0,9.9,27.0,25.72,4.36
2014-02-28,14.9,7.6,17.4,12.53,8.9
2014-03-01,0.0,6.7,14.6,23.05,6.58
2014-03-02,0.0,5.8,21.7,23.01,5.19
2014-03-03,11.9,7.6,12.8,18.3,9.48
2014-03-04,30.1,8.4,10.3,5.08,14.23
2014-03-05,27.7,8.3,12.7,4.49,11.38
2014-03-06,0.0,6.6,18.1,23.73,4.72
2014-03-07,0.0,8.5,19.3,20.24,4.08
2014-03-08,0.1,9.4,18.6,16.4,3.76
2014-03-09,0.2,9.9,17.0,10.91,2.48
2014-03-10,0.0,10.9,18.6,19.59,4.4
2014-03-11,0.0,11.2,18.0,15.35,3.26
2014-03-12,0.0,12.0,19.2,16.86,6.8
2014-03-13,0.0,7.6,22.7,20.67,3.19
2014-03-14,0.0,11.4,19.5,17.93,4.18
2014-03-15,0.0,11.5,16.6,12.01,6.28
2014-03-16,12.8,14.9,18.4,5.3,9.2
2014-03-17,0.2,15.0,24.9,19.99,3.89
2014-03-18,3.2,13.5,18.2,10.76,6.51
2014-03-19,0.0,11.4,21.0,18.93,4.2
2014-03-20,0.0,11.4,19.5,12.56,7.24
2014-03-21,0.0,6.3,16.5,19.36,6.08
2014-03-22,0.0,7.9,16.5,18.27,4.72
2014-03-23,0.0,6.1,17.0,20.32,6.74
2014-03-24,0.0,7.4,22.2,19.67,2.41
2014-03-25,8.1,8.3,16.3,5.75,9.31
2014-03-26,0.0,5.6,15.3,18.7,3.49
2014-03-27,0.0,7.7,20.9,18.24,2.82
2014-03-28,0.0,8.7,18.6,17.7,5.95
2014-03-29,0.0,11.0,21.0,11.51,2.69
2014-03-30,0.0,7.6,21.1,12.67,3.31
2014-03-31,0.0,10.5,18.6,15.69,3.72
2014-04-01,0.0,11.1,18.6,13.05,5.1
2014-04-02,0.0,8.8,21.3,16.44,2.42
2014-04-03,0.0,8.8,19.4,15.87,3.56
2014-04-04,0.0,9.8,20.7,16.73,3.48
2014-04-05,0.2,11.2,16.0,7.03,3.29
2014-04-06,0.3,12.0,15.8,4.26,2.55
2014-04-07,5.0,11.4,15.0,4.1,5.26
2014-04-08,11.5,10.3,12.5,2.75,5.47
2014-04-09,3.8,10.5,14.4,5.42,2.82
2014-04-10,3.8,10.9,13.6,2.52,1.97
2014-04-11,1.9,12.2,15.6,3.65,2.52
2014-04-12,0.0,9.0,13.0,2.13,7.39
2014-04-13,0.0,7.7,9.2,3.19,3.7
2014-04-14,2.9,6.6,13.4,8.95,7.75
2014-04-15,11.5,10.9,19.5,9.36,5.5
2014-04-16,1.0,9.6,14.9,3.45,7.57
2014-04-17,25.8,8.2,11.9,2.71,6.54
2014-04-18,10.4,12.5,15.8,3.21,10.83
2014-04-19,0.2,11.3,20.4,13.5,5.73
2014-04-20,0.0,10.4,19.1,12.8,3.94
2014-04-21,0.8,8.7,15.1,8.19,4.68
2014-04-22,5.0,6.9,10.2,2.85,3.31
2014-04-23,1.3,7.0,15.5,8.64,4.58
2014-04-24,0.0,7.3,15.2,10.45,3.31
2014-04-25,0.5,9.0,20.3,6.76,5.9
2014-04-26,0.0,4.6,16.2,12.76,2.7
2014-04-27,0.8,2.5,15.3,10.36,6.28
2014-04-28,2.4,6.7,11.2,6.79,8.13
2014-04-29,32.6,8.0,9.4,1.76,11.19
2014-04-30,0.0,3.5,10.8,9.57,4.72
2014-05-01,0.0,0.5,13.4,11.75,3.33
2014-05-02,0.0,5.5,14.2,8.55,5.66
2014-05-03,0.0,5.4,18.0,11.14,2.83
2014-05-04,0.3,3.9,16.0,9.98,4.52
2014-05-05,3.1,11.9,16.7,5.29,7.29
2014-05-06,0.0,11.2,18.2,10.43,8.16
2014-05-07,2.2,8.0,14.3,4.33,4.11
2014-05-08,0.4,5.1,12.9,7.79,4.85
2014-05-09,0.2,5.0,11.0,8.52,4.66
2014-05-10,0.0,3.5,12.2,7.36,2.13
2014-05-11,0.0,3.7,14.6,9.98,2.97
2014-05-12,0.0,4.8,16.0,8.9,3.45
2014-05-13,5.1,4.7,11.7,4.39,2.59
2014-05-14,6.4,6.1,9.9,1.97,3.1
2014-05-15,0.3,1.7,11.5,6.56,4.02
2014-05-16,0.0,-0.3,13.7,9.31,3.64
2014-05-17,0.0,5.0,13.8,8.1,4.08
2014-05-18,0.0,5.1,16.9,6.99,6.04
2014-05-19,0.0,8.1,17.3,8.69,3.97
2014-05-20,0.0,11.1,18.6,7.33,4.1
2014-05-21,5.0,7.6,16.6,5.27,6.71
2014-05-22,0.0,4.0,13.0,8.66,3.76
2014-05-23,4.0,9.1,17.3,5.22,5.03
2014-05-24,0.9,6.9,16.9,7.35,9.06
2014-05-25,8.4,1.6,11.4,7.24,10.0
2014-05-26,0.3,0.5,6.9,6.95,9.18
2014-05-27,0.0,-3.9,9.7,8.41,3.61
2014-05-28,0.0,0.2,13.2,6.92,3.47
2014-05-29,3.2,4.8,17.7,7.2,8.32
2014-05-30,0.0,-0.1,9.0,8.0,3.44
2014-05-31,0.0,-2.6,10.5,8.02,2.56
2014-06-01,0.0,-3.5,10.3,7.89,3.18
2014-06-02,0.0,-2.8,10.4,7.5,1.92
2014-06-03,0.0,-3.3,10.2,7.71,2.84
2014-06-04,0.0,-0.9,11.1,7.6,5.36
2014-06-05,0.0,-0.1,15.6,5.16,3.3
2014-06-06,1.1,7.3,12.1,3.73,3.0
2014-06-07,0.0,5.5,15.1,5.1,2.22
2014-06-08,5.1,6.2,8.3,1.16,2.4
2014-06-09,12.9,7.1,9.5,0.9,4.63
2014-06-10,27.2,7.0,9.1,0.5,4.68
2014-06-11,1.1,5.8,8.2,2.54,3.4
2014-06-12,2.2,7.1,10.8,3.21,3.94
2014-06-13,0.0,2.6,11.5,6.99,2.86
2014-06-14,0.0,0.5,11.7,6.34,1.98
2014-06-15,0.0,4.0,13.4,6.08,2.5
2014-06-16,5.5,4.2,11.3,2.68,7.44
2014-06-17,0.6,5.9,13.7,3.8,4.34
2014-06-18,9.9,5.5,11.4,5.95,3.35
2014-06-19,0.4,2.1,10.5,6.54,3.59
2014-06-20,0.0,-2.3,9.5,6.91,3.62
2014-06-21,0.2,2.1,15.2,5.15,3.5
2014-06-22,0.0,2.2,8.7,5.19,4.36
2014-06-23,0.0,0.2,10.0,7.03,4.12
2014-06-24,0.0,1.3,12.8,5.25,6.74
2014-06-25,4.6,9.8,14.9,4.62,8.45
2014-06-26,0.0,6.0,14.6,5.94,3.81
2014-06-27,0.3,4.4,12.8,5.62,2.11
2014-06-28,0.0,1.0,12.3,7.13,2.84
2014-06-29,0.0,1.1,12.2,7.04,5.33
2014-06-30,0.4,9.9,14.7,6.41,7.94
2014-07-01,1.8,4.4,11.3,6.47,3.71
2014-07-02,2.7,2.5,5.5,4.41,7.3
2014-07-03,0.0,-3.2,6.7,7.25,5.83
2014-07-04,0.0,-1.2,9.5,7.25,6.92
2014-07-05,1.3,3.1,11.1,6.86,7.42
2014-07-06,0.0,0.8,9.4,5.47,4.33
2014-07-07,0.0,1.3,8.8,5.65,2.81
2014-07-08,0.0,-0.8,8.4,4.69,4.94
2014-07-09,0.2,4.7,9.4,3.42,5.83
2014-07-10,0.0,7.8,11.9,5.0,7.71
2014-07-11,3.4,8.5,13.6,6.33,7.13
2014-07-12,0.0,8.5,12.5,6.16,7.14
2014-07-13,0.2,4.9,13.9,7.66,7.03
2014-07-14,1.5,4.2,7.2,2.98,5.81
2014-07-15,0.0,-0.6,10.5,7.69,3.26
2014-07-16,4.0,-0.8,6.8,5.55,5.59
2014-07-17,0.2,1.7,6.5,4.43,4.03
2014-07-18,7.4,1.1,4.3,2.89,4.12
2014-07-19,0.7,2.4,7.1,4.26,4.84
2014-07-20,0.3,-1.0,7.7,5.04,4.6
2014-07-21,0.2,-1.2,6.7,7.75,7.79
2014-07-22,0.0,2.8,7.9,5.48,7.68
2014-07-23,1.5,-0.4,9.8,5.63,5.3
2014-07-24,0.0,-2.1,8.3,5.13,3.01
2014-07-25,1.3,-0.2,8.7,7.35,5.92
2014-07-26,0.0,-2.3,11.2,8.4,5.73
2014-07-27,0.0,1.3,9.8,5.39,5.96
2014-07-28,0.0,-1.3,11.5,9.23,5.3
2014-07-29,1.0,4.4,12.6,3.78,4.55
2014-07-30,0.5,3.7,14.1,7.43,8.16
2014-07-31,0.0,5.1,16.7,8.97,7.47
2014-08-01,0.0,10.4,17.1,7.51,6.85
2014-08-02,5.5,10.2,17.5,7.89,6.3
2014-08-03,2.1,3.9,9.2,2.22,4.37
2014-08-04,0.0,-1.4,9.5,10.21,5.11
2014-08-05,0.0,-0.2,13.9,10.48,3.28
2014-08-06,3.3,3.1,9.4,10.02,8.81
2014-08-07,0.7,3.3,14.8,8.43,7.36
2014-08-08,0.5,1.9,7.9,10.35,9.2
2014-08-09,0.0,-0.3,8.1,10.82,5.4
2014-08-10,0.0,-2.5,12.1,11.12,3.97
2014-08-11,2.2,3.9,13.0,8.82,7.86
2014-08-12,1.2,0.9,8.5,9.6,5.46
2014-08-13,0.0,-2.6,9.8,9.68,3.14
2014-08-14,1.6,-3.5,7.2,6.92,9.51
2014-08-15,1.4,3.8,9.1,2.67,9.22
2014-08-16,0.0,-0.1,11.6,10.44,3.86
2014-08-17,0.0,-0.6,11.8,10.29,4.3
2014-08-18,0.0,0.7,13.3,12.21,2.7
2014-08-19,0.0,-1.2,10.8,9.29,2.33
2014-08-20,0.0,0.7,9.4,9.36,2.85
2014-08-21,0.4,-0.3,6.2,10.54,9.53
2014-08-22,0.0,1.2,10.1,7.49,4.57
2014-08-23,0.0,4.1,10.8,7.46,4.88
2014-08-24,0.1,3.5,9.6,6.37,3.11
2014-08-25,0.0,-1.5,10.5,13.45,2.2
2014-08-26,0.0,1.6,10.7,12.25,1.99
2014-08-27,0.0,-1.7,11.3,13.3,2.94
2014-08-28,0.0,-1.6,11.6,13.8,3.26
2014-08-29,0.0,2.7,10.4,6.7,4.25
2014-08-30,0.0,6.1,10.8,7.97,5.16
2014-08-31,0.0,1.9,11.5,14.74,5.05
2014-09-01,0.0,-0.7,11.7,12.66,2.84
2014-09-02,0.0,-0.2,12.3,14.77,6.64
2014-09-03,0.0,-0.1,14.9,15.78,3.04
2014-09-04,0.0,3.5,11.9,13.82,2.38
2014-09-05,0.0,4.1,8.8,4.16,5.3
2014-09-06,0.0,5.1,12.8,12.27,2.58
2014-09-07,0.0,3.5,13.7,15.3,4.09
2014-09-08,0.0,4.1,13.1,11.36,5.2
2014-09-09,0.0,4.3,14.5,16.61,5.66
2014-09-10,0.0,3.3,17.3,17.29,2.62
2014-09-11,0.0,3.4,18.5,16.35,3.2
2014-09-12,0.0,8.4,18.6,16.69,3.94
2014-09-13,12.0,7.2,9.4,3.19,6.4
2014-09-14,0.4,2.8,12.8,15.13,3.2
2014-09-15,1.3,4.1,15.7,17.45,5.16
2014-09-16,0.4,5.4,14.2,15.01,5.66
2014-09-17,0.9,2.7,10.4,13.92,8.11
2014-09-18,0.0,1.8,13.3,14.05,7.07
2014-09-19,0.0,6.0,14.8,16.82,7.38
2014-09-20,0.4,-0.6,12.6,17.9,4.21
2014-09-21,3.9,4.7,12.0,13.93,4.33
2014-09-22,2.5,3.3,6.6,15.76,11.63
2014-09-23,0.0,0.3,18.5,19.72,3.0
2014-09-24,0.0,7.7,19.5,20.21,3.02
2014-09-25,0.0,4.8,18.0,20.22,3.4
2014-09-26,5.6,8.1,16.3,10.11,5.19
2014-09-27,8.9,7.2,16.1,11.7,5.88
2014-09-28,0.1,3.7,8.5,10.72,5.51
2014-09-29,0.0,0.4,12.2,22.12,7.74
2014-09-30,0.0,2.0,16.6,22.03,4.04
2014-10-01,0.0,6.0,17.0,22.07,6.58
2014-10-02,0.7,3.7,17.0,17.72,4.51
2014-10-03,5.2,1.3,11.0,16.78,5.64
2014-10-04,0.5,0.1,10.6,22.0,7.65
2014-10-05,0.2,-1.3,16.6,19.42,9.96
2014-10-06,9.1,4.3,13.6,12.81,12.75
2014-10-07,0.0,1.2,14.7,21.96,5.83
2014-10-08,0.5,6.1,18.6,18.51,8.39
2014-10-09,0.0,5.1,11.3,15.88,5.4
2014-10-10,0.0,3.8,14.3,23.67,4.84
2014-10-11,0.0,4.0,16.5,22.35,3.48
2014-10-12,0.0,5.4,18.9,23.12,3.54
2014-10-13,0.0,7.4,22.2,24.62,3.13
2014-10-14,0.0,7.8,19.1,19.5,7.36
2014-10-15,0.0,6.3,17.8,22.12,5.38
2014-10-16,0.0,8.6,19.8,22.58,5.06
2014-10-17,0.0,11.6,20.7,23.95,6.42
2014-10-18,0.8,8.4,11.9,9.91,4.31
2014-10-19,0.3,7.6,12.3,11.15,5.66
2014-10-20,1.4,3.3,17.8,18.03,7.6
2014-10-21,0.0,3.4,14.1,20.38,3.08
2014-10-22,0.0,6.0,15.8,22.79,4.96
2014-10-23,0.0,7.8,21.1,26.48,6.72
2014-10-24,2.4,6.2,10.6,23.72,10.07
2014-10-25,0.0,2.9,16.9,27.48,5.92
2014-10-26,0.2,5.8,18.0,18.73,4.94
2014-10-27,0.6,6.6,9.5,9.14,2.75
2014-10-28,0.2,5.5,17.2,21.74,7.65
2014-10-29,2.0,6.2,15.1,19.6,10.27
2014-10-30,0.0,5.1,18.8,26.56,6.02
2014-10-31,5.3,7.8,15.7,22.3,6.86
2014-11-01,0.0,4.9,20.1,28.69,5.53
2014-11-02,2.2,11.8,20.5,20.59,9.02
2014-11-03,0.0,8.3,16.0,27.46,10.21
2014-11-04,4.7,5.6,11.5,24.07,3.42
2014-11-05,7.0,4.1,10.8,18.67,4.3
2014-11-06,1.7,4.4,11.1,24.81,4.65
2014-11-07,0.2,5.5,13.6,19.95,5.33
2014-11-08,0.0,3.6,17.0,27.61,3.72
2014-11-09,0.0,8.0,22.8,29.15,4.32
2014-11-10,0.3,8.9,20.7,25.21,5.83
2014-11-11,0.0,8.0,17.7,27.14,7.26
2014-11-12,3.7,4.5,12.1,23.59,3.89
2014-11-13,4.8,4.8,13.1,22.92,8.49
2014-11-14,0.0,6.2,17.5,25.38,7.05
2014-11-15,1.4,8.5,17.2,29.92,11.45
2014-11-16,0.2,6.1,17.0,27.87,7.24
2014-11-17,0.6,4.1,14.7,14.61,5.02
2014-11-18,0.6,7.1,18.7,31.6,9.0
2014-11-19,3.7,6.6,16.4,26.76,8.3
2014-11-20,0.0,3.7,18.1,27.61,6.38
2014-11-21,0.0,10.6,22.9,23.57,7.02
2014-11-22,4.0,9.3,25.1,21.69,11.24
2014-11-23,0.0,9.1,18.3,28.61,7.52
2014-11-24,0.0,8.3,22.4,30.92,8.03
2014-11-25,1.5,9.8,21.9,17.74,6.79
2014-11-26,0.0,12.9,20.5,32.52,7.2
2014-11-27,0.7,10.9,19.9,31.42,9.65
2014-11-28,11.3,8.0,13.7,22.65,3.54
2014-11-29,1.9,6.8,18.3,31.5,8.19
2014-11-30,2.7,7.0,14.2,25.6,6.52
2014-12-01,4.4,5.8,12.0,24.51,6.38
2014-12-02,0.0,6.4,15.4,29.22,4.03
2014-12-03,0.1,5.5,19.7,28.17,4.9
2014-12-04,1.2,9.3,20.0,17.25,6.52
2014-12-05,0.0,8.4,14.2,21.23,5.92
2014-12-06,0.0,7.9,23.5,28.13,5.67
2014-12-07,0.0,10.1,22.6,15.43,8.22
2014-12-08,0.0,9.5,16.8,25.57,6.59
2014-12-09,0.0,10.8,23.5,25.42,5.99
2014-12-10,4.2,8.9,18.2,4.89,8.15
2014-12-11,4.7,7.6,12.1,8.59,6.02
2014-12-12,0.4,8.1,16.1,25.55,5.48
2014-12-13,3.7,9.0,11.2,9.75,4.3
2014-12-14,0.0,7.2,15.9,32.34,5.78
2014-12-15,0.0,5.8,20.3,33.48,5.1
2014-12-16,0.0,10.6,21.0,33.84,5.69
2014-12-17,0.0,10.8,19.7,25.29,7.07
2014-12-18,2.8,11.3,18.9,15.89,6.54
2014-12-19,0.0,11.2,24.7,28.03,5.85
2014-12-20,0.2,18.5,25.4,14.14,6.44
2014-12-21,3.0,12.5,20.2,22.65,4.25
2014-12-22,0.0,11.9,22.0,31.62,5.7
2014-12-23,0.0,11.7,21.6,28.04,5.58
2014-12-24,0.0,13.7,26.0,33.21,6.11
2014-12-25,0.0,12.4,22.2,29.51,6.81
2014-12-26,0.0,11.9,26.6,31.87,4.72
2014-12-27,0.7,13.5,25.9,30.18,6.37
2014-12-28,3.6,15.5,20.6,25.44,5.91
2014-12-29,0.0,13.3,20.7,29.6,7.74
2014-12-30,0.0,14.4,27.5,31.02,6.04
2014-12-31,1.6,15.0,24.7,23.1,9.77
2015-01-01,0.5,11.7,19.3,26.01,8.1
2015-01-02,0.1,8.3,25.5,32.22,4.74
2015-01-03,0.1,12.0,19.7,23.7,6.82
2015-01-04,0.0,10.9,30.4,30.68,4.96
2015-01-05,0.0,15.6,27.2,33.28,6.11
2015-01-06,0.0,13.5,20.9,20.92,4.49
2015-01-07,0.5,12.7,18.1,13.35,4.92
2015-01-08,0.0,11.4,17.7,17.71,5.8
2015-01-09,0.0,10.1,26.4,33.66,5.96
2015-01-10,0.0,10.7,29.2,33.67,4.92
2015-01-11,0.0,13.5,27.1,27.31,4.43
2015-01-12,0.0,13.8,20.3,19.57,5.32
2015-01-13,0.0,13.4,22.3,25.28,3.86
2015-01-14,1.1,15.0,17.5,9.24,5.11
2015-01-15,0.3,15.2,21.3,18.65,7.61
2015-01-16,0.0,15.2,28.2,26.67,7.74
2015-01-17,0.0,13.1,27.0,32.88,6.51
2015-01-18,0.0,16.7,26.8,31.57,7.08
2015-01-19,0.0,13.7,23.7,29.65,7.85
2015-01-20,1.6,10.6,18.9,26.7,3.64
2015-01-21,4.0,9.7,17.2,21.07,5.15
2015-01-22,0.0,8.1,20.4,32.62,4.61
2015-01-23,0.0,9.1,23.7,32.39,5.55
2015-01-24,0.0,12.2,26.8,31.76,4.4
2015-01-25,0.0,12.6,24.9,29.33,7.25
2015-01-26,0.0,14.8,27.5,30.72,7.47
2015-01-27,0.0,12.7,22.8,21.95,4.89
2015-01-28,0.0,15.1,23.9,18.8,5.5
2015-01-29,0.6,16.2,23.7,21.15,5.2
2015-01-30,0.7,16.2,21.3,14.41,4.32
2015-01-31,0.1,15.8,20.5,17.27,8.04
2015-02-01,0.7,16.1,29.6,28.23,4.88
2015-02-02,0.0,15.6,26.5,24.42,6.98
2015-02-03,3.7,13.1,19.8,18.74,6.99
2015-02-04,0.3,11.5,22.2,28.05,10.22
2015-02-05,1.1,8.0,18.5,21.36,7.38
2015-02-06,3.4,7.6,15.0,25.23,10.33
2015-02-07,0.0,8.6,21.5,28.74,5.78
2015-02-08,0.0,10.3,26.4,28.84,5.67
2015-02-09,7.4,10.3,21.1,10.39,8.63
2015-02-10,0.0,9.2,19.2,27.76,5.14
2015-02-11,0.0,9.8,20.2,28.41,7.0
2015-02-12,0.0,11.9,26.9,28.36,4.81
2015-02-13,0.0,11.7,18.9,20.18,6.98
2015-02-14,0.0,10.0,13.2,12.41,5.05
2015-02-15,0.0,8.4,15.9,16.72,3.71
2015-02-16,0.0,8.8,20.1,25.5,4.25
2015-02-17,0.0,9.0,22.6,26.64,5.11
2015-02-18,0.0,10.2,26.3,27.3,3.74
2015-02-19,0.0,13.0,24.4,21.85,3.71
2015-02-20,0.0,13.1,23.7,24.16,6.02
2015-02-21,0.0,13.3,25.3,25.0,4.6
2015-02-22,9.9,14.3,18.1,10.72,4.66
2015-02-23,0.0,13.5,20.4,16.31,6.11
2015-02-24,0.0,12.7,25.1,24.33,3.75
2015-02-25,0.0,11.4,24.1,18.98,9.82
2015-02-26,0.0,10.5,16.8,17.21,5.1
2015-02-27,0.0,9.4,22.3,24.53,4.72
2015-02-28,0.5,10.0,27.2,24.32,3.4
2015-03-01,0.0,11.9,25.7,22.92,4.53
2015-03-02,0.0,13.0,26.9,23.32,5.94
2015-03-03,1.9,13.5,21.2,14.48,5.82
2015-03-04,3.9,14.6,22.2,16.39,4.52
2015-03-05,0.0,11.4,28.3,23.84,5.13
2015-03-06,15.9,14.4,20.9,13.73,9.82
2015-03-07,5.3,12.4,18.8,12.1,7.47
2015-03-08,3.9,12.5,17.4,16.27,7.97
2015-03-09,0.0,10.3,20.0,21.55,5.41
2015-03-10,0.0,10.5,21.8,20.37,3.62
2015-03-11,0.0,13.3,16.1,10.07,5.52
2015-03-12,0.0,11.1,20.2,20.03,5.35
2015-03-13,1.4,11.9,25.0,20.88,6.69
2015-03-14,0.2,12.6,16.2,11.61,7.11
2015-03-15,0.0,11.7,22.4,21.27,5.59
2015-03-16,2.5,10.4,14.3,5.25,8.48
2015-03-17,0.8,9.2,12.5,11.2,7.49
2015-03-18,0.7,7.9,12.5,13.63,8.7
2015-03-19,0.1,7.2,12.8,12.37,5.94
2015-03-20,0.0,4.2,15.5,18.92,6.8
2015-03-21,0.0,8.9,22.8,20.17,3.61
2015-03-22,4.1,11.3,14.0,3.36,5.01
2015-03-23,0.0,10.9,15.2,6.2,4.88
2015-03-24,0.0,9.3,23.4,18.7,3.47
2015-03-25,0.0,10.3,22.3,14.42,3.18
2015-03-26,0.0,11.3,19.3,12.1,2.8
2015-03-27,0.0,10.5,19.8,17.01,5.55
2015-03-28,0.0,11.3,20.7,15.02,6.03
2015-03-29,0.0,11.4,20.7,14.32,4.14
2015-03-30,0.1,10.2,17.1,11.28,3.67
2015-03-31,0.0,10.5,18.1,13.89,3.13
2015-04-01,0.0,8.6,20.9,17.5,4.11
2015-04-02,0.0,9.0,24.1,17.54,3.7
2015-04-03,0.0,9.5,22.9,16.01,4.46
2015-04-04,0.5,10.2,22.4,13.45,6.71
2015-04-05,0.0,11.0,15.1,6.8,5.15
2015-04-06,0.1,10.6,23.6,15.04,7.22
2015-04-07,0.3,14.5,26.3,12.29,7.22
2015-04-08,2.5,12.3,23.4,13.24,4.49
2015-04-09,4.7,10.9,13.8,6.09,6.38
2015-04-10,0.8,9.0,16.9,9.57,7.28
2015-04-11,0.7,8.5,12.0,4.65,5.5
2015-04-12,0.9,6.3,17.1,11.56,7.28
2015-04-13,4.0,3.4,9.7,11.52,8.75
2015-04-14,0.6,3.4,9.0,13.11,11.53
2015-04-15,0.1,5.3,11.4,10.42,11.3
2015-04-16,0.0,3.4,14.1,14.32,5.59
2015-04-17,2.2,4.0,17.3,11.67,3.44
2015-04-18,2.1,7.6,13.8,8.91,4.74
2015-04-19,0.0,5.6,19.6,13.69,4.1
2015-04-20,1.2,8.9,17.1,10.74,5.28
2015-04-21,6.8,11.0,14.9,3.69,3.83
2015-04-22,0.7,10.9,13.9,3.07,3.41
2015-04-23,0.0,9.3,16.0,11.57,5.52
2015-04-24,0.0,6.8,17.1,12.03,5.06
2015-04-25,0.0,7.7,20.3,11.79,5.47
2015-04-26,2.1,14.4,18.4,7.21,7.5
2015-04-27,17.1,9.8,16.5,2.57,7.25
2015-04-28,8.3,6.9,10.7,5.0,7.16
2015-04-29,3.5,3.1,15.8,11.65,7.24
2015-04-30,0.0,6.0,10.8,8.89,10.04
2015-05-01,0.0,1.8,15.9,11.66,2.83
2015-05-02,0.0,3.9,14.5,11.68,2.86
2015-05-03,0.0,3.4,13.8,10.89,3.5
2015-05-04,0.0,5.1,17.6,9.91,2.55
2015-05-05,0.0,6.9,16.7,6.72,5.59
2015-05-06,3.7,14.3,20.3,5.91,7.22
2015-05-07,0.0,9.3,19.7,10.05,3.13
2015-05-08,0.0,7.8,16.6,10.58,5.33
2015-05-09,0.0,5.1,16.5,9.86,5.14
2015-05-10,0.0,6.6,16.3,9.69,3.04
2015-05-11,0.5,6.6,18.4,8.79,7.1
2015-05-12,4.2,5.6,16.1,7.43,7.74
2015-05-13,0.0,4.3,17.0,9.0,6.5
2015-05-14,0.5,7.8,14.1,5.39,3.32
2015-05-15,1.8,5.1,10.3,3.55,10.79
2015-05-16,0.8,6.6,12.5,2.35,8.01
2015-05-17,0.0,6.2,12.3,5.33,2.86
2015-05-18,0.0,5.9,14.6,6.93,4.14
2015-05-19,0.0,6.5,11.1,4.98,2.9
2015-05-20,0.0,2.5,12.5,8.53,3.04
2015-05-21,0.5,7.3,17.7,7.3,6.41
2015-05-22,1.2,1.1,10.4,8.81,6.23
2015-05-23,0.0,0.4,11.9,8.66,2.73
2015-05-24,2.3,-2.5,12.9,8.19,8.51
2015-05-25,0.0,3.1,7.2,7.56,11.27
2015-05-26,0.0,1.8,10.3,6.56,7.66
2015-05-27,0.0,0.8,8.8,4.55,6.8
2015-05-28,0.0,-3.4,10.1,8.22,2.56
2015-05-29,0.0,-2.8,9.4,8.13,2.8
2015-05-30,0.2,-2.5,10.8,3.28,4.33
2015-05-31,0.0,-0.1,13.9,7.46,2.76
2015-06-01,0.0,4.8,15.7,7.33,4.64
2015-06-02,1.2,8.7,15.0,7.1,6.72
2015-06-03,9.1,8.1,10.9,3.01,7.14
2015-06-04,5.8,3.3,7.7,1.99,10.24
2015-06-05,0.3,1.5,7.0,4.07,4.03
2015-06-06,0.0,1.4,9.0,5.46,2.55
2015-06-07,0.0,0.6,11.2,7.21,3.23
2015-06-08,0.0,2.6,14.7,6.91,3.61
2015-06-09,0.0,9.7,15.2,4.73,7.99
2015-06-10,1.2,8.2,14.3,7.09,7.76
2015-06-11,0.0,2.3,8.4,6.55,5.44
2015-06-12,1.1,1.8,14.2,6.27,6.48
2015-06-13,0.0,0.9,12.0,7.24,5.41
2015-06-14,0.2,4.8,12.3,6.5,6.09
2015-06-15,4.0,3.1,8.2,5.2,5.68
2015-06-16,0.0,-0.9,10.0,6.11,4.16
2015-06-17,0.0,-2.5,10.4,7.15,7.32
2015-06-18,39.9,0.6,10.4,1.8,8.66
2015-06-19,10.0,0.5,6.4,6.17,3.05
2015-06-20,0.6,2.1,4.8,2.76,3.25
2015-06-21,0.8,-2.3,7.7,7.07,6.42
2015-06-22,0.0,1.0,3.8,4.38,8.13
2015-06-23,0.0,-5.2,4.7,7.15,3.35
2015-06-24,0.0,-3.8,5.0,7.13,2.83
2015-06-25,0.0,-5.3,7.5,6.84,2.62
2015-06-26,4.5,-2.9,11.6,6.45,8.23
2015-06-27,0.5,-3.3,8.3,7.05,4.8
2015-06-28,0.0,-1.4,11.9,6.78,5.75
2015-06-29,0.0,0.6,13.3,5.97,6.02
2015-06-30,0.0,1.9,11.3,6.25,4.84
2015-07-01,0.0,4.2,8.8,3.07,4.2
2015-07-02,0.0,1.2,11.9,6.55,4.88
2015-07-03,3.9,5.0,11.1,3.28,5.66
2015-07-04,0.2,-0.2,9.7,7.26,4.74
2015-07-05,0.0,0.0,12.1,5.68,5.02
2015-07-06,0.0,0.4,8.2,7.6,4.26
2015-07-07,0.2,-2.2,4.3,5.41,3.8
2015-07-08,2.2,-0.9,5.3,5.79,8.86
2015-07-09,9.3,2.0,4.0,3.39,7.37
2015-07-10,1.2,-4.2,6.0,4.74,5.8
2015-07-11,0.0,-5.6,6.2,7.28,2.25
2015-07-12,0.0,-6.3,7.0,7.97,3.47
2015-07-13,0.0,-5.9,7.7,7.92,3.14
2015-07-14,0.0,-3.7,9.5,7.14,6.09
2015-07-15,3.8,6.7,12.6,3.68,6.14
2015-07-16,3.4,4.3,8.3,2.59,4.16
2015-07-17,0.0,0.7,9.4,5.67,2.66
2015-07-18,6.9,-0.6,6.4,2.57,8.99
2015-07-19,0.0,1.0,7.9,6.42,9.6
2015-07-20,0.7,-3.4,7.2,5.32,8.0
2015-07-21,0.0,0.5,10.0,3.21,6.22
2015-07-22,0.0,-1.0,10.8,7.11,2.94
2015-07-23,0.0,-0.5,10.8,7.82,3.1
2015-07-24,0.4,3.1,11.5,8.07,3.44
2015-07-25,0.0,2.3,12.6,8.8,5.24
2015-07-26,0.9,5.1,15.0,7.01,7.6
2015-07-27,0.4,3.1,13.2,3.19,5.25
2015-07-28,2.9,5.9,11.4,8.02,4.19
2015-07-29,0.8,2.0,8.9,6.9,9.08
2015-07-30,0.0,-1.1,8.5,9.46,3.67
2015-07-31,0.0,-1.9,11.7,8.92,2.8
2015-08-01,1.0,3.0,8.6,3.24,4.19
2015-08-02,0.2,4.5,12.1,4.63,5.69
2015-08-03,0.3,7.2,17.2,7.94,6.03
2015-08-04,0.0,5.6,15.7,8.34,7.52
2015-08-05,0.0,0.2,10.4,10.44,4.88
2015-08-06,0.0,-1.5,11.8,9.6,2.94
2015-08-07,5.3,1.6,9.7,8.15,4.8
2015-08-08,6.5,0.4,5.9,7.25,6.38
2015-08-09,3.3,-2.4,5.0,9.44,6.02
2015-08-10,1.3,-0.3,4.8,5.8,5.52
2015-08-11,0.0,-1.0,7.4,9.22,3.0
2015-08-12,0.0,-3.4,7.0,9.21,4.53
2015-08-13,0.0,1.6,11.7,10.52,5.05
2015-08-14,0.3,7.9,11.8,7.48,7.5
2015-08-15,4.2,7.3,9.6,1.84,5.82
2015-08-16,4.0,4.8,7.9,2.9,7.18
2015-08-17,0.0,0.1,13.6,12.31,3.55
2015-08-18,0.5,4.5,13.8,9.38,6.26
2015-08-19,1.3,2.9,11.8,10.52,3.94
2015-08-20,0.2,1.7,10.1,11.99,3.76
2015-08-21,0.0,-1.4,10.6,12.05,3.83
2015-08-22,0.0,0.4,11.8,13.02,3.06
2015-08-23,0.0,0.8,13.6,13.53,2.91
2015-08-24,0.0,1.0,12.7,8.2,4.39
2015-08-25,2.2,1.3,7.7,5.42,4.98
2015-08-26,0.0,0.8,9.7,10.12,5.17
2015-08-27,0.0,1.1,12.7,14.17,4.18
2015-08-28,2.0,0.6,11.9,11.48,2.82
2015-08-29,1.2,6.3,12.8,4.59,4.89
2015-08-30,0.0,5.6,11.4,8.34,5.4
2015-08-31,0.0,4.5,7.9,4.83,2.2
2015-09-01,4.7,3.7,8.3,3.16,8.77
2015-09-02,0.0,6.1,14.7,13.1,5.48
2015-09-03,1.4,4.6,9.1,8.82,6.66
2015-09-04,0.5,3.3,10.2,7.66,6.69
2015-09-05,0.1,0.1,13.1,14.53,6.4
2015-09-06,0.2,1.4,7.8,14.67,8.16
2015-09-07,0.0,-0.1,8.1,13.29,9.28
2015-09-08,0.0,-3.4,10.5,15.91,4.33
2015-09-09,0.0,-1.8,13.9,15.46,3.53
2015-09-10,8.2,4.3,16.1,11.65,9.93
2015-09-11,1.1,0.8,11.0,16.11,6.0
2015-09-12,0.0,2.7,12.1,16.96,4.8
2015-09-13,0.0,3.5,12.6,13.77,5.53
2015-09-14,0.0,4.5,12.8,15.84,4.65
2015-09-15,0.0,6.0,19.2,15.79,3.58
2015-09-16,0.0,7.3,17.5,17.61,3.92
2015-09-17,0.0,6.8,18.1,12.92,5.32
2015-09-18,4.0,5.2,15.6,16.83,9.94
2015-09-19,3.8,3.5,8.1,13.87,8.0
2015-09-20,11.4,3.4,6.2,5.85,7.44
2015-09-21,0.1,2.1,7.2,9.14,3.0
2015-09-22,0.1,3.0,9.2,8.34,4.08
2015-09-23,5.9,7.6,10.7,4.13,4.37
2015-09-24,0.5,5.8,9.8,9.66,3.19
2015-09-25,0.3,3.6,11.5,17.59,2.88
2015-09-26,1.1,4.4,8.7,10.74,4.69
2015-09-27,0.0,1.7,11.9,21.17,5.9
2015-09-28,0.0,0.8,13.2,18.54,3.55
2015-09-29,0.0,4.9,12.9,18.21,5.64
2015-09-30,0.0,3.2,16.5,20.53,4.03
2015-10-01,0.2,3.9,18.6,18.12,5.86
2015-10-02,0.2,5.6,16.5,16.56,5.35
2015-10-03,0.4,5.9,18.7,21.65,5.65
2015-10-04,0.0,10.7,18.8,16.21,12.73
2015-10-05,0.0,6.8,13.9,22.81,7.56
2015-10-06,0.0,6.9,22.6,22.54,4.56
2015-10-07,0.0,13.4,20.4,21.48,9.82
2015-10-08,0.0,5.0,12.8,20.1,5.46
2015-10-09,0.0,2.7,16.5,23.92,5.46
2015-10-10,0.0,4.8,16.3,23.77,6.24
2015-10-11,0.0,6.3,21.8,24.0,3.82
2015-10-12,0.2,9.6,20.8,20.8,6.22
2015-10-13,2.8,7.9,15.3,11.24,7.1
2015-10-14,0.0,6.8,17.3,23.78,4.65
2015-10-15,0.0,6.7,15.9,24.84,6.71
2015-10-16,0.2,6.8,20.6,25.1,5.91
2015-10-17,1.6,7.7,17.1,10.89,9.41
2015-10-18,2.9,7.7,17.7,25.03,10.93
2015-10-19,0.0,4.6,16.3,24.52,7.66
2015-10-20,0.0,4.5,19.6,25.8,4.68
2015-10-21,0.0,9.0,19.6,24.15,8.68
2015-10-22,2.8,7.5,12.8,18.44,7.35
2015-10-23,0.0,6.4,15.5,15.93,4.72
2015-10-24,0.0,6.3,16.1,24.9,6.22
2015-10-25,0.0,5.0,15.0,21.85,5.24
2015-10-26,0.0,4.7,20.5,27.96,4.81
2015-10-27,1.8,7.0,12.5,13.69,7.45
2015-10-28,10.1,6.8,15.0,17.41,5.03
2015-10-29,5.9,5.1,10.1,7.04,5.3
2015-10-30,0.0,1.4,13.0,23.82,2.62
2015-10-31,0.0,2.8,17.1,27.5,4.6
2015-11-01,0.0,6.6,17.1,27.81,7.19
2015-11-02,0.0,5.4,21.4,29.42,6.02
2015-11-03,2.5,6.0,19.5,14.46,9.14
2015-11-04,0.6,4.7,9.7,13.88,4.9
2015-11-05,0.0,-0.7,14.5,30.25,3.8
2015-11-06,0.0,4.5,17.4,27.26,5.25
2015-11-07,0.0,5.1,23.4,28.64,2.72
2015-11-08,1.5,7.9,21.4,17.91,3.86
2015-11-09,0.0,9.6,17.4,19.29,4.25
2015-11-10,0.0,9.4,24.9,29.8,4.05
2015-11-11,5.2,7.1,14.6,6.15,5.02
2015-11-12,2.9,5.4,11.2,25.64,6.59
2015-11-13,0.0,5.7,14.5,27.66,6.4
2015-11-14,0.0,5.8,17.7,25.26,5.25
2015-11-15,2.1,6.7,10.3,7.43,6.13
2015-11-16,0.0,4.2,17.5,30.06,4.99
2015-11-17,1.1,8.3,17.5,21.24,6.8
2015-11-18,3.2,6.4,11.6,22.77,7.35
2015-11-19,0.0,2.8,16.9,30.06,7.56
2015-11-20,0.1,10.5,21.0,25.25,6.66
2015-11-21,0.4,6.5,16.9,27.69,6.23
2015-11-22,1.0,8.9,17.0,26.06,6.04
2015-11-23,0.0,7.0,19.8,31.64,7.88
2015-11-24,0.0,12.4,21.9,27.41,7.24
2015-11-25,0.0,11.9,25.2,30.41,5.59
2015-11-26,0.0,12.6,25.6,31.27,6.31
2015-11-27,11.7,9.7,20.7,18.58,8.58
2015-11-28,0.1,8.7,18.8,29.69,7.12
2015-11-29,0.1,8.8,14.3,21.87,7.17
2015-11-30,0.0,7.9,19.4,29.3,6.8
2015-12-01,0.0,9.8,25.1,23.98,6.16
2015-12-02,0.0,17.1,27.8,29.24,6.52
2015-12-03,2.0,11.2,23.7,19.93,6.92
2015-12-04,0.0,8.8,23.3,33.48,5.55
2015-12-05,1.6,9.1,23.7,26.36,8.35
2015-12-06,1.2,7.9,13.5,17.59,6.05
2015-12-07,3.0,4.6,15.8,27.99,5.77
2015-12-08,0.0,7.0,19.3,28.69,5.89
2015-12-09,0.0,10.0,17.5,21.32,6.75
2015-12-10,0.0,8.5,25.2,31.68,7.22
2015-12-11,0.4,10.6,18.3,23.42,8.01
2015-12-12,1.4,12.1,24.2,22.74,7.23
2015-12-13,3.6,7.6,16.6,24.55,9.42
2015-12-14,0.0,6.2,21.5,29.83,3.95
2015-12-15,7.2,9.7,23.5,30.77,7.32
2015-12-16,7.7,8.1,14.4,23.35,3.86
2015-12-17,3.1,6.8,13.5,24.21,5.57
2015-12-18,0.4,5.7,17.6,28.96,3.83
2015-12-19,0.1,9.6,13.4,12.9,4.1
2015-12-20,0.0,9.2,22.4,28.57,6.04
2015-12-21,0.0,14.0,30.0,32.37,7.29
2015-12-22,1.7,9.9,19.4,11.52,6.38
2015-12-23,0.0,6.1,17.6,26.11,5.64
2015-12-24,0.0,7.6,21.1,30.61,4.24
2015-12-25,0.0,9.1,21.0,29.64,3.28
2015-12-26,0.0,9.5,22.8,33.23,5.02
2015-12-27,0.0,11.5,22.1,33.65,7.61
2015-12-28,0.0,11.6,21.9,33.22,6.84
2015-12-29,0.0,11.0,21.1,32.43,3.89
2015-12-30,1.6,8.1,15.2,13.43,5.96
2015-12-31,0.0,10.5,20.9,30.52,6.49
2016-01-01,0.0,11.0,24.8,32.65,3.54
2016-01-02,14.2,14.6,17.5,7.02,3.39
2016-01-03,17.9,8.8,15.1,5.22,7.83
2016-01-04,0.1,7.8,14.6,24.29,4.81
2016-01-05,0.0,5.8,18.5,30.25,3.2
2016-01-06,0.0,10.0,20.9,32.41,6.66
2016-01-07,0.5,10.6,23.4,25.7,5.47
2016-01-08,10.2,11.4,22.4,24.43,6.13
2016-01-09,0.0,8.8,19.2,29.9,7.67
2016-01-10,0.0,10.9,18.1,12.52,8.46
2016-01-11,0.0,9.7,18.8,30.71,8.05
2016-01-12,0.0,10.1,26.0,32.79,4.37
2016-01-13,0.0,10.6,14.7,6.58,6.4
2016-01-14,0.0,9.4,23.9,31.5,6.24
2016-01-15,2.1,10.9,23.9,17.31,7.82
2016-01-16,5.4,11.5,13.7,5.67,4.36
2016-01-17,2.6,12.7,16.6,6.99,3.31
2016-01-18,12.6,11.9,15.4,4.48,2.94
2016-01-19,4.4,13.2,17.7,11.3,5.99
2016-01-20,0.0,11.1,25.9,31.59,3.62
2016-01-21,0.0,14.2,25.6,24.99,3.62
2016-01-22,0.0,13.4,27.2,31.86,4.64
2016-01-23,0.0,16.6,27.3,25.26,4.66
2016-01-24,0.2,18.6,23.2,9.96,4.74
2016-01-25,0.9,17.9,26.1,16.18,4.03
2016-01-26,1.8,13.6,18.9,8.84,4.92
2016-01-27,22.1,12.0,14.0,3.55,3.76
2016-01-28,11.4,11.5,15.5,8.28,5.5
2016-01-29,0.4,10.6,17.8,20.17,4.25
2016-01-30,1.4,11.5,15.1,10.61,3.04
2016-01-31,0.0,9.9,20.0,25.4,4.43
2016-02-01,0.0,11.0,24.0,29.69,4.19
2016-02-02,0.0,12.0,27.2,29.0,3.1
2016-02-03,0.0,13.9,25.3,28.32,6.18
2016-02-04,0.0,15.6,28.0,28.98,5.47
2016-02-05,0.0,15.2,22.7,17.48,4.63
2016-02-06,1.0,14.2,19.3,13.33,4.74
2016-02-07,0.0,13.6,20.3,21.43,5.04
2016-02-08,0.0,12.7,22.3,22.64,5.1
2016-02-09,0.2,13.5,25.2,25.1,8.7
2016-02-10,0.0,11.3,22.9,28.17,6.51
2016-02-11,0.0,12.3,23.5,26.0,3.56
2016-02-12,0.0,12.0,23.8,25.88,4.27
2016-02-13,0.6,15.1,21.1,15.84,4.43
2016-02-14,0.0,12.2,24.3,25.76,4.75
2016-02-15,0.0,11.6,27.6,27.61,2.43
2016-02-16,0.0,13.4,28.4,26.85,4.37
2016-02-17,3.6,18.6,26.0,15.61,9.02
2016-02-18,10.7,15.8,23.1,21.97,8.28
2016-02-19,0.0,15.5,21.4,20.42,7.12
2016-02-20,0.0,13.2,26.8,26.87,6.17
2016-02-21,0.0,14.4,22.6,24.45,5.69
2016-02-22,0.0,13.7,19.9,15.12,4.87
2016-02-23,0.9,13.9,20.1,12.74,4.1
2016-02-24,0.0,12.0,27.1,24.94,4.44
2016-02-25,0.0,17.6,27.1,15.18,4.75
2016-02-26,0.0,18.4,24.9,13.15,7.71
2016-02-27,0.0,17.0,28.3,20.61,6.54
2016-02-28,0.0,12.9,24.2,24.4,5.37
2016-02-29,0.0,11.1,17.5,5.0,7.71
2016-03-01,0.0,10.4,15.8,13.8,2.4
2016-03-02,0.0,10.7,17.7,13.4,3.96
2016-03-03,0.0,10.2,25.1,21.22,4.04
2016-03-04,0.0,11.7,23.6,23.11,6.8
2016-03-05,0.0,13.0,28.1,22.7,3.98
2016-03-06,0.0,14.6,28.5,23.0,3.9
2016-03-07,0.1,15.2,21.4,14.31,7.7
2016-03-08,0.8,11.9,22.0,8.94,6.95
2016-03-09,0.0,10.6,20.0,19.65,6.84
2016-03-10,0.0,11.2,26.0,15.11,8.42
2016-03-11,0.0,8.3,13.5,9.49,8.93
2016-03-12,0.0,4.0,18.3,21.29,6.16
2016-03-13,0.0,9.4,21.4,15.15,3.01
2016-03-14,0.0,11.2,23.1,20.15,5.48
2016-03-15,8.1,11.2,18.3,5.53,6.6
2016-03-16,5.6,8.4,11.3,7.19,4.95
2016-03-17,0.0,8.0,15.4,20.42,5.14
2016-03-18,0.0,9.4,21.5,17.68,7.23
2016-03-19,0.0,15.0,26.0,19.03,6.75
2016-03-20,0.0,16.5,27.0,19.77,4.6
2016-03-21,0.0,13.1,27.6,19.14,2.6
2016-03-22,0.0,13.6,26.4,18.26,3.04
2016-03-23,1.5,12.5,20.7,8.88,7.84
2016-03-24,31.1,13.8,25.7,14.47,7.62
2016-03-25,0.0,11.0,16.0,14.6,4.7
2016-03-26,0.0,8.9,17.4,16.36,5.61
2016-03-27,0.0,9.7,23.5,18.84,5.05
2016-03-28,0.4,11.2,15.6,9.64,5.2
2016-03-29,0.0,7.0,19.7,16.2,2.3
2016-03-30,0.2,9.0,14.8,8.95,4.03
2016-03-31,0.0,7.0,17.9,16.75,5.01
2016-04-01,0.9,12.4,20.2,10.4,4.26
2016-04-02,1.7,13.4,19.4,13.24,6.6
2016-04-03,0.2,12.0,23.4,14.97,5.41
2016-04-04,0.4,7.3,12.6,4.81,2.92
2016-04-05,0.0,2.9,17.6,16.47,2.08
2016-04-06,0.0,5.8,20.6,15.99,5.24
2016-04-07,0.7,8.6,21.8,13.99,5.94
2016-04-08,2.3,10.6,15.1,5.12,8.58
2016-04-09,0.0,9.0,17.3,14.98,5.01
2016-04-10,0.0,6.5,19.3,15.36,3.61
2016-04-11,0.0,7.1,20.7,15.08,5.69
2016-04-12,3.0,8.7,16.3,3.18,6.33
2016-04-13,0.0,3.4,15.0,14.62,3.83
2016-04-14,0.0,2.4,18.9,14.88,3.61
2016-04-15,0.0,5.2,16.0,12.95,4.58
2016-04-16,0.0,6.0,20.4,14.28,4.1
2016-04-17,0.5,7.9,19.2,12.69,3.99
2016-04-18,0.5,9.4,14.3,7.1,3.55
2016-04-19,0.0,5.8,17.3,13.35,4.16
2016-04-20,0.0,6.1,19.9,13.29,3.28
2016-04-21,0.0,5.9,17.4,12.45,4.6
2016-04-22,0.0,5.3,20.4,13.02,3.06
2016-04-23,7.7,9.7,17.2,4.42,6.6
2016-04-24,0.1,5.7,15.7,13.0,4.71
2016-04-25,0.0,8.4,17.4,11.44,3.32
2016-04-26,0.0,6.4,17.7,11.71,3.32
2016-04-27,0.0,6.9,18.4,12.16,2.98
2016-04-28,0.0,5.8,20.9,12.21,2.53
2016-04-29,0.0,7.7,20.9,11.58,4.59
2016-04-30,0.0,8.0,14.9,9.86,5.91
2016-05-01,0.0,8.0,20.5,8.23,2.62
2016-05-02,0.7,8.2,20.6,9.54,4.78
2016-05-03,0.3,9.3,19.9,10.96,5.13
2016-05-04,0.1,8.7,20.6,4.9,6.4
2016-05-05,0.0,9.3,16.0,5.57,6.53
2016-05-06,0.0,3.9,15.4,9.54,2.26
2016-05-07,0.0,5.6,21.1,10.26,2.97
2016-05-08,0.0,5.4,20.0,10.08,2.69
2016-05-09,0.0,9.6,15.7,5.69,5.41
2016-05-10,0.0,10.2,17.8,4.9,4.84
2016-05-11,1.4,14.4,21.2,5.35,6.59
2016-05-12,7.6,9.2,17.7,9.31,10.35
2016-05-13,5.2,7.9,17.3,9.28,4.83
2016-05-14,0.0,7.4,18.1,8.77,6.24
2016-05-15,0.0,4.1,15.9,5.89,5.95
2016-05-16,4.3,7.4,17.4,5.94,12.73
2016-05-17,0.3,5.6,10.1,8.09,10.89
2016-05-18,0.6,7.3,16.4,5.79,7.06
2016-05-19,0.0,6.1,14.9,9.28,5.36
2016-05-20,11.4,3.7,14.2,4.49,6.33
2016-05-21,10.8,7.1,10.7,3.41,9.46
2016-05-22,2.2,4.7,9.3,5.5,7.43
2016-05-23,11.6,4.8,8.7,3.53,4.88
2016-05-24,1.8,4.8,10.0,6.79,4.98
2016-05-25,0.2,2.5,10.1,6.1,2.84
2016-05-26,0.2,2.4,12.0,7.78,3.77
2016-05-27,0.1,1.5,11.2,7.76,4.33
2016-05-28,22.7,6.8,9.6,4.49,7.2
2016-05-29,0.0,6.1,10.0,4.6,6.22
2016-05-30,0.6,2.7,9.4,7.23,5.22
2016-05-31,4.7,4.5,7.5,3.84,5.29
2016-06-01,1.5,1.8,8.1,5.91,6.05
2016-06-02,0.0,-0.6,10.3,7.66,3.04
2016-06-03,0.0,-1.8,12.3,7.45,3.14
2016-06-04,0.0,-2.6,11.5,7.52,2.88
2016-06-05,0.0,-2.8,9.5,7.62,3.74
2016-06-06,0.0,-2.9,10.6,7.52,3.85
2016-06-07,0.0,2.1,10.9,7.43,4.86
2016-06-08,0.0,-2.0,13.5,7.55,3.12
2016-06-09,0.5,1.4,13.0,1.93,4.94
2016-06-10,0.2,11.3,16.1,5.63,5.53
2016-06-11,0.0,4.4,12.8,5.81,4.74
2016-06-12,6.3,3.1,9.3,2.05,8.2
2016-06-13,0.0,-1.9,11.5,7.15,3.61
2016-06-14,0.0,3.4,13.3,6.64,3.62
2016-06-15,0.0,4.1,11.7,3.47,4.8
2016-06-16,0.0,1.1,12.3,7.09,3.26
2016-06-17,0.0,1.4,13.3,6.97,2.78
2016-06-18,0.0,2.0,13.9,6.58,3.58
2016-06-19,1.1,7.4,12.0,1.41,6.36
2016-06-20,0.0,6.1,14.4,5.47,4.6
2016-06-21,4.1,10.5,14.6,3.53,4.6
2016-06-22,3.8,11.2,17.2,5.25,6.08
2016-06-23,9.1,10.3,14.1,2.52,5.05
2016-06-24,0.5,3.7,13.4,6.21,5.67
2016-06-25,0.3,2.0,11.1,6.76,3.52
2016-06-26,4.0,5.8,9.1,1.65,4.37
2016-06-27,0.2,6.6,9.7,4.04,5.3
2016-06-28,1.2,3.1,10.1,2.37,2.52
2016-06-29,0.0,1.5,10.5,5.0,5.09
2016-06-30,0.7,2.7,8.9,4.0,5.76
2016-07-01,0.0,-0.9,8.0,7.17,3.61
2016-07-02,0.0,-2.1,11.5,7.28,2.94
2016-07-03,0.0,1.0,13.2,7.14,3.76
2016-07-04,0.0,5.5,15.1,5.52,3.47
2016-07-05,0.3,1.9,7.9,2.59,2.87
2016-07-06,0.0,-0.9,8.9,7.33,2.51
2016-07-07,0.0,1.4,8.5,4.38,5.87
2016-07-08,0.7,2.9,7.9,3.06,4.34
2016-07-09,0.0,-0.8,7.9,7.68,5.94
2016-07-10,0.0,-3.4,8.4,6.52,3.55
2016-07-11,0.0,-3.3,6.9,5.79,3.06
2016-07-12,0.0,-1.8,11.5,7.5,4.88
2016-07-13,9.3,7.0,12.1,2.16,8.91
2016-07-14,0.0,3.5,11.4,7.52,8.15
2016-07-15,1.8,2.8,11.3,6.72,8.43
2016-07-16,0.0,0.8,10.9,8.05,3.18
2016-07-17,2.0,1.7,11.6,6.54,6.09
2016-07-18,3.1,3.9,8.2,5.61,7.5
2016-07-19,4.7,2.4,10.7,3.84,4.32
2016-07-20,0.0,1.6,11.9,8.28,3.96
2016-07-21,0.0,0.6,10.8,8.64,2.73
2016-07-22,0.0,-0.4,11.5,8.76,2.56
2016-07-23,8.9,0.8,13.8,4.96,6.89
2016-07-24,0.0,3.5,11.5,8.23,10.37
2016-07-25,0.0,0.2,9.6,8.8,3.72
2016-07-26,0.0,-2.6,9.3,9.24,3.61
2016-07-27,0.6,0.1,12.3,9.21,4.95
2016-07-28,0.5,3.5,13.4,7.8,8.25
2016-07-29,0.0,0.0,9.6,8.75,6.5
2016-07-30,1.7,-1.7,12.4,7.24,6.36
2016-07-31,0.0,-1.2,8.5,9.98,3.82
2016-08-01,0.0,-3.4,7.1,6.39,3.02
2016-08-02,0.0,-0.9,8.4,7.73,3.26
2016-08-03,3.8,3.5,10.4,6.31,5.5
2016-08-04,3.6,0.4,5.7,6.15,4.93
2016-08-05,2.6,-1.7,5.1,7.67,3.01
2016-08-06,6.2,0.0,3.8,5.79,3.78
2016-08-07,0.0,-6.7,3.4,10.35,3.3
2016-08-08,0.0,-6.9,4.4,6.04,5.45
2016-08-09,0.0,-4.1,7.2,9.24,3.32
2016-08-10,0.0,-6.5,8.0,11.25,3.4
2016-08-11,0.0,-4.9,10.0,11.71,4.05
2016-08-12,0.0,-2.2,11.1,7.32,4.85
2016-08-13,5.2,-0.3,9.1,4.58,4.11
2016-08-14,0.0,-2.6,10.8,8.78,2.75
2016-08-15,0.0,0.4,11.0,10.46,4.2
2016-08-16,0.0,-2.3,11.6,11.86,4.12
2016-08-17,0.0,1.0,12.5,11.29,2.91
2016-08-18,0.0,-0.3,10.9,10.88,3.23
2016-08-19,0.0,2.1,12.4,12.49,5.02
2016-08-20,0.0,0.3,13.8,11.26,3.92
2016-08-21,0.0,2.4,14.4,12.69,5.31
2016-08-22,0.1,4.0,15.3,11.41,5.25
2016-08-23,0.0,2.3,11.9,10.44,2.56
2016-08-24,1.1,5.7,7.6,3.09,8.41
2016-08-25,2.2,6.3,14.4,11.75,6.61
2016-08-26,10.6,3.0,8.7,2.05,7.78
2016-08-27,6.2,1.9,10.0,6.45,9.0
2016-08-28,0.0,0.7,15.2,14.52,3.1
2016-08-29,0.0,5.0,16.5,13.63,3.68
2016-08-30,0.0,4.6,13.7,13.32,2.28
2016-08-31,0.0,2.8,14.5,14.93,4.78
2016-09-01,0.0,3.0,16.3,13.92,4.68
2016-09-02,0.0,9.3,18.4,14.01,4.75
2016-09-03,0.0,5.5,14.4,15.38,4.31
2016-09-04,1.6,4.8,14.0,8.89,8.68
2016-09-05,3.4,7.6,13.6,7.08,6.66
2016-09-06,2.2,5.5,10.4,6.76,5.48
2016-09-07,6.1,3.7,14.1,13.44,14.12
2016-09-08,5.3,2.0,6.5,11.75,11.05
2016-09-09,1.4,1.7,7.8,8.45,6.34
2016-09-10,0.0,-1.9,12.0,17.43,3.94
2016-09-11,0.0,-0.9,16.9,18.0,3.11
2016-09-12,0.0,2.3,15.8,17.21,4.99
2016-09-13,0.0,3.2,14.0,12.27,4.58
2016-09-14,0.0,3.2,15.0,17.58,2.91
2016-09-15,0.0,2.5,14.8,17.23,4.21
2016-09-16,3.3,7.5,18.4,7.41,5.64
2016-09-17,0.0,7.2,16.3,16.74,3.14
2016-09-18,0.0,5.9,14.0,14.07,2.35
2016-09-19,0.7,7.3,11.7,9.23,3.36
2016-09-20,0.5,5.1,9.9,10.33,3.8
2016-09-21,0.2,5.1,7.9,4.72,6.69
2016-09-22,0.5,7.1,11.8,6.75,4.43
2016-09-23,0.0,7.3,12.7,10.78,2.47
2016-09-24,0.1,7.3,11.0,8.28,3.38
2016-09-25,2.9,7.7,9.9,5.95,4.68
2016-09-26,1.9,8.2,10.8,6.56,8.15
2016-09-27,1.4,8.0,13.9,14.54,5.19
2016-09-28,0.4,8.9,13.3,8.79,4.03
2016-09-29,1.2,9.4,14.1,12.95,6.77
2016-09-30,0.0,8.5,16.7,17.97,4.97
2016-10-01,0.0,5.7,18.5,20.26,3.51
2016-10-02,4.5,7.4,18.6,19.07,2.83
2016-10-03,1.1,6.7,15.6,15.64,2.73
2016-10-04,0.0,6.6,18.2,20.47,5.72
2016-10-05,9.0,7.9,13.3,12.85,7.07
2016-10-06,4.8,7.2,15.9,18.75,5.73
2016-10-07,0.1,3.4,11.7,19.34,8.54
2016-10-08,3.2,3.5,17.1,16.25,5.67
2016-10-09,3.7,2.7,11.0,16.14,4.02
2016-10-10,0.0,1.5,18.5,21.71,3.47
2016-10-11,0.0,9.6,17.5,13.61,8.22
2016-10-12,6.6,4.5,11.0,8.18,7.6
2016-10-13,0.0,2.6,17.1,24.11,4.1
2016-10-14,14.1,5.9,10.3,6.03,7.15
2016-10-15,0.0,5.0,14.1,19.82,3.71
2016-10-16,0.0,5.5,19.6,24.74,3.79
2016-10-17,0.0,12.0,18.1,12.44,10.09
2016-10-18,0.0,7.4,20.7,18.55,5.87
2016-10-19,0.3,10.5,21.5,22.81,4.49
2016-10-20,14.4,7.1,13.1,8.9,4.16
2016-10-21,0.7,4.8,11.6,20.15,5.36
2016-10-22,0.0,0.2,15.1,27.46,5.13
2016-10-23,0.0,4.9,14.3,23.7,6.71
2016-10-24,0.1,8.8,16.9,11.33,2.46
2016-10-25,2.4,10.0,19.3,22.09,4.53
2016-10-26,4.9,9.1,12.5,10.74,7.2
2016-10-27,0.0,8.3,17.6,22.46,5.24
2016-10-28,9.5,6.8,20.0,21.87,9.43
2016-10-29,1.4,6.2,10.6,20.04,6.63
2016-10-30,0.0,5.2,13.4,24.63,3.67
2016-10-31,0.0,2.8,15.2,28.28,7.41
2016-11-01,2.3,5.4,17.9,24.71,6.13
2016-11-02,1.7,8.0,14.4,14.06,4.18
2016-11-03,4.0,7.2,17.9,25.79,4.43
2016-11-04,1.6,8.1,14.0,19.42,4.68
2016-11-05,0.0,4.5,17.5,24.34,5.11
2016-11-06,1.2,8.7,20.3,20.6,7.74
2016-11-07,0.0,5.5,16.1,24.99,5.03
2016-11-08,0.0,3.5,19.7,27.35,5.64
2016-11-09,1.1,10.5,23.1,19.24,7.55
2016-11-10,0.0,8.4,15.7,20.64,6.28
2016-11-11,14.3,10.2,15.7,9.11,4.19
2016-11-12,7.2,8.6,10.2,7.67,4.6
2016-11-13,0.3,5.5,12.7,16.27,5.51
2016-11-14,1.3,5.2,18.3,16.48,5.3
2016-11-15,2.5,10.6,19.2,24.93,5.29
2016-11-16,0.4,10.6,18.6,25.65,6.4
2016-11-17,19.9,7.1,10.8,10.78,10.02
2016-11-18,1.0,6.0,17.1,29.04,7.21
2016-11-19,0.0,8.9,17.2,26.35,6.04
2016-11-20,0.2,6.7,17.1,30.23,6.17
2016-11-21,0.0,9.2,22.8,30.73,5.29
2016-11-22,0.0,9.3,25.5,32.03,3.41
2016-11-23,0.1,12.3,24.9,30.49,5.59
2016-11-24,0.0,11.2,13.9,9.65,7.24
2016-11-25,1.0,12.5,22.3,24.29,10.6
2016-11-26,1.7,9.9,17.0,29.02,9.45
2016-11-27,0.6,7.9,16.0,31.11,8.44
2016-11-28,0.0,5.9,18.3,31.39,5.39
2016-11-29,0.0,10.2,21.8,31.57,7.82
2016-11-30,0.0,9.6,11.4,10.41,4.25
2016-12-01,0.2,9.2,15.0,18.14,4.81
2016-12-02,1.3,10.0,13.9,13.23,3.94
2016-12-03,0.0,7.6,22.6,32.31,3.89
2016-12-04,0.0,11.6,15.8,13.13,5.87
2016-12-05,0.0,10.6,18.6,29.42,8.06
2016-12-06,0.2,8.5,23.2,23.95,4.44
2016-12-07,2.1,12.4,20.6,9.44,3.69
2016-12-08,2.5,12.0,15.3,8.82,5.05
2016-12-09,0.0,11.9,21.7,32.28,8.65
2016-12-10,2.5,12.0,22.3,18.14,6.56
2016-12-11,18.4,9.9,14.0,16.24,5.15
2016-12-12,8.0,8.6,14.5,25.17,8.87
2016-12-13,0.0,6.2,17.2,25.02,6.47
2016-12-14,0.0,10.5,24.4,31.0,5.12
2016-12-15,0.9,10.9,19.7,29.76,6.65
2016-12-16,0.0,7.3,20.4,32.89,5.15
2016-12-17,0.0,8.3,20.5,33.35,8.43
2016-12-18,0.4,12.4,20.7,15.6,6.81
2016-12-19,0.0,9.3,19.9,33.09,5.1
2016-12-20,0.0,6.3,18.9,33.53,8.13
2016-12-21,0.0,8.1,24.6,35.01,6.93
2016-12-22,7.5,11.7,20.6,12.41,5.82
2016-12-23,4.5,10.5,14.5,12.61,5.04
2016-12-24,0.0,9.6,20.4,31.51,5.2
2016-12-25,0.0,11.2,16.4,16.96,3.32
2016-12-26,0.0,11.3,21.5,28.35,5.52
2016-12-27,0.3,12.5,24.2,24.1,7.38
2016-12-28,0.2,11.3,16.2,21.47,6.32
2016-12-29,2.6,9.4,13.9,11.72,4.37
2016-12-30,0.0,7.5,22.1,33.36,5.63
2016-12-31,0.0,8.9,24.6,26.16,5.66
2017-01-01,0.5,17.9,26.0,32.08,7.89
2017-01-02,0.0,11.7,17.6,10.39,7.38
2017-01-03,5.1,11.4,19.5,16.53,7.17
2017-01-04,12.8,8.8,17.6,16.83,8.62
2017-01-05,0.0,6.8,15.5,31.75,7.82
2017-01-06,9.8,5.6,21.9,27.77,5.94
2017-01-07,8.0,8.6,17.1,22.14,6.72
2017-01-08,0.4,8.3,20.9,26.62,7.02
2017-01-09,1.2,11.0,16.7,19.14,6.54
2017-01-10,0.2,13.1,19.9,25.16,7.8
2017-01-11,0.0,11.3,26.8,29.29,8.75
2017-01-12,0.3,11.9,26.0,30.19,8.64
2017-01-13,0.0,10.9,20.3,26.25,7.84
2017-01-14,0.0,12.1,22.4,23.92,5.99
2017-01-15,0.0,13.9,26.2,32.47,8.08
2017-01-16,0.0,10.6,21.8,28.61,7.96
2017-01-17,0.0,13.6,25.4,31.55,7.5
2017-01-18,13.3,15.8,21.8,10.22,7.47
2017-01-19,21.9,9.6,20.4,23.37,12.43
2017-01-20,1.3,6.9,16.2,26.86,6.96
2017-01-21,5.4,5.3,18.6,16.91,7.38
2017-01-22,19.5,9.7,16.0,5.35,9.57
2017-01-23,0.0,12.2,19.8,26.1,8.66
2017-01-24,0.5,9.3,21.4,26.08,8.42
2017-01-25,0.6,12.8,21.0,26.83,9.02
2017-01-26,0.0,10.7,23.7,29.26,8.51
2017-01-27,0.4,11.6,23.4,27.98,8.2
2017-01-28,0.0,10.2,19.4,30.65,7.58
2017-01-29,0.2,10.3,22.4,20.99,9.21
2017-01-30,0.6,11.6,17.9,27.74,8.28
2017-01-31,0.0,15.3,25.9,24.87,10.2
2017-02-01,0.5,14.0,20.2,16.32,7.97
2017-02-02,0.0,11.2,18.6,15.44,6.22
2017-02-03,0.1,12.0,22.4,28.4,9.77
2017-02-04,0.0,15.2,25.8,27.18,8.92
2017-02-05,0.0,12.9,27.2,29.21,6.13
2017-02-06,0.4,16.8,27.6,19.86,8.34
2017-02-07,2.2,12.4,14.7,6.21,7.36
2017-02-08,0.8,8.4,14.4,10.18,5.59
2017-02-09,0.0,5.9,16.0,28.02,7.78
2017-02-10,0.0,6.7,20.6,20.75,5.3
2017-02-11,0.0,10.4,21.5,27.47,7.34
2017-02-12,0.0,13.0,24.6,19.61,10.56
2017-02-13,3.5,12.2,20.8,20.39,8.0
2017-02-14,0.1,12.2,21.5,27.32,8.4
2017-02-15,0.0,7.8,22.1,27.7,7.28
2017-02-16,0.0,8.6,20.1,26.42,6.84
2017-02-17,2.1,14.2,19.9,12.01,6.4
2017-02-18,1.5,14.6,20.9,8.41,5.06
2017-02-19,0.0,15.6,22.0,20.56,7.66
2017-02-20,0.0,15.5,24.0,23.9,6.39
2017-02-21,0.0,13.8,26.3,25.26,5.98
2017-02-22,0.1,15.2,23.7,19.5,6.22
2017-02-23,0.0,13.8,22.2,17.84,5.5
2017-02-24,0.0,13.4,22.1,24.89,5.78
2017-02-25,0.3,11.7,25.6,23.22,7.71
2017-02-26,0.4,14.0,15.6,4.49,4.5
2017-02-27,0.0,12.1,20.6,24.38,5.0
2017-02-28,0.0,10.7,21.3,22.38,4.8
2017-03-01,0.0,13.8,22.3,23.08,6.3
2017-03-02,0.0,13.5,23.1,18.98,5.74
2017-03-03,0.0,11.6,25.8,23.37,8.02
2017-03-04,0.0,12.8,21.3,22.09,5.45
2017-03-05,0.0,13.0,28.7,23.34,5.2
2017-03-06,0.0,13.3,23.2,18.48,6.13
2017-03-07,6.6,10.5,15.5,5.02,6.55
2017-03-08,0.6,9.0,14.5,11.16,4.97
2017-03-09,0.0,6.3,17.0,22.77,5.47
2017-03-10,0.7,9.6,23.7,20.29,4.55
2017-03-11,9.5,11.8,14.4,3.65,4.75
2017-03-12,10.2,10.8,12.5,2.15,5.59
2017-03-13,25.3,9.3,11.4,1.88,5.49
2017-03-14,3.1,9.4,13.3,9.65,8.97
2017-03-15,0.0,10.8,18.4,19.3,4.89
2017-03-16,0.0,8.1,19.8,20.71,5.33
2017-03-17,0.0,10.1,26.6,21.01,7.17
2017-03-18,0.1,8.2,16.9,5.12,8.6
2017-03-19,0.0,6.3,18.9,19.22,5.13
2017-03-20,0.0,13.9,21.4,18.97,6.84
2017-03-21,0.5,10.2,14.5,3.86,5.06
2017-03-22,2.0,11.8,15.0,4.73,3.92
2017-03-23,0.0,10.9,14.0,6.28,3.58
2017-03-24,0.1,10.1,20.8,16.61,4.41
2017-03-25,1.3,11.7,13.9,3.56,4.63
2017-03-26,3.2,11.9,17.1,5.81,7.78
2017-03-27,4.2,12.5,13.9,3.21,6.98
2017-03-28,0.0,9.3,17.5,16.3,5.16
2017-03-29,0.0,13.0,17.6,10.71,3.99
2017-03-30,0.0,12.7,22.0,15.79,3.81
2017-03-31,0.0,11.8,25.2,12.87,2.85
2017-04-01,0.0,12.9,21.9,11.66,4.4
2017-04-02,0.7,12.6,22.2,11.92,7.16
2017-04-03,3.2,10.0,12.7,2.52,4.27
2017-04-04,0.7,9.4,12.6,4.97,5.61
2017-04-05,15.2,9.4,11.1,3.27,5.2
2017-04-06,38.5,8.3,11.0,1.74,11.1
2017-04-07,0.0,5.6,15.5,15.46,8.14
2017-04-08,0.0,9.3,13.9,10.45,5.5
2017-04-09,0.0,4.8,15.8,13.29,3.98
2017-04-10,0.0,5.3,16.7,14.18,3.12
2017-04-11,5.1,7.6,17.8,6.62,3.74
2017-04-12,33.0,11.0,13.6,2.97,5.63
2017-04-13,7.6,11.2,14.8,4.37,3.91
2017-04-14,37.5,11.4,18.4,4.05,9.42
2017-04-15,0.8,11.6,20.6,11.21,6.24
2017-04-16,2.5,8.7,13.9,4.32,4.63
2017-04-17,0.0,6.7,14.2,8.52,2.62
2017-04-18,0.0,6.4,14.0,8.45,4.1
2017-04-19,0.0,5.5,17.3,12.07,7.32
2017-04-20,0.0,8.3,13.0,7.66,5.83
2017-04-21,0.0,5.4,15.7,12.74,4.52
2017-04-22,0.0,7.4,18.2,12.51,4.75
2017-04-23,0.0,7.5,20.2,12.63,3.92
2017-04-24,0.0,8.1,17.7,11.51,2.9
2017-04-25,0.0,10.0,15.1,11.53,5.33
2017-04-26,0.0,8.8,17.0,11.41,4.97
2017-04-27,0.0,8.0,19.7,11.68,5.26
2017-04-28,0.2,9.0,22.6,10.15,9.4
2017-04-29,0.0,9.1,17.4,11.85,4.53
2017-04-30,11.2,6.1,11.2,2.11,10.35
2017-05-01,0.8,3.2,11.2,8.33,5.81
2017-05-02,0.0,2.1,15.3,11.3,5.57
2017-05-03,12.4,7.9,18.1,7.14,12.3
2017-05-04,1.1,2.5,14.2,8.67,5.12
2017-05-05,0.0,3.4,13.8,10.43,4.59
2017-05-06,0.0,4.4,13.9,10.28,4.85
2017-05-07,0.0,7.5,14.1,9.21,4.21
2017-05-08,0.0,2.8,15.0,10.04,4.12
2017-05-09,0.0,5.9,14.8,9.06,3.45
2017-05-10,0.2,5.9,14.2,8.4,3.81
2017-05-11,3.3,9.2,14.1,6.08,3.45
2017-05-12,0.8,6.4,11.3,2.98,6.2
2017-05-13,0.1,3.9,11.4,6.24,4.32
2017-05-14,0.0,1.7,11.1,8.13,2.47
2017-05-15,0.0,1.6,13.7,9.13,3.81
2017-05-16,0.0,3.2,13.8,6.81,3.22
2017-05-17,15.9,4.2,13.1,5.7,5.17
2017-05-18,9.8,4.1,12.2,4.86,12.01
2017-05-19,4.0,2.4,14.5,8.97,7.79
2017-05-20,2.1,1.1,7.4,8.54,9.48
2017-05-21,0.0,3.3,9.8,6.44,8.07
2017-05-22,0.0,-0.5,10.4,8.58,4.17
2017-05-23,0.9,4.9,16.2,4.32,9.52
2017-05-24,1.2,5.7,12.0,4.37,3.16
2017-05-25,0.0,2.4,11.5,8.32,3.83
2017-05-26,0.3,0.8,10.8,7.82,2.95
2017-05-27,1.5,5.4,11.2,2.91,6.38
2017-05-28,0.0,3.3,10.4,7.24,4.76
2017-05-29,0.0,4.5,11.6,7.21,4.69
2017-05-30,0.0,4.3,13.0,7.66,3.68
2017-05-31,0.0,6.4,11.2,3.0,4.67
2017-06-01,0.0,5.5,10.9,3.16,3.2
2017-06-02,0.2,6.4,10.5,2.25,3.31
2017-06-03,0.0,3.1,10.3,6.76,2.76
2017-06-04,6.8,2.7,7.5,4.0,6.66
2017-06-05,1.1,3.5,7.7,2.62,6.16
2017-06-06,3.2,2.7,11.1,6.58,3.45
2017-06-07,0.0,1.4,11.3,7.31,3.36
2017-06-08,0.0,3.1,11.6,4.96,3.01
2017-06-09,0.0,0.0,10.5,7.13,4.13
2017-06-10,0.3,3.6,10.6,5.81,7.91
2017-06-11,0.0,1.6,13.8,7.06,6.14
2017-06-12,0.1,6.4,16.4,6.99,10.48
2017-06-13,2.3,2.8,13.5,4.79,8.03
2017-06-14,0.0,3.2,9.5,6.16,11.4
2017-06-15,0.0,0.3,9.5,6.96,6.29
2017-06-16,0.0,2.9,10.2,4.79,4.62
2017-06-17,0.0,-0.1,10.9,6.89,2.84
2017-06-18,0.0,-0.5,11.4,6.66,3.54
2017-06-19,0.0,5.6,11.1,2.88,5.82
2017-06-20,0.0,1.0,12.4,6.95,4.19
2017-06-21,0.0,1.5,14.8,6.76,5.03
2017-06-22,4.6,6.4,11.7,1.29,7.47
2017-06-23,6.8,5.7,6.9,0.86,7.11
2017-06-24,0.4,2.2,10.7,5.48,4.6
2017-06-25,5.6,0.1,7.1,1.65,7.29
2017-06-26,0.0,-2.7,8.2,7.12,3.72
2017-06-27,0.0,-0.3,11.7,6.43,5.73
2017-06-28,0.0,4.7,9.2,2.99,2.86
2017-06-29,0.0,4.2,9.7,4.51,4.74
2017-06-30,0.2,1.8,11.9,2.85,6.21
2017-07-01,8.3,6.1,10.1,2.33,4.91
2017-07-02,0.3,3.4,10.0,5.06,2.53
2017-07-03,0.1,3.6,11.3,5.19,4.33
2017-07-04,3.0,2.4,10.7,7.01,8.03
2017-07-05,0.0,2.4,9.0,5.2,3.91
2017-07-06,0.0,-0.6,7.8,5.1,3.07
2017-07-07,0.0,0.8,6.9,3.35,3.38
2017-07-08,1.5,-0.9,8.6,5.18,3.85
2017-07-09,0.2,2.7,9.6,5.05,3.8
2017-07-10,0.0,1.5,10.2,7.03,2.91
2017-07-11,10.4,-0.7,10.1,7.13,8.91
2017-07-12,11.2,1.6,3.4,4.7,8.57
2017-07-13,7.2,1.5,6.2,3.71,6.22
2017-07-14,0.5,2.9,7.7,3.85,5.16
2017-07-15,0.0,-1.1,8.1,7.77,2.69
2017-07-16,1.6,-2.6,8.3,3.96,3.62
2017-07-17,5.8,5.1,10.1,5.45,6.74
2017-07-18,0.0,4.6,10.7,6.87,4.9
2017-07-19,0.0,-0.9,13.5,7.99,4.36
2017-07-20,0.0,2.0,14.6,6.6,5.06
2017-07-21,55.3,6.6,10.1,0.71,11.27
2017-07-22,29.2,4.4,9.3,1.12,10.72
2017-07-23,0.1,2.8,8.9,8.61,6.11
2017-07-24,0.0,0.6,13.1,5.45,6.76
2017-07-25,0.0,2.5,13.1,8.81,4.22
2017-07-26,0.0,4.5,13.6,6.62,5.52
2017-07-27,18.8,4.6,9.0,1.2,6.66
2017-07-28,1.8,1.9,6.0,6.78,7.02
2017-07-29,0.0,-2.8,7.9,9.09,3.75
2017-07-30,0.0,-5.0,8.4,9.47,5.64
2017-07-31,0.1,-0.8,13.2,8.58,4.25
2017-08-01,1.1,4.5,11.3,5.7,4.21
2017-08-02,0.3,4.2,8.3,5.81,3.34
2017-08-03,0.0,2.6,7.4,4.24,3.27
2017-08-04,0.0,0.6,8.1,8.73,4.66
2017-08-05,0.0,0.6,11.0,10.3,5.94
2017-08-06,1.8,4.8,14.9,8.6,7.08
2017-08-07,0.0,6.2,15.9,10.35,6.12
2017-08-08,2.4,5.8,12.8,3.68,4.6
2017-08-09,4.7,4.7,15.5,4.98,4.62
2017-08-10,0.5,4.6,15.1,10.25,4.98
2017-08-11,0.5,4.2,15.2,8.9,4.5
2017-08-12,0.5,3.5,15.7,11.14,6.39
2017-08-13,2.6,7.4,14.8,8.0,10.29
2017-08-14,51.3,3.9,7.7,1.39,10.05
2017-08-15,0.1,1.7,11.0,10.74,9.18
2017-08-16,0.6,1.3,11.4,11.75,6.51
2017-08-17,2.7,9.4,16.0,10.75,10.85
2017-08-18,0.0,4.3,15.3,10.5,5.97
2017-08-19,5.4,2.2,12.5,10.86,4.69
2017-08-20,1.9,6.9,9.6,5.86,8.04
2017-08-21,0.8,2.9,8.5,6.36,7.09
2017-08-22,0.0,-0.9,11.4,13.04,3.58
2017-08-23,0.0,-1.0,12.9,13.23,3.55
2017-08-24,0.0,4.1,16.1,13.25,4.54
2017-08-25,0.0,3.9,16.8,13.19,4.42
2017-08-26,0.0,5.5,16.8,11.1,4.88
2017-08-27,0.0,7.3,16.6,13.01,5.38
2017-08-28,1.9,7.3,17.2,9.9,4.9
2017-08-29,0.0,6.7,17.7,12.45,4.47
2017-08-30,0.6,7.8,11.2,4.31,2.86
2017-08-31,3.8,7.4,9.3,1.97,7.87
2017-09-01,6.1,5.0,8.4,3.69,9.08
2017-09-02,0.8,4.8,8.8,5.93,7.77
2017-09-03,1.4,4.2,8.2,4.62,5.59
2017-09-04,0.0,0.7,10.9,14.72,4.44
2017-09-05,0.7,0.8,16.2,12.45,4.88
2017-09-06,0.0,4.9,14.3,15.3,10.75
2017-09-07,0.2,5.8,14.4,13.96,6.49
2017-09-08,0.0,3.2,14.2,14.98,5.94
2017-09-09,0.0,3.1,11.9,15.26,7.74
2017-09-10,4.9,2.8,9.8,11.8,5.9
2017-09-11,0.2,3.0,11.6,13.55,7.61
2017-09-12,0.1,3.2,12.6,5.87,5.81
2017-09-13,0.2,2.7,14.5,15.29,4.08
2017-09-14,0.0,6.7,18.6,15.69,5.64
2017-09-15,0.6,11.0,19.7,14.26,8.63
2017-09-16,2.3,7.2,13.1,13.8,5.8
2017-09-17,1.7,4.9,14.0,11.18,8.13
2017-09-18,25.9,7.1,10.0,1.82,10.19
2017-09-19,0.6,8.1,11.4,7.53,7.4
2017-09-20,0.0,5.1,13.1,17.0,5.95
2017-09-21,3.8,8.5,11.5,5.84,5.12
2017-09-22,4.3,8.1,12.6,9.59,5.02
2017-09-23,0.0,5.4,19.0,18.7,4.74
2017-09-24,0.0,9.1,21.3,19.14,6.86
2017-09-25,1.7,8.9,21.3,16.42,11.28
2017-09-26,0.0,7.9,18.1,11.42,6.46
2017-09-27,0.7,8.8,14.3,12.86,5.54
2017-09-28,0.0,6.4,13.2,16.95,7.35
2017-09-29,0.0,6.6,19.3,19.85,5.55
2017-09-30,0.1,6.7,14.3,14.26,5.17
2017-10-01,0.2,4.5,12.6,16.41,4.65
2017-10-02,0.7,4.7,15.2,18.43,6.71
2017-10-03,0.0,5.9,21.3,21.84,4.11
2017-10-04,0.2,8.4,19.5,20.75,9.2
2017-10-05,0.2,7.2,11.2,10.76,6.36
2017-10-06,0.2,3.3,17.1,16.7,5.22
2017-10-07,14.6,8.4,10.6,3.71,5.7
2017-10-08,12.7,9.3,11.7,3.32,6.93
2017-10-09,8.1,10.5,13.8,7.05,7.24
2017-10-10,0.5,9.5,17.4,17.9,4.88
2017-10-11,6.2,8.9,12.9,8.54,7.99
2017-10-12,0.0,7.5,14.8,21.88,5.75
2017-10-13,0.0,4.9,20.9,21.64,8.62
2017-10-14,0.1,6.9,18.1,14.07,5.77
2017-10-15,6.1,6.7,16.8,23.23,8.57
2017-10-16,0.8,7.6,13.5,6.33,7.66
2017-10-17,2.0,3.9,17.8,18.69,7.52
2017-10-18,0.9,5.9,10.5,10.49,7.91
2017-10-19,0.0,5.1,21.4,24.06,3.36
2017-10-20,0.0,6.7,15.3,24.51,5.83
2017-10-21,0.0,6.9,18.0,13.77,6.84
2017-10-22,0.3,7.7,18.9,23.47,6.91
2017-10-23,0.4,8.1,17.4,21.6,6.27
2017-10-24,0.1,7.2,16.1,22.45,5.38
2017-10-25,2.0,8.7,18.1,19.97,7.58
2017-10-26,1.8,6.9,15.2,21.19,4.84
2017-10-27,0.2,8.6,14.4,17.63,6.26
2017-10-28,0.0,7.9,17.1,27.28,6.26
2017-10-29,0.0,10.5,20.2,24.29,3.98
2017-10-30,0.0,13.4,22.5,22.28,4.16
2017-10-31,0.3,12.5,22.5,25.98,4.52
2017-11-01,0.0,11.9,20.5,25.93,5.41
2017-11-02,0.0,12.1,22.1,27.08,5.83
2017-11-03,1.3,12.4,23.0,20.42,7.13
2017-11-04,0.0,12.3,21.9,20.62,10.74
2017-11-05,0.1,8.8,17.5,28.83,12.29
2017-11-06,0.5,7.1,15.4,27.02,5.84
2017-11-07,4.9,5.6,16.8,15.81,9.26
2017-11-08,3.1,6.1,15.9,17.11,13.07
2017-11-09,0.1,4.4,20.1,28.89,8.13
2017-11-10,1.4,8.7,14.2,22.49,5.82
2017-11-11,0.5,6.3,14.5,14.8,5.69
2017-11-12,0.9,9.5,14.2,14.1,5.11
2017-11-13,0.1,7.3,13.9,13.69,4.0
2017-11-14,0.0,6.6,15.6,19.29,4.49
2017-11-15,0.0,6.0,17.0,30.21,5.82
2017-11-16,0.0,9.0,19.9,28.75,3.62
2017-11-17,0.7,10.8,18.8,19.9,5.4
2017-11-18,0.0,9.2,16.7,18.9,4.38
2017-11-19,0.0,6.3,19.8,30.9,3.98
2017-11-20,0.4,8.2,18.1,15.42,5.04
2017-11-21,0.5,10.4,17.6,11.55,5.31
2017-11-22,0.0,7.8,22.1,30.54,3.61
2017-11-23,0.0,8.9,21.1,29.94,5.28
2017-11-24,0.0,13.5,22.1,22.4,5.17
2017-11-25,0.0,12.2,19.4,19.82,5.09
2017-11-26,0.5,12.6,17.7,20.28,6.66
2017-11-27,0.0,11.5,22.8,25.16,4.94
2017-11-28,1.5,13.8,20.8,28.14,5.68
2017-11-29,2.0,14.2,19.7,15.38,4.2
2017-11-30,0.5,13.5,22.0,22.29,6.15
2017-12-01,0.0,13.0,24.5,29.22,4.66
2017-12-02,0.0,15.7,28.7,31.98,5.69
2017-12-03,0.0,15.4,26.3,30.95,5.57
2017-12-04,0.0,13.8,26.3,32.06,5.2
2017-12-05,0.0,15.9,28.4,32.07,5.41
2017-12-06,0.0,14.4,20.7,24.61,6.41
2017-12-07,0.0,15.6,21.9,29.49,8.52
2017-12-08,0.0,14.1,30.7,31.9,6.22
2017-12-09,0.1,19.2,28.4,28.45,8.27
2017-12-10,0.0,17.7,27.3,28.3,8.68
2017-12-11,0.0,13.2,27.5,31.62,5.73
2017-12-12,4.1,13.5,18.2,11.4,5.3
2017-12-13,16.8,12.0,16.8,15.22,6.01
2017-12-14,0.5,10.5,18.5,25.3,8.37
2017-12-15,0.0,9.9,27.3,31.75,5.96
2017-12-16,0.0,14.3,25.6,31.33,5.86
2017-12-17,1.4,14.5,28.2,26.95,8.08
2017-12-18,3.8,12.6,16.5,11.03,7.29
2017-12-19,1.9,9.4,22.0,20.09,9.71
2017-12-20,0.1,10.2,17.2,25.17,8.48
2017-12-21,0.9,11.1,23.1,22.68,6.5
2017-12-22,0.5,13.9,20.2,21.44,6.8
2017-12-23,0.0,13.8,19.9,25.1,9.08
2017-12-24,1.1,13.3,26.5,30.9,6.11
2017-12-25,0.4,14.2,27.5,31.98,8.07
2017-12-26,7.2,10.9,13.7,7.66,6.51
2017-12-27,2.4,8.7,15.1,23.95,7.86
2017-12-28,0.5,9.8,16.6,20.64,4.91
2017-12-29,0.0,5.8,19.3,28.73,5.71
2017-12-30,0.0,11.3,20.5,31.45,8.47
2017-12-31,1.0,12.5,25.4,18.92,7.95
2018-01-01,0.6,13.3,20.6,19.4,6.05
2018-01-02,0.0,14.5,24.9,25.15,4.34
2018-01-03,0.5,16.6,26.1,26.35,6.85
2018-01-04,0.5,15.4,25.4,23.62,5.73
2018-01-05,27.4,14.0,16.6,3.37,10.86
2018-01-06,0.5,12.0,15.0,18.68,11.86
2018-01-07,0.0,10.6,21.9,30.01,4.16
2018-01-08,0.0,13.4,22.7,27.95,6.86
2018-01-09,0.1,14.0,26.9,22.3,3.52
2018-01-10,11.0,12.5,17.1,3.17,5.81
2018-01-11,38.4,12.2,13.9,2.34,3.42
2018-01-12,7.5,12.1,14.9,7.24,5.22
2018-01-13,0.8,13.9,22.2,20.59,5.46
2018-01-14,0.0,12.5,27.1,28.9,5.41
2018-01-15,0.0,14.7,25.1,30.48,6.3
2018-01-16,0.0,15.4,25.6,27.14,6.04
2018-01-17,2.0,16.4,25.1,15.76,7.34
2018-01-18,1.2,16.1,25.9,27.55,5.62
2018-01-19,0.3,16.3,21.6,18.26,5.73
2018-01-20,0.0,15.0,28.0,29.65,4.69
2018-01-21,0.4,15.7,23.2,19.62,4.83
2018-01-22,0.2,16.5,25.4,23.82,4.06
2018-01-23,0.0,17.2,24.8,29.22,5.95
2018-01-24,0.0,17.3,30.0,28.19,5.55
2018-01-25,1.4,16.1,29.1,24.88,5.82
2018-01-26,1.5,16.5,21.1,15.69,5.46
2018-01-27,0.0,16.0,24.2,28.07,5.19
2018-01-28,0.1,17.0,25.1,17.71,4.88
2018-01-29,0.0,17.2,23.7,28.68,6.96
2018-01-30,0.0,16.1,30.6,29.57,5.41
2018-01-31,0.0,19.0,29.2,25.92,8.2
2018-02-01,5.6,14.1,29.2,20.74,11.33
2018-02-02,10.8,10.8,15.7,8.05,8.42
2018-02-03,1.0,10.0,16.0,15.2,5.91
2018-02-04,0.0,8.8,24.9,27.73,7.43
2018-02-05,0.0,15.0,24.2,22.99,8.11
2018-02-06,0.3,11.6,16.2,11.04,6.8
2018-02-07,0.0,9.7,18.8,18.93,5.64
2018-02-08,0.0,10.7,19.8,28.75,7.61
2018-02-09,0.0,12.5,21.7,27.03,5.3
2018-02-10,0.6,14.4,23.4,19.29,6.04
2018-02-11,12.9,16.7,20.2,5.26,7.07
2018-02-12,0.1,15.6,27.9,26.72,6.07
2018-02-13,0.2,15.2,26.3,20.43,8.82
2018-02-14,0.1,14.6,19.5,11.38,6.89
2018-02-15,0.0,11.7,24.7,27.01,7.94
2018-02-16,0.0,12.0,26.9,23.49,8.39
2018-02-17,6.2,15.9,24.5,15.5,10.2
2018-02-18,0.0,13.8,26.6,25.97,9.09
2018-02-19,0.0,15.6,24.6,21.56,10.64
2018-02-20,56.2,12.3,14.6,1.68,8.08
2018-02-21,11.5,9.2,12.7,9.42,10.26
2018-02-22,0.0,9.3,16.5,16.75,6.78
2018-02-23,0.0,8.0,20.4,22.72,4.69
2018-02-24,0.0,10.2,20.4,24.39,6.26
2018-02-25,0.3,14.3,23.6,17.58,10.38
2018-02-26,13.2,12.2,18.2,12.33,12.4
2018-02-27,0.0,11.6,15.5,10.64,4.83
2018-02-28,0.7,12.5,20.0,15.08,5.15
2018-03-01,0.0,14.5,24.4,19.66,5.1
2018-03-02,2.8,15.8,21.4,6.92,5.3
2018-03-03,0.0,15.3,23.6,20.71,5.59
2018-03-04,0.0,13.1,25.7,21.65,4.88
2018-03-05,0.2,17.1,21.5,12.43,5.38
2018-03-06,13.5,12.7,16.8,3.3,7.74
2018-03-07,0.8,10.8,16.2,12.0,4.33
2018-03-08,0.7,8.9,18.0,14.16,4.55
2018-03-09,1.9,10.5,14.0,5.93,6.65
2018-03-10,0.0,7.5,17.2,22.57,3.56
2018-03-11,0.0,7.6,19.1,21.47,6.61
2018-03-12,0.0,9.7,23.2,21.18,4.85
2018-03-13,1.6,11.2,18.4,8.28,8.18
2018-03-14,0.4,7.6,21.2,20.31,5.74
2018-03-15,0.0,13.8,22.4,15.57,7.51
2018-03-16,0.2,11.9,22.3,14.7,8.75
2018-03-17,0.0,11.5,14.4,7.97,5.87
2018-03-18,0.0,10.0,18.3,18.18,7.34
2018-03-19,0.0,9.9,23.4,14.79,4.22
2018-03-20,0.0,11.6,25.2,19.22,4.0
2018-03-21,6.0,12.2,23.6,14.1,7.51
2018-03-22,2.8,8.9,12.6,3.39,9.13
2018-03-23,4.7,8.2,12.6,5.33,4.17
2018-03-24,5.2,10.8,17.6,12.7,4.74
2018-03-25,0.1,7.5,21.2,16.58,5.23
2018-03-26,0.0,10.7,23.5,17.62,5.46
2018-03-27,2.8,9.7,25.3,11.55,9.24
2018-03-28,0.0,12.8,20.9,17.86,7.18
2018-03-29,0.1,10.9,18.7,11.03,6.79
2018-03-30,0.0,8.8,19.5,17.25,5.85
2018-03-31,0.9,9.7,25.0,13.44,9.87
2018-04-01,0.0,6.0,17.6,17.35,5.65
2018-04-02,0.1,7.8,22.2,15.08,6.44
2018-04-03,0.0,11.7,23.7,14.01,7.49
2018-04-04,0.0,9.5,22.7,13.34,8.75
2018-04-05,0.0,9.4,16.9,12.96,6.36
2018-04-06,0.0,8.5,24.0,15.47,11.04
2018-04-07,4.2,9.2,14.6,6.07,7.37
2018-04-08,0.0,5.5,18.7,12.19,6.72
2018-04-09,12.8,6.3,11.9,3.1,6.21
2018-04-10,21.4,4.3,7.8,4.83,7.67
2018-04-11,8.7,4.1,9.1,7.9,10.03
2018-04-12,0.6,0.5,11.3,6.63,5.23
2018-04-13,0.4,6.1,12.3,12.08,6.1
2018-04-14,0.5,3.2,12.9,9.21,3.2
2018-04-15,0.0,6.9,14.2,11.89,9.24
2018-04-16,3.7,11.4,18.2,11.1,8.29
2018-04-17,2.7,8.5,18.3,13.81,6.69
2018-04-18,0.0,5.5,13.6,13.14,5.41
2018-04-19,0.0,5.3,18.9,13.36,7.3
2018-04-20,0.0,7.6,19.9,12.59,6.92
2018-04-21,5.8,8.6,18.4,11.5,6.14
2018-04-22,2.7,4.2,13.9,13.14,3.94
2018-04-23,0.0,1.2,15.1,12.74,4.83
2018-04-24,0.0,8.9,17.9,11.96,5.88
2018-04-25,0.0,5.2,16.2,11.53,3.33
2018-04-26,0.0,6.1,20.0,11.99,5.15
2018-04-27,0.0,7.5,19.0,10.73,5.77
2018-04-28,13.8,8.8,11.5,1.26,4.66
2018-04-29,12.5,8.2,11.3,1.43,6.01
2018-04-30,6.7,7.8,11.7,1.25,5.5
2018-05-01,0.1,6.4,16.0,11.0,4.33
2018-05-02,0.0,8.6,14.5,9.23,4.6
2018-05-03,0.0,7.7,14.4,10.52,4.08
2018-05-04,0.0,8.4,14.6,8.47,6.01
2018-05-05,0.0,7.5,17.5,9.07,5.55
2018-05-06,0.2,9.5,17.9,10.35,6.13
2018-05-07,0.0,5.6,18.1,9.76,8.1
2018-05-08,0.0,7.7,18.2,8.63,7.94
2018-05-09,0.0,5.9,17.5,10.32,5.39
2018-05-10,0.0,5.5,16.9,8.19,2.92
2018-05-11,0.7,9.5,16.7,7.08,7.58
2018-05-12,1.5,8.5,15.6,3.14,6.35
2018-05-13,6.2,8.7,11.2,1.81,4.61
2018-05-14,0.1,7.6,12.9,5.86,4.0
2018-05-15,6.0,7.7,13.2,2.73,2.1
2018-05-16,5.1,6.3,10.4,2.33,8.28
2018-05-17,2.9,3.1,11.7,8.36,6.96
2018-05-18,0.0,7.0,16.2,8.85,5.26
2018-05-19,0.0,7.0,16.1,8.81,5.77
2018-05-20,3.7,7.5,15.5,7.55,15.29
2018-05-21,0.1,3.3,11.9,7.89,6.94
2018-05-22,11.5,2.4,13.1,6.22,6.97
2018-05-23,3.1,1.3,10.5,7.52,5.76
2018-05-24,0.2,1.5,12.5,8.11,9.1
2018-05-25,0.6,2.4,9.5,7.43,6.8
2018-05-26,0.7,3.3,10.2,6.17,6.1
2018-05-27,3.3,4.2,9.5,4.74,9.46
2018-05-28,7.1,4.1,6.8,3.51,9.98
2018-05-29,0.0,3.9,8.2,2.69,5.14
2018-05-30,0.0,2.1,8.7,7.21,2.91
2018-05-31,0.0,-1.0,8.7,5.68,2.51
2018-06-01,0.0,-1.2,8.6,4.58,2.15
2018-06-02,0.0,6.3,9.4,2.65,2.06
2018-06-03,1.1,6.1,9.7,2.84,4.34
2018-06-04,16.2,7.6,8.7,0.73,4.56
2018-06-05,8.0,5.1,11.7,6.72,5.24
2018-06-06,8.3,3.3,6.6,5.07,9.4
2018-06-07,6.1,4.1,12.4,3.83,7.6
2018-06-08,0.0,3.9,10.6,6.87,5.16
2018-06-09,0.0,0.4,13.3,4.2,8.49
2018-06-10,0.0,9.4,14.6,3.85,7.72
2018-06-11,1.0,7.3,9.6,1.15,3.51
2018-06-12,6.1,7.0,8.5,1.24,4.2
2018-06-13,13.6,6.9,9.0,1.21,6.72
2018-06-14,0.1,7.8,12.2,4.01,4.61
2018-06-15,0.0,3.0,10.7,5.68,2.77
2018-06-16,0.0,4.8,13.9,5.76,3.67
2018-06-17,1.6,4.0,11.0,5.46,2.56
2018-06-18,0.8,6.6,9.1,4.2,5.12
2018-06-19,1.9,6.9,9.3,5.03,6.43
2018-06-20,1.0,4.6,9.0,3.67,4.85
2018-06-21,0.1,0.5,8.8,4.96,2.3
2018-06-22,0.0,-4.4,7.3,7.1,2.33
2018-06-23,0.0,-1.7,7.9,6.54,2.68
2018-06-24,1.4,0.5,13.3,5.67,6.55
2018-06-25,0.1,2.7,10.6,6.79,7.52
2018-06-26,0.1,1.6,7.6,6.29,7.94
2018-06-27,0.0,5.7,11.1,3.21,3.71
2018-06-28,0.0,2.9,12.2,6.86,3.2
2018-06-29,0.0,2.8,10.9,6.12,3.3
2018-06-30,0.0,-0.5,10.5,7.09,2.92
2018-07-01,5.4,0.8,14.5,5.19,5.6
2018-07-02,3.5,5.9,9.4,2.24,8.45
2018-07-03,0.0,3.8,10.1,6.36,3.84
2018-07-04,0.0,-0.6,12.8,7.37,5.15
2018-07-05,0.0,2.5,9.8,5.68,6.9
2018-07-06,0.0,2.7,14.6,6.12,4.68
2018-07-07,7.0,2.6,17.8,6.34,7.42
2018-07-08,10.9,0.8,13.4,3.06,8.66
2018-07-09,0.9,3.6,11.5,5.25,6.16
2018-07-10,1.9,4.0,11.5,7.3,5.02
2018-07-11,0.0,-0.7,13.1,7.52,6.66
2018-07-12,0.1,0.8,9.2,7.44,7.79
2018-07-13,0.0,-0.6,12.3,7.71,4.43
2018-07-14,0.0,-0.6,11.8,7.74,3.64
2018-07-15,0.6,2.7,10.6,2.66,6.44
2018-07-16,1.6,6.5,12.8,5.4,4.55
2018-07-17,0.0,5.7,14.8,7.97,6.54
2018-07-18,0.0,3.4,13.1,8.14,3.99
2018-07-19,0.0,1.9,12.0,8.09,3.52
2018-07-20,0.0,1.2,12.8,8.2,4.41
2018-07-21,5.0,3.2,12.8,4.81,11.87
2018-07-22,0.1,2.6,13.0,8.43,11.32
2018-07-23,4.9,4.3,9.4,5.45,6.46
2018-07-24,0.5,3.4,8.2,4.74,4.77
2018-07-25,0.0,-0.5,8.5,8.16,3.11
2018-07-26,0.0,-0.6,10.4,8.39,4.97
2018-07-27,0.0,0.9,13.0,8.53,6.08
2018-07-28,0.1,6.7,13.3,8.73,7.71
2018-07-29,3.0,5.2,10.6,6.62,8.5
2018-07-30,0.0,2.1,9.8,9.37,5.77
2018-07-31,0.1,4.5,15.6,6.08,6.3
2018-08-01,0.0,3.9,15.0,7.32,3.5
2018-08-02,1.5,3.2,12.0,4.39,5.69
2018-08-03,0.0,0.9,11.2,7.31,3.61
2018-08-04,0.0,4.7,11.9,6.09,2.88
2018-08-05,0.0,2.7,10.8,8.7,3.14
2018-08-06,0.7,3.6,9.8,2.92,3.24
2018-08-07,0.0,3.8,16.6,9.39,5.64
2018-08-08,5.6,8.4,15.9,3.38,6.05
2018-08-09,0.1,3.6,15.3,10.6,4.15
2018-08-10,0.1,3.3,11.0,5.86,5.59
2018-08-11,0.0,0.5,11.0,11.1,4.85
2018-08-12,0.0,3.8,13.0,11.19,5.24
2018-08-13,0.0,4.2,14.6,10.38,5.89
2018-08-14,0.1,1.6,12.3,7.3,4.03
2018-08-15,0.5,5.5,12.7,9.42,4.6
2018-08-16,0.5,2.8,15.1,7.86,7.38
2018-08-17,15.4,4.0,13.0,9.69,7.47
2018-08-18,4.9,1.6,9.8,8.91,5.37
2018-08-19,0.0,-1.6,9.7,12.7,5.05
2018-08-20,2.2,2.6,12.0,9.12,5.94
2018-08-21,0.0,2.4,11.8,10.38,4.39
2018-08-22,0.2,1.4,14.0,12.68,4.49
2018-08-23,4.6,2.4,10.3,7.34,4.78
2018-08-24,2.1,4.2,10.8,7.68,6.02
2018-08-25,0.0,1.9,9.6,7.43,5.88
2018-08-26,0.0,0.2,15.0,13.51,4.14
2018-08-27,0.0,6.2,17.0,13.77,6.93
2018-08-28,0.1,5.7,12.4,10.06,6.38
2018-08-29,5.5,3.4,10.7,4.94,5.59
2018-08-30,0.0,2.7,15.6,14.12,4.1
2018-08-31,0.8,5.9,10.4,5.27,8.26
2018-09-01,0.0,4.9,14.8,14.41,6.4
2018-09-02,2.0,2.8,11.6,6.7,6.26
2018-09-03,21.0,5.8,8.4,3.33,11.17
2018-09-04,2.7,5.3,9.4,8.18,6.41
2018-09-05,0.0,3.5,9.1,8.84,3.61
2018-09-06,0.0,3.4,10.3,10.63,3.58
2018-09-07,0.0,-0.1,8.9,11.84,3.45
2018-09-08,0.0,0.2,10.0,15.85,4.12
2018-09-09,0.0,-0.8,10.3,15.21,3.34
2018-09-10,0.0,-0.5,10.9,13.35,3.73
2018-09-11,0.9,4.5,13.3,10.18,3.09
2018-09-12,0.0,1.7,16.6,16.91,4.3
2018-09-13,0.0,9.4,18.7,14.36,8.6
2018-09-14,0.0,8.9,20.0,17.24,8.66
2018-09-15,0.0,3.8,17.8,17.5,3.44
2018-09-16,0.0,9.2,18.8,17.66,6.65
2018-09-17,4.7,5.5,12.9,8.16,4.65
2018-09-18,0.0,5.0,13.4,15.44,4.85
2018-09-19,0.0,3.0,14.4,18.66,5.06
2018-09-20,0.0,2.2,18.6,19.07,4.59
2018-09-21,0.5,6.8,13.2,9.14,6.28
2018-09-22,0.0,4.5,14.4,19.25,5.69
2018-09-23,0.6,5.7,17.5,17.53,6.22
2018-09-24,15.0,4.1,12.1,8.38,10.57
2018-09-25,10.7,4.1,12.7,14.7,10.56
2018-09-26,0.1,4.4,11.1,15.13,5.99
2018-09-27,0.0,4.8,12.3,15.95,4.19
2018-09-28,0.3,0.7,14.2,19.81,3.64
2018-09-29,0.0,3.3,17.8,20.92,7.22
2018-09-30,0.8,6.8,16.7,8.46,6.22
2018-10-01,1.8,7.4,15.5,17.06,7.24
2018-10-02,2.4,7.3,18.7,18.8,7.5
2018-10-03,0.0,6.3,13.6,21.55,5.95
2018-10-04,0.0,6.0,18.4,21.99,5.82
2018-10-05,5.5,7.3,11.4,8.36,5.25
2018-10-06,0.0,5.1,13.8,20.81,6.89
2018-10-07,0.0,7.5,15.9,16.97,6.26
2018-10-08,0.0,7.6,14.3,20.89,5.71
2018-10-09,0.0,4.2,15.5,22.85,6.86
2018-10-10,0.8,8.1,17.3,14.61,10.26
2018-10-11,5.0,7.5,11.3,7.62,4.5
2018-10-12,20.9,4.0,8.6,6.44,10.63
2018-10-13,0.3,2.6,11.9,22.27,7.39
2018-10-14,0.6,3.4,10.9,14.31,7.52
2018-10-15,0.0,-0.8,12.6,20.35,4.57
2018-10-16,0.0,3.3,15.4,24.45,5.47
2018-10-17,0.0,8.1,20.3,12.88,6.94
2018-10-18,1.9,8.1,15.4,16.23,6.77
2018-10-19,0.0,5.7,23.5,24.67,6.44
2018-10-20,0.0,10.8,22.9,24.29,7.34
2018-10-21,0.0,11.3,22.3,24.06,4.75
2018-10-22,0.0,10.1,19.2,25.12,6.17
2018-10-23,0.0,9.8,23.2,25.4,4.43
2018-10-24,0.0,11.0,24.3,23.58,6.47
2018-10-25,10.0,7.3,16.1,6.38,7.08
2018-10-26,0.0,5.1,12.6,18.27,5.59
2018-10-27,0.0,5.9,16.8,23.54,5.33
2018-10-28,5.7,8.7,16.0,19.98,4.3
2018-10-29,7.3,9.9,12.7,5.26,5.51
2018-10-30,11.4,7.0,10.3,7.82,9.02
2018-10-31,0.6,3.6,14.6,27.03,7.43
2018-11-01,7.1,6.4,12.8,22.68,9.27
2018-11-02,1.5,3.7,15.7,26.39,7.56
2018-11-03,3.9,9.1,23.9,19.32,9.85
2018-11-04,0.6,6.4,17.2,25.78,7.54
2018-11-05,0.0,6.7,21.0,27.86,5.41
2018-11-06,0.0,9.2,19.3,28.61,5.51
2018-11-07,0.7,11.1,21.8,21.82,7.62
2018-11-08,31.0,9.9,24.5,20.76,8.87
2018-11-09,33.9,5.6,10.2,4.83,5.41
2018-11-10,0.0,2.7,14.4,23.29,6.22
2018-11-11,0.1,5.3,16.7,28.97,5.05
2018-11-12,0.6,6.6,19.9,25.75,3.23
2018-11-13,0.6,9.9,17.3,23.78,5.22
2018-11-14,0.0,10.1,17.9,29.15,5.63
2018-11-15,0.0,7.5,24.5,30.8,6.44
2018-11-16,0.0,11.9,20.6,26.0,7.72
2018-11-17,1.3,11.8,18.0,14.07,4.83
2018-11-18,7.3,5.2,18.7,25.33,9.3
2018-11-19,7.0,3.9,10.7,17.5,5.7
2018-11-20,13.2,4.7,12.5,10.4,8.84
2018-11-21,5.1,4.6,14.8,21.45,4.49
2018-11-22,0.1,4.4,15.7,28.64,5.69
2018-11-23,1.0,7.7,16.2,23.57,6.44
2018-11-24,5.2,12.1,16.3,10.3,4.69
2018-11-25,8.6,12.0,15.9,7.81,7.81
2018-11-26,3.2,11.2,13.5,10.3,6.49
2018-11-27,8.8,8.7,14.9,13.98,5.9
2018-11-28,20.2,11.6,14.8,7.44,4.83
2018-11-29,0.3,10.8,16.7,25.42,6.08
2018-11-30,0.8,9.9,17.1,21.69,7.32
2018-12-01,0.0,13.3,17.9,19.65,7.75
2018-12-02,0.7,13.8,18.1,16.46,6.67
2018-12-03,0.5,14.0,17.8,17.31,7.39
2018-12-04,0.6,11.5,23.0,27.47,7.32
2018-12-05,11.9,9.0,17.3,18.41,7.98
2018-12-06,2.5,9.3,14.0,24.5,8.32
2018-12-07,0.0,6.8,18.0,31.26,4.76
2018-12-08,0.3,11.6,20.3,28.7,5.24
2018-12-09,0.2,13.8,26.5,29.72,5.57
2018-12-10,3.0,11.3,16.9,13.15,7.91
2018-12-11,10.1,11.3,14.7,10.11,7.25
2018-12-12,2.1,13.1,16.7,11.94,5.21
2018-12-13,5.8,13.3,17.4,12.47,5.59
2018-12-14,1.0,13.2,18.8,22.56,5.72
2018-12-15,0.3,12.2,21.0,26.36,4.44
2018-12-16,0.1,13.7,18.9,17.32,5.87
2018-12-17,0.0,12.5,25.7,32.39,7.24
2018-12-18,1.2,15.1,22.1,12.29,7.66
2018-12-19,27.0,10.2,14.5,5.62,4.95
2018-12-20,5.1,9.1,13.1,9.8,3.4
2018-12-21,4.9,8.5,16.8,23.96,5.07
2018-12-22,11.8,9.4,17.9,24.04,6.22
2018-12-23,2.4,10.5,14.1,17.79,5.11
2018-12-24,0.0,9.4,18.1,33.27,8.18
2018-12-25,0.8,13.1,19.3,22.99,5.77
2018-12-26,1.5,12.1,16.1,13.6,5.86
2018-12-27,1.9,12.1,17.2,22.95,5.19
2018-12-28,0.4,12.8,18.6,29.7,8.36
2018-12-29,0.0,11.4,26.3,28.11,5.73
2018-12-30,0.1,14.6,27.8,23.86,7.92
2018-12-31,0.5,15.0,20.7,28.88,5.86
2019-01-01,1.8,15.2,22.2,19.65,4.52
2019-01-02,0.0,15.4,27.5,26.98,9.43
2019-01-03,1.0,13.2,27.1,27.8,6.98
2019-01-04,0.0,12.8,21.7,29.34,7.12
2019-01-05,0.0,12.4,29.0,32.55,9.32
2019-01-06,6.6,13.8,25.0,26.54,11.65
2019-01-07,3.0,13.5,19.7,22.41,6.56
2019-01-08,0.6,12.2,21.4,22.59,6.95
2019-01-09,0.0,14.9,26.3,30.81,7.51
2019-01-10,0.8,16.4,25.5,27.12,6.0
2019-01-11,4.8,12.3,19.2,20.42,5.69
2019-01-12,0.9,12.5,17.4,15.21,7.22
2019-01-13,3.6,9.3,23.5,22.19,6.94
2019-01-14,5.7,10.8,15.1,12.88,10.16
2019-01-15,0.0,11.4,16.5,19.07,5.02
2019-01-16,0.0,8.8,19.0,31.44,7.07
2019-01-17,0.9,13.5,22.7,28.23,4.7
2019-01-18,3.3,15.5,20.8,15.7,5.2
2019-01-19,1.5,14.7,26.5,21.43,7.74
2019-01-20,0.0,14.0,23.3,29.99,9.01
2019-01-21,0.5,14.1,23.5,27.3,6.0
2019-01-22,0.0,10.3,26.3,30.6,8.78
2019-01-23,8.1,11.3,28.1,27.81,16.45
2019-01-24,0.1,8.7,17.3,22.28,7.24
2019-01-25,0.0,8.9,20.0,27.0,6.3
2019-01-26,0.0,11.5,24.9,23.05,11.01
2019-01-27,0.0,16.1,28.5,29.72,11.65
2019-01-28,0.0,16.1,27.1,25.98,5.91
2019-01-29,0.2,15.7,22.7,22.92,5.64
2019-01-30,0.0,15.1,30.2,23.65,4.32
2019-01-31,0.0,16.5,26.1,28.05,6.05
2019-02-01,3.2,13.2,28.5,12.95,11.34
2019-02-02,0.0,10.9,20.4,27.76,6.45
2019-02-03,0.0,12.2,22.8,28.61,5.75
2019-02-04,0.0,11.7,29.5,29.95,7.16
2019-02-05,0.0,14.9,28.7,25.1,8.61
2019-02-06,1.5,10.7,14.3,9.21,5.92
2019-02-07,0.0,8.3,16.5,25.64,6.8
2019-02-08,0.0,10.1,22.2,28.62,6.66
2019-02-09,0.0,13.3,28.3,26.13,5.69
2019-02-10,0.0,14.1,27.1,28.29,4.64
2019-02-11,0.4,13.0,25.4,27.77,6.22
2019-02-12,0.5,13.7,27.7,23.15,5.39
2019-02-13,0.0,15.4,24.2,26.43,7.02
2019-02-14,0.7,13.8,29.2,25.69,8.2
2019-02-15,0.0,14.7,22.1,24.6,6.13
2019-02-16,1.4,11.6,15.9,11.87,8.77
2019-02-17,0.0,9.6,20.4,24.74,5.17
2019-02-18,0.0,10.9,25.5,24.67,4.79
2019-02-19,0.0,14.8,29.0,25.39,7.79
2019-02-20,0.0,16.2,26.5,22.58,6.81
2019-02-21,0.0,13.9,28.3,24.72,7.85
2019-02-22,0.0,12.5,26.1,21.86,8.09
2019-02-23,6.6,9.8,16.9,16.08,7.5
2019-02-24,8.1,9.3,12.9,10.7,9.61
2019-02-25,1.9,7.9,14.2,11.27,6.33
2019-02-26,0.0,6.3,22.3,24.03,5.17
2019-02-27,9.1,9.2,23.9,14.51,9.6
2019-02-28,0.4,7.0,14.8,18.63,8.1
2019-03-01,0.0,4.7,19.8,24.24,3.98
2019-03-02,0.0,10.0,20.3,22.01,3.28
2019-03-03,0.0,9.9,20.3,23.86,4.7
2019-03-04,0.0,12.9,27.1,23.84,8.04
2019-03-05,0.0,13.9,27.2,22.84,5.48
2019-03-06,0.0,13.2,26.3,22.73,5.2
2019-03-07,1.1,15.0,25.6,21.84,8.98
2019-03-08,10.8,11.5,14.7,4.8,8.01
2019-03-09,0.0,8.9,18.4,13.23,5.71
2019-03-10,1.9,11.5,15.8,5.0,4.61
2019-03-11,0.0,9.7,19.5,17.19,6.22
2019-03-12,1.5,14.2,27.3,21.29,4.88
2019-03-13,0.0,13.7,28.4,19.83,9.88
2019-03-14,0.3,13.5,17.0,7.75,6.57
2019-03-15,14.5,12.6,20.1,8.68,4.3
2019-03-16,7.2,13.9,20.7,7.55,4.4
2019-03-17,0.1,13.6,17.4,11.43,5.28
2019-03-18,0.0,13.5,18.7,12.69,4.36
2019-03-19,0.1,14.6,20.0,13.87,4.17
2019-03-20,0.0,14.4,20.0,14.27,4.34
2019-03-21,0.0,13.6,19.5,18.21,8.36
2019-03-22,0.0,14.3,20.3,17.76,5.75
2019-03-23,0.0,13.6,21.3,16.09,4.61
2019-03-24,0.0,14.3,22.2,18.19,4.52
2019-03-25,0.0,15.9,26.7,14.62,6.52
2019-03-26,6.0,19.3,23.3,4.35,9.3
2019-03-27,12.5,13.5,23.2,8.91,6.54
2019-03-28,1.4,11.0,16.1,11.42,5.91
2019-03-29,0.0,10.2,17.0,15.38,7.34
2019-03-30,0.0,11.8,18.7,16.73,7.08
2019-03-31,0.0,12.7,21.8,15.88,7.42
2019-04-01,8.4,11.9,23.1,17.28,10.34
2019-04-02,2.0,8.4,13.7,10.92,5.52
2019-04-03,0.1,8.6,15.1,12.68,4.69
2019-04-04,0.0,5.0,16.6,14.85,6.86
2019-04-05,15.5,6.6,10.8,4.19,7.82
2019-04-06,1.3,5.1,11.3,8.19,5.95
2019-04-07,6.8,7.3,12.1,4.86,5.54
2019-04-08,0.2,7.1,16.3,13.65,5.32
2019-04-09,0.0,5.5,17.2,15.41,4.65
2019-04-10,0.3,8.0,23.9,13.06,6.24
2019-04-11,9.5,10.4,13.8,3.24,5.48
2019-04-12,3.2,8.0,11.9,7.19,8.73
2019-04-13,0.1,5.8,14.0,12.7,4.49
2019-04-14,0.4,3.9,14.4,7.34,7.32
2019-04-15,0.0,8.5,14.2,10.03,4.72
2019-04-16,2.0,7.9,12.9,5.42,4.24
2019-04-17,0.0,3.9,15.4,14.0,3.16
2019-04-18,0.0,4.2,13.4,10.76,4.43
2019-04-19,0.0,8.1,15.4,12.8,3.7
2019-04-20,0.1,7.7,18.7,7.73,4.74
2019-04-21,13.3,10.3,14.3,3.65,4.7
2019-04-22,1.5,7.6,14.7,7.27,6.13
2019-04-23,0.0,7.7,15.7,12.27,6.31
2019-04-24,0.2,6.8,13.9,7.83,2.85
2019-04-25,0.0,8.3,17.4,11.87,5.8
2019-04-26,0.0,9.0,17.5,12.01,8.37
2019-04-27,2.7,8.3,21.5,8.07,8.2
2019-04-28,2.1,8.7,16.3,8.87,6.64
2019-04-29,27.2,8.0,12.3,3.33,13.08
2019-04-30,0.0,4.5,13.1,10.81,7.1
2019-05-01,0.0,3.2,15.5,11.31,3.24
2019-05-02,0.0,3.7,19.6,9.97,4.92
2019-05-03,0.0,7.2,15.9,9.84,4.14
2019-05-04,0.0,7.4,20.7,10.41,6.85
2019-05-05,0.0,9.7,16.6,8.5,6.93
2019-05-06,0.0,9.4,14.7,7.92,5.02
2019-05-07,0.3,11.9,14.6,4.91,5.78
2019-05-08,0.0,6.9,15.0,7.14,3.32
2019-05-09,4.7,8.9,21.6,7.64,4.55
2019-05-10,0.0,9.4,19.7,9.64,4.11
2019-05-11,0.0,7.5,15.6,8.3,3.91
2019-05-12,1.5,10.2,17.0,3.46,6.46
2019-05-13,7.6,7.0,13.4,8.82,12.15
2019-05-14,1.1,2.0,16.1,8.79,7.74
2019-05-15,0.0,4.7,16.9,7.01,7.03
2019-05-16,5.7,4.7,16.1,6.71,10.0
2019-05-17,0.0,3.4,10.8,9.06,4.08
2019-05-18,0.0,2.6,16.9,6.1,7.6
2019-05-19,0.0,4.6,14.0,6.1,6.82
2019-05-20,0.0,4.5,13.7,8.62,5.26
2019-05-21,0.0,3.2,13.4,8.67,3.07
2019-05-22,0.0,1.3,17.4,8.29,4.28
2019-05-23,0.0,6.3,14.9,7.35,5.06
2019-05-24,0.0,4.1,15.3,8.14,4.71
2019-05-25,0.0,6.9,16.2,8.09,5.08
2019-05-26,0.0,9.0,18.8,6.9,7.04
2019-05-27,0.0,6.7,17.3,4.12,5.89
2019-05-28,4.9,10.8,15.6,3.05,7.85
2019-05-29,1.0,10.1,17.2,7.62,8.02
2019-05-30,9.9,9.3,17.0,6.15,8.95
2019-05-31,4.9,6.8,12.6,6.8,5.62
2019-06-01,49.6,4.8,7.4,1.18,11.01
2019-06-02,2.7,3.5,8.1,4.78,8.06
2019-06-03,0.0,-0.4,10.6,7.64,4.88
2019-06-04,0.7,3.9,9.0,1.83,5.91
2019-06-05,0.0,-0.6,8.2,6.1,4.37
2019-06-06,0.5,-3.1,11.0,5.85,5.7
2019-06-07,1.2,4.1,11.1,4.41,7.92
2019-06-08,0.1,5.9,10.6,4.2,6.69
2019-06-09,0.0,2.1,12.2,7.1,5.24
2019-06-10,0.0,7.5,13.0,6.39,5.57
2019-06-11,0.0,3.0,14.3,4.27,3.54
2019-06-12,0.3,7.9,12.9,4.59,5.02
2019-06-13,0.1,9.8,12.9,3.88,4.58
2019-06-14,0.1,9.1,14.2,5.63,5.99
2019-06-15,4.7,7.7,11.8,3.05,6.24
2019-06-16,1.1,1.7,9.3,3.8,4.79
2019-06-17,0.2,0.6,10.2,6.27,6.46
2019-06-18,0.0,4.1,9.1,5.46,5.31
2019-06-19,0.0,-0.8,9.5,7.2,3.36
2019-06-20,2.9,-1.4,8.9,5.77,5.2
2019-06-21,0.0,4.2,14.7,7.13,7.16
2019-06-22,0.0,3.2,11.3,6.2,4.52
2019-06-23,0.0,3.6,9.7,4.77,2.62
2019-06-24,0.0,3.7,11.5,5.46,3.94
2019-06-25,0.0,0.9,11.6,7.05,3.16
2019-06-26,0.0,-0.3,10.3,6.69,3.72
2019-06-27,0.0,-0.7,12.5,7.17,3.98
2019-06-28,0.0,-2.7,10.5,7.19,3.42
2019-06-29,0.0,-1.7,13.6,7.1,5.57
2019-06-30,0.0,0.3,11.0,7.06,4.88
2019-07-01,0.0,1.0,13.6,4.97,7.2
2019-07-02,0.0,2.4,11.7,5.32,5.22
2019-07-03,6.1,6.9,17.5,5.17,8.08
2019-07-04,1.9,4.5,10.9,6.56,5.5
2019-07-05,1.9,4.6,8.1,1.76,8.7
2019-07-06,0.6,4.1,10.2,3.52,9.48
2019-07-07,0.0,-0.1,13.3,7.57,7.28
2019-07-08,0.1,2.7,9.4,5.16,4.88
2019-07-09,0.0,0.1,14.3,7.37,4.67
2019-07-10,0.5,1.8,12.7,4.8,5.66
2019-07-11,0.6,4.3,13.1,5.4,4.83
2019-07-12,1.9,1.6,13.4,4.16,5.86
2019-07-13,0.0,2.7,15.8,7.54,7.2
2019-07-14,6.1,6.2,13.6,4.88,8.54
2019-07-15,0.7,1.4,11.3,6.7,5.41
2019-07-16,0.6,3.0,13.4,7.16,3.86
2019-07-17,3.2,1.1,7.8,2.92,5.69
2019-07-18,0.0,0.2,13.2,7.96,3.86
2019-07-19,9.9,5.1,8.3,1.45,4.02
2019-07-20,21.0,7.2,9.0,1.58,7.1
2019-07-21,11.8,7.8,11.6,2.0,8.3
2019-07-22,0.1,5.9,11.7,6.21,5.3
2019-07-23,1.2,7.3,11.4,3.94,3.22
2019-07-24,1.8,6.7,11.8,5.14,3.57
2019-07-25,0.0,2.5,11.2,8.54,3.31
2019-07-26,0.0,0.9,12.0,8.76,2.58
2019-07-27,0.0,3.8,15.4,8.49,5.22
2019-07-28,0.0,3.5,12.9,6.45,2.9
2019-07-29,0.1,4.1,14.5,8.78,2.55
2019-07-30,0.4,6.1,15.0,6.63,6.21
2019-07-31,13.4,4.8,8.3,4.86,12.94
2019-08-01,1.6,1.7,9.6,3.08,8.31
2019-08-02,1.0,-0.2,11.6,8.76,7.46
2019-08-03,0.1,4.6,12.2,9.86,8.53
2019-08-04,0.3,-0.1,8.0,6.28,7.81
2019-08-05,0.0,-1.2,9.7,10.02,5.78
2019-08-06,0.0,2.9,11.8,10.35,5.77
2019-08-07,0.0,4.7,13.9,9.39,4.94
2019-08-08,0.0,4.4,14.1,10.38,4.46
2019-08-09,1.8,5.2,14.1,9.49,5.4
2019-08-10,16.2,4.4,8.1,1.29,8.73
2019-08-11,0.2,2.7,9.7,6.76,6.93
2019-08-12,0.1,3.3,10.7,8.4,3.62
2019-08-13,0.0,0.5,13.1,11.4,7.31
2019-08-14,0.0,4.5,9.2,8.01,6.02
2019-08-15,0.0,1.1,12.1,11.53,3.38
2019-08-16,0.1,1.2,14.3,10.34,7.44
2019-08-17,11.2,3.2,8.5,4.96,7.32
2019-08-18,0.0,2.2,8.2,6.96,4.57
2019-08-19,0.0,-2.0,10.7,12.85,4.46
2019-08-20,0.6,0.7,13.8,8.43,8.15
2019-08-21,0.0,3.4,12.0,9.26,4.24
2019-08-22,0.4,4.4,13.9,11.95,5.46
2019-08-23,1.2,3.7,13.8,11.31,5.95
2019-08-24,0.0,3.1,13.7,12.09,4.55
2019-08-25,0.1,2.9,16.6,11.73,7.05
2019-08-26,11.1,5.9,11.8,9.02,7.42
2019-08-27,0.5,2.4,12.4,13.56,3.41
2019-08-28,0.0,4.3,15.9,13.96,4.83
2019-08-29,0.2,6.3,16.6,11.7,6.9
2019-08-30,0.0,1.8,13.4,14.56,3.62
2019-08-31,0.0,4.9,16.5,12.19,4.79
2019-09-01,0.0,4.6,20.1,14.92,6.26
2019-09-02,0.0,5.9,14.1,14.94,6.81
2019-09-03,0.0,2.5,13.6,14.98,3.55
2019-09-04,10.0,5.3,11.1,3.81,7.93
2019-09-05,1.7,8.0,10.4,4.62,7.33
2019-09-06,5.8,6.8,9.1,6.63,9.68
2019-09-07,0.0,1.4,10.8,13.46,7.04
2019-09-08,0.3,0.2,6.8,4.36,4.65
2019-09-09,0.5,1.2,7.3,9.03,4.43
2019-09-10,0.0,-0.6,10.4,16.45,6.52
2019-09-11,0.0,1.3,11.9,14.26,5.41
2019-09-12,0.0,1.3,16.5,17.08,13.18
2019-09-13,1.9,7.3,16.1,10.22,7.14
2019-09-14,14.1,6.7,8.9,3.22,4.03
2019-09-15,4.2,5.4,12.8,13.27,5.22
2019-09-16,3.3,5.7,18.4,14.37,10.4
2019-09-17,4.5,4.0,14.1,17.65,10.74
2019-09-18,0.0,0.8,13.1,18.81,4.11
2019-09-19,0.0,3.9,14.7,18.7,4.39
2019-09-20,0.1,4.0,12.9,11.18,3.5
2019-09-21,0.0,3.5,14.6,18.83,4.25
2019-09-22,0.0,6.0,14.1,17.9,4.16
2019-09-23,0.0,7.9,18.0,10.08,9.6
2019-09-24,4.3,6.1,13.9,17.15,3.28
2019-09-25,9.1,2.0,12.8,12.4,7.21
2019-09-26,0.2,0.9,14.1,17.92,7.21
2019-09-27,0.3,3.2,16.0,18.29,4.46
2019-09-28,0.0,7.6,16.9,15.44,8.68
2019-09-29,0.1,9.7,20.7,17.69,6.2
2019-09-30,4.3,7.1,15.2,8.14,6.43
2019-10-01,4.7,3.4,9.4,15.68,5.68
2019-10-02,7.1,3.3,10.1,13.29,9.62
2019-10-03,0.0,3.0,10.6,16.17,5.78
2019-10-04,0.0,0.1,17.0,21.95,9.04
2019-10-05,6.3,5.7,12.4,4.77,12.47
2019-10-06,0.0,0.2,12.2,22.57,6.04
2019-10-07,0.0,2.5,18.5,22.5,6.51
2019-10-08,0.0,10.1,19.4,18.08,6.73
2019-10-09,1.0,9.9,21.1,15.15,6.98
2019-10-10,6.2,9.9,19.1,9.75,6.22
2019-10-11,4.9,7.7,14.0,13.33,4.54
2019-10-12,0.7,8.5,11.0,10.91,5.83
2019-10-13,0.6,6.6,13.5,14.9,4.85
2019-10-14,1.1,7.8,12.7,12.41,5.28
2019-10-15,4.9,8.8,12.4,11.11,6.04
2019-10-16,1.3,6.5,13.4,13.55,4.1
2019-10-17,0.9,5.6,16.2,19.05,4.79
2019-10-18,16.7,8.2,10.4,3.72,5.43
2019-10-19,2.3,6.2,17.4,24.14,4.21
2019-10-20,0.1,7.1,20.2,24.79,6.97
2019-10-21,2.3,6.1,16.2,14.78,8.01
2019-10-22,8.7,4.6,14.3,17.27,6.53
2019-10-23,6.9,4.7,10.8,20.31,9.99
2019-10-24,10.8,3.1,12.2,12.75,8.03
2019-10-25,0.2,4.4,12.0,19.62,5.7
2019-10-26,0.0,5.2,18.8,26.69,10.32
2019-10-27,0.2,9.2,21.0,19.29,9.57
2019-10-28,0.2,8.6,18.8,24.81,5.77
2019-10-29,2.1,5.3,15.2,22.56,6.16
2019-10-30,3.7,3.0,19.8,23.57,11.2
2019-10-31,0.0,3.9,15.8,24.5,6.41
2019-11-01,0.3,5.2,14.1,24.09,4.3
2019-11-02,0.0,5.7,23.5,27.22,5.61
2019-11-03,0.0,15.9,29.2,26.79,6.17
2019-11-04,0.0,14.2,26.5,28.39,6.93
2019-11-05,0.0,13.9,21.8,20.78,6.59
2019-11-06,3.8,11.0,14.6,8.52,5.38
2019-11-07,1.5,11.8,22.7,16.95,5.77
2019-11-08,0.0,16.0,24.6,27.89,7.02
2019-11-09,0.0,15.3,24.4,19.66,8.29
2019-11-10,11.6,10.2,21.6,13.5,6.74
2019-11-11,18.0,8.0,12.2,10.58,7.94
2019-11-12,1.8,7.6,16.5,22.75,6.16
2019-11-13,1.3,6.6,18.0,15.3,7.5
2019-11-14,6.1,9.8,18.0,22.46,6.52
2019-11-15,0.0,8.0,19.6,28.88,7.44
2019-11-16,5.5,11.2,21.5,25.13,13.15
2019-11-17,0.0,7.3,20.2,28.27,6.17
2019-11-18,2.9,6.2,16.4,23.21,6.86
2019-11-19,1.4,6.6,17.1,17.21,5.73
2019-11-20,13.4,6.7,14.0,20.76,5.47
2019-11-21,0.2,3.6,19.7,26.79,5.56
2019-11-22,0.0,9.5,25.4,26.13,11.01
2019-11-23,1.2,12.0,17.7,23.64,9.63
2019-11-24,1.8,11.1,27.2,22.67,9.57
2019-11-25,0.2,10.6,16.7,30.46,7.7
2019-11-26,0.0,9.3,26.8,30.93,6.23
2019-11-27,0.0,15.4,24.2,28.45,9.19
2019-11-28,0.0,17.5,28.9,31.26,7.72
2019-11-29,0.2,12.9,17.1,15.54,6.5
2019-11-30,0.0,12.1,18.7,27.01,8.36
2019-12-01,1.3,12.9,23.4,17.19,8.92
2019-12-02,6.9,13.5,23.0,12.69,7.3
2019-12-03,11.2,13.5,21.7,20.82,9.43
2019-12-04,7.7,10.2,22.2,31.6,8.58
2019-12-05,0.0,7.0,20.4,27.77,6.71
2019-12-06,0.1,10.1,22.8,29.4,8.22
2019-12-07,2.2,11.9,23.4,24.48,8.62
2019-12-08,2.5,10.4,20.0,26.76,5.89
2019-12-09,0.7,7.9,17.9,31.03,5.11
2019-12-10,0.0,9.1,18.0,31.49,6.5
2019-12-11,0.0,11.3,23.0,28.25,4.63
2019-12-12,0.0,11.2,19.6,30.52,8.23
2019-12-13,0.1,11.8,24.4,20.91,8.32
2019-12-14,0.0,12.0,19.6,25.36,8.78
2019-12-15,0.3,10.3,23.8,25.96,6.19
2019-12-16,6.7,12.2,16.6,13.91,5.72
2019-12-17,19.6,9.4,14.4,10.21,9.55
2019-12-18,13.1,7.5,16.0,20.46,10.54
2019-12-19,3.2,6.8,19.8,29.0,8.87
2019-12-20,2.6,10.1,18.8,21.95,12.07
2019-12-21,1.1,8.5,16.8,25.59,6.69
2019-12-22,0.3,8.2,23.2,28.6,7.61
2019-12-23,0.0,9.4,16.2,24.34,6.72
2019-12-24,0.0,8.6,17.1,29.4,7.78
2019-12-25,0.1,11.7,16.1,14.08,5.77
2019-12-26,0.0,10.0,17.3,27.24,7.35
2019-12-27,0.1,9.9,23.4,29.49,10.58
2019-12-28,0.7,7.5,19.5,31.23,5.41
2019-12-29,0.0,8.4,23.0,32.3,8.47
2019-12-30,1.0,13.4,18.0,14.71,6.69
2019-12-31,0.1,12.0,18.7,32.21,6.94
2020-01-01,0.0,12.1,32.7,31.63,4.44
2020-01-02,0.4,13.8,24.7,27.72,6.22
2020-01-03,9.5,10.3,16.7,15.78,6.53
2020-01-04,1.7,8.4,16.1,27.85,5.94
2020-01-05,0.2,9.4,23.7,19.21,9.64
2020-01-06,1.0,9.2,19.1,24.74,6.62
2020-01-07,0.7,10.9,14.9,25.2,10.31
2020-01-08,0.3,9.8,16.5,14.65,5.2
2020-01-09,0.1,8.1,21.5,26.26,4.4
2020-01-10,0.0,11.3,19.5,28.79,6.15
2020-01-11,0.0,10.7,23.6,28.11,8.34
2020-01-12,0.7,13.7,26.3,20.95,12.79
2020-01-13,0.7,11.5,15.8,14.79,6.52
2020-01-14,0.0,7.5,17.6,27.32,5.51
2020-01-15,0.0,8.0,18.5,25.75,4.55
2020-01-16,0.0,9.1,18.0,31.36,7.21
2020-01-17,0.0,11.3,18.9,31.41,7.47
2020-01-18,0.0,10.4,19.2,31.89,6.71
2020-01-19,0.0,10.0,21.3,31.18,5.14
2020-01-20,0.0,12.8,22.2,26.47,5.46
2020-01-21,0.0,14.8,21.4,20.45,6.35
2020-01-22,0.0,15.1,23.5,19.99,4.75
2020-01-23,0.0,15.4,24.6,27.53,6.45
2020-01-24,0.0,15.2,23.1,28.06,6.41
2020-01-25,0.0,14.5,32.1,24.02,6.04
2020-01-26,0.0,15.9,25.6,28.82,5.99
2020-01-27,0.0,16.4,31.2,29.58,7.99
2020-01-28,0.0,15.2,24.9,26.07,6.69
2020-01-29,0.2,14.5,28.3,16.29,9.6
2020-01-30,0.0,13.6,25.1,25.98,9.71
2020-01-31,0.0,14.5,24.1,25.82,10.52
2020-02-01,0.7,13.1,21.7,19.1,8.58
2020-02-02,0.0,22.0,34.2,26.56,9.1
2020-02-03,0.0,20.5,29.2,11.56,14.98
2020-02-04,6.0,11.7,29.0,23.98,10.56
2020-02-05,5.0,9.9,17.2,15.69,8.37
2020-02-06,9.6,9.7,22.1,21.75,6.28
2020-02-07,0.1,10.8,19.1,21.75,6.36
2020-02-08,0.5,10.6,16.3,14.75,8.46
2020-02-09,0.0,6.7,21.8,28.38,4.4
2020-02-10,0.1,8.8,23.1,23.43,5.2
2020-02-11,0.0,11.7,21.6,27.91,5.5
2020-02-12,0.0,9.7,21.1,25.16,6.76
2020-02-13,0.2,13.9,25.7,20.91,4.75
2020-02-14,2.1,13.0,15.8,9.71,5.12
2020-02-15,0.1,13.8,19.7,19.51,9.05
2020-02-16,0.0,12.9,27.6,19.99,9.54
2020-02-17,0.0,19.4,30.5,18.93,5.46
2020-02-18,0.0,15.9,26.0,20.7,5.68
2020-02-19,0.0,15.6,24.3,21.05,4.76
2020-02-20,0.0,14.5,19.1,12.52,7.41
2020-02-21,0.1,13.7,27.8,12.15,7.12
2020-02-22,20.8,11.0,18.7,10.75,8.15
2020-02-23,0.0,8.4,20.0,25.35,5.64
2020-02-24,0.0,12.0,20.0,25.19,7.58
2020-02-25,0.0,12.9,20.5,16.26,4.79
2020-02-26,0.0,14.0,21.5,22.25,6.84
2020-02-27,0.0,12.0,23.4,16.73,5.38
2020-02-28,2.3,13.2,27.5,18.49,9.12
2020-02-29,3.0,12.4,20.6,12.75,7.7
2020-03-01,0.0,8.2,20.7,23.98,7.2
2020-03-02,0.0,14.8,23.4,16.35,6.7
2020-03-03,2.7,14.8,28.6,16.07,7.2
2020-03-04,1.8,10.4,14.7,12.11,6.66
2020-03-05,0.0,5.2,16.3,23.04,5.87
2020-03-06,0.0,9.0,17.8,22.56,9.66
2020-03-07,0.0,10.9,23.8,22.07,6.15
2020-03-08,1.0,15.0,20.9,12.75,5.37
2020-03-09,0.0,13.8,25.8,14.7,8.03
2020-03-10,4.3,12.3,16.9,11.36,7.05
2020-03-11,0.5,9.8,12.7,7.44,6.84
2020-03-12,0.0,9.4,19.1,20.98,3.83
2020-03-13,0.0,7.7,16.9,21.04,6.47
2020-03-14,0.0,10.2,19.4,20.6,5.76
2020-03-15,0.0,11.4,18.4,16.04,7.78
2020-03-16,0.5,11.0,18.5,13.06,8.32
2020-03-17,0.9,7.7,12.3,7.49,7.38
2020-03-18,0.0,3.2,16.5,20.36,5.3
2020-03-19,0.0,10.0,23.4,20.06,8.0
2020-03-20,2.5,10.7,16.8,5.17,8.1
2020-03-21,4.5,8.9,17.2,10.65,10.7
2020-03-22,0.1,13.1,24.5,16.69,6.1
2020-03-23,1.2,7.3,20.0,8.68,8.46
2020-03-24,0.7,5.0,14.8,8.0,7.91
2020-03-25,0.0,5.4,18.8,18.22,6.63
2020-03-26,0.5,8.2,21.9,17.51,5.37
2020-03-27,6.5,9.7,13.1,6.87,9.97
2020-03-28,0.9,8.9,12.9,9.24,5.71
2020-03-29,9.5,8.5,12.3,4.75,6.49
2020-03-30,35.7,9.8,14.2,3.88,6.82
2020-03-31,1.0,10.0,17.1,12.82,5.12
2020-04-01,0.1,10.0,19.1,16.18,3.01
2020-04-02,0.0,9.6,17.4,14.35,3.34
2020-04-03,0.0,9.2,16.2,13.22,4.75
2020-04-04,0.0,11.1,16.0,13.08,9.39
2020-04-05,0.0,9.7,19.0,15.7,6.52
2020-04-06,0.0,10.1,19.5,8.61,3.79
2020-04-07,3.3,10.7,22.4,12.37,6.58
2020-04-08,0.2,10.1,15.9,14.49,5.39
2020-04-09,1.5,9.2,16.0,11.8,6.82
2020-04-10,0.0,7.6,19.4,15.03,4.83
2020-04-11,0.0,6.0,19.0,15.27,3.42
2020-04-12,2.6,7.9,20.5,7.59,9.84
2020-04-13,0.6,6.4,15.4,14.07,10.81
2020-04-14,0.5,4.3,12.9,12.65,10.03
2020-04-15,0.0,5.8,12.2,12.04,6.8
2020-04-16,0.0,5.8,16.4,8.65,5.69
2020-04-17,0.3,6.1,13.9,8.37,5.15
2020-04-18,1.6,8.3,18.0,10.41,7.8
2020-04-19,1.1,7.9,16.5,13.42,8.62
2020-04-20,0.2,5.5,17.4,12.03,6.06
2020-04-21,0.0,6.6,16.9,12.68,5.42
2020-04-22,0.4,6.0,18.5,10.92,3.04
2020-04-23,0.0,6.4,17.8,8.47,4.8
2020-04-24,0.0,8.9,19.1,12.41,4.71
2020-04-25,0.0,8.1,20.0,11.56,10.68
2020-04-26,0.0,7.7,16.5,11.49,4.31
2020-04-27,3.0,9.0,20.3,8.28,15.77
2020-04-28,0.0,7.0,17.5,11.83,4.2
2020-04-29,0.0,2.4,18.5,11.78,3.0
2020-04-30,0.0,6.2,21.0,11.48,6.22
2020-05-01,0.0,9.5,20.7,10.93,5.8
2020-05-02,0.6,7.4,18.9,5.88,9.52
2020-05-03,1.8,10.3,21.1,10.27,5.94
2020-05-04,1.2,9.9,17.8,4.5,8.43
2020-05-05,6.3,6.8,11.3,6.18,10.29
2020-05-06,0.0,3.4,16.7,10.09,5.98
2020-05-07,0.0,5.9,18.5,10.22,6.53
2020-05-08,0.0,10.5,16.8,9.39,6.8
2020-05-09,0.0,7.3,15.3,9.76,4.66
2020-05-10,0.0,5.5,15.4,9.82,3.69
2020-05-11,0.0,4.8,18.0,8.37,5.24
2020-05-12,1.4,8.9,14.1,6.89,4.78
2020-05-13,0.0,7.5,13.6,5.22,4.25
2020-05-14,0.0,5.5,16.7,8.25,4.25
2020-05-15,0.0,8.3,12.3,4.89,4.47
2020-05-16,0.0,4.0,13.1,6.89,3.01
2020-05-17,0.0,3.1,12.5,9.06,3.83
2020-05-18,0.3,2.5,12.5,8.56,3.44
2020-05-19,0.0,6.3,12.1,7.54,4.24
2020-05-20,0.0,1.3,12.6,8.7,3.92
2020-05-21,0.0,1.2,16.4,8.58,7.17
2020-05-22,0.0,5.7,17.6,7.07,6.4
2020-05-23,0.0,4.4,12.5,4.82,6.23
2020-05-24,1.0,5.7,13.8,5.05,5.52
2020-05-25,13.5,8.4,10.9,2.22,4.52
2020-05-26,0.6,5.9,11.9,4.75,3.58
2020-05-27,0.0,2.0,13.3,7.89,2.55
2020-05-28,0.0,1.2,10.9,7.44,4.83
2020-05-29,0.0,5.6,11.2,4.08,2.7
2020-05-30,0.0,1.1,13.0,7.78,3.27
2020-05-31,0.0,2.4,12.0,7.4,7.31
2020-06-01,0.0,8.3,13.2,5.36,6.93
2020-06-02,0.0,5.7,14.2,6.77,3.11
2020-06-03,0.0,3.2,14.9,6.49,3.04
2020-06-04,15.3,7.6,10.5,1.78,8.21
2020-06-05,5.1,0.3,8.2,3.87,7.3
2020-06-06,10.1,-0.4,8.9,2.85,8.32
2020-06-07,0.0,-1.0,10.8,7.04,5.64
2020-06-08,0.0,4.0,12.9,7.3,6.59
2020-06-09,0.0,3.4,14.4,6.91,5.59
2020-06-10,0.0,3.1,15.2,7.27,5.06
2020-06-11,0.0,6.8,15.7,6.63,6.93
2020-06-12,0.0,6.6,12.5,1.45,6.52
2020-06-13,0.0,1.5,9.9,7.1,2.83
2020-06-14,0.0,1.0,9.4,7.18,5.13
2020-06-15,0.2,-0.9,14.7,5.77,6.62
2020-06-16,0.0,7.1,19.2,6.74,3.96
2020-06-17,0.0,6.9,18.7,6.21,7.6
2020-06-18,13.1,5.1,8.4,0.94,5.94
2020-06-19,8.5,6.1,7.0,1.46,6.53
2020-06-20,0.5,2.5,9.3,2.5,6.28
2020-06-21,0.0,4.7,9.1,3.4,4.38
2020-06-22,0.0,2.7,9.2,6.36,2.91
2020-06-23,0.0,3.3,11.7,5.37,4.12
2020-06-24,0.6,4.0,9.9,2.91,3.99
2020-06-25,2.5,7.5,9.1,1.09,5.03
2020-06-26,1.0,7.8,10.3,1.75,5.96
2020-06-27,1.2,9.6,12.7,3.39,5.67
2020-06-28,15.6,8.7,10.5,1.25,4.44
2020-06-29,27.1,6.1,9.4,1.3,9.83
2020-06-30,5.1,5.6,9.3,3.15,8.45
2020-07-01,7.7,4.2,6.0,3.0,10.43
2020-07-02,0.4,4.7,7.5,2.4,7.66
2020-07-03,0.0,-1.3,9.2,7.28,3.54
2020-07-04,3.2,3.0,10.5,3.51,5.46
2020-07-05,0.0,8.1,15.2,6.23,6.18
2020-07-06,0.0,3.8,11.2,4.82,5.28
2020-07-07,5.1,5.2,11.2,3.9,4.43
2020-07-08,3.9,3.8,8.5,6.89,7.55
2020-07-09,5.5,2.9,9.0,2.75,6.86
2020-07-10,0.0,-0.7,10.6,7.25,2.72
2020-07-11,0.0,1.1,12.9,7.52,6.71
2020-07-12,2.3,5.9,15.8,5.67,6.15
2020-07-13,0.2,1.5,9.0,4.77,5.38
2020-07-14,0.0,-0.7,9.6,7.87,2.58
2020-07-15,0.0,0.7,8.0,3.74,3.39
2020-07-16,0.1,0.3,7.5,4.95,3.12
2020-07-17,0.0,3.5,8.0,3.36,5.33
2020-07-18,0.9,4.9,9.0,1.58,2.38
2020-07-19,1.3,6.8,11.3,4.89,5.89
2020-07-20,1.5,3.1,15.6,6.36,7.52
2020-07-21,1.0,4.1,14.6,8.11,8.49
2020-07-22,1.4,2.3,8.8,6.48,8.57
2020-07-23,1.4,0.6,9.2,5.75,5.89
2020-07-24,0.0,0.8,11.5,9.01,4.3
2020-07-25,0.0,1.1,13.1,8.77,4.2
2020-07-26,0.0,3.5,13.4,9.0,4.4
2020-07-27,0.0,0.4,11.1,8.92,3.98
2020-07-28,0.0,0.1,9.7,6.25,3.88
2020-07-29,0.0,3.3,10.9,6.57,6.13
2020-07-30,0.0,4.8,15.7,8.49,3.69
2020-07-31,0.0,6.5,14.0,6.81,3.38
2020-08-01,0.0,5.2,14.3,6.25,4.02
2020-08-02,0.9,7.1,14.3,3.64,2.92
2020-08-03,0.6,5.8,14.7,6.22,3.3
2020-08-04,0.0,5.9,16.9,8.47,4.74
2020-08-05,0.0,5.2,13.4,9.81,4.13
2020-08-06,0.0,6.1,15.5,9.26,5.27
2020-08-07,1.9,7.4,15.0,10.47,5.62
2020-08-08,1.3,2.5,9.1,5.71,7.21
2020-08-09,0.0,-0.8,15.2,10.93,5.95
2020-08-10,0.0,6.5,16.8,10.71,6.96
2020-08-11,0.0,4.4,12.9,11.25,5.52
2020-08-12,1.1,3.4,10.9,7.6,4.12
2020-08-13,0.0,3.3,12.6,9.73,6.56
2020-08-14,0.5,3.2,9.5,5.56,4.03
2020-08-15,0.0,-1.7,11.0,11.88,3.71
2020-08-16,0.0,1.4,11.2,10.59,3.05
2020-08-17,0.0,1.1,10.2,11.51,3.89
2020-08-18,0.0,4.4,11.4,10.77,7.12
2020-08-19,0.3,8.0,15.9,5.04,7.89
2020-08-20,0.6,5.2,16.4,10.79,3.51
2020-08-21,4.4,6.5,10.6,4.51,4.77
2020-08-22,0.0,7.0,12.8,9.02,4.72
2020-08-23,0.2,6.9,12.0,5.8,6.5
2020-08-24,5.7,8.5,12.9,5.0,4.24
2020-08-25,4.6,4.6,11.0,5.76,8.76
2020-08-26,0.0,2.3,12.0,13.3,4.46
2020-08-27,0.8,2.2,11.4,10.96,5.16
2020-08-28,0.0,-0.8,15.3,13.7,6.2
2020-08-29,0.0,5.5,17.2,13.85,7.02
2020-08-30,0.0,10.7,18.3,14.08,9.39
2020-08-31,0.0,8.9,17.5,11.72,13.89
2020-09-01,14.9,3.4,12.8,2.71,9.17
2020-09-02,1.6,-0.6,9.2,9.57,3.11
2020-09-03,0.0,-1.3,12.9,15.4,3.61
2020-09-04,0.0,-0.2,14.9,14.89,8.07
2020-09-05,0.0,6.2,18.2,11.16,10.49
2020-09-06,9.2,8.1,17.3,11.27,7.16
2020-09-07,0.0,5.0,12.9,15.5,4.66
2020-09-08,0.0,3.7,14.6,16.54,5.77
2020-09-09,0.0,7.9,17.2,16.39,8.1
2020-09-10,8.6,4.2,11.1,4.59,5.36
2020-09-11,3.3,2.2,8.7,10.16,8.41
2020-09-12,0.0,-1.1,14.2,17.47,5.07
2020-09-13,0.0,6.0,16.2,10.09,9.4
2020-09-14,2.2,7.0,19.0,16.16,7.14
2020-09-15,1.4,5.4,13.6,16.33,11.38
2020-09-16,0.0,3.6,15.2,18.24,12.26
2020-09-17,7.4,6.2,19.8,17.58,11.76
2020-09-18,5.3,4.2,14.7,18.27,6.13
2020-09-19,0.0,6.7,14.9,14.61,4.54
2020-09-20,0.0,5.0,17.6,18.77,3.58
2020-09-21,0.0,8.1,19.5,19.21,7.14
2020-09-22,0.0,9.0,19.1,18.87,10.01
2020-09-23,1.1,8.6,22.3,17.04,6.58
2020-09-24,0.0,6.6,19.1,19.43,6.93
2020-09-25,0.1,6.0,18.2,19.43,7.4
2020-09-26,1.0,6.0,19.0,18.67,9.99
2020-09-27,3.6,7.7,17.8,19.52,12.07
2020-09-28,2.5,1.3,12.5,18.95,11.25
2020-09-29,0.2,1.2,8.8,18.02,11.23
2020-09-30,0.0,1.0,12.4,17.73,5.73
2020-10-01,0.0,2.4,16.2,20.84,3.96
2020-10-02,0.0,6.5,17.7,21.61,7.92
2020-10-03,0.0,10.8,22.2,18.65,8.35
2020-10-04,0.0,9.1,21.6,21.22,11.09
2020-10-05,0.0,9.7,24.0,21.56,6.86
2020-10-06,2.7,8.6,17.1,14.86,7.5
2020-10-07,1.8,5.6,18.3,19.71,7.74
2020-10-08,0.6,5.3,10.2,11.19,4.62
2020-10-09,0.0,1.1,12.3,22.99,7.72
2020-10-10,1.0,4.6,16.4,12.85,5.64
2020-10-11,1.0,11.7,21.6,12.32,9.1
2020-10-12,6.6,10.4,21.4,18.42,4.24
2020-10-13,8.1,9.9,18.8,19.6,7.13
2020-10-14,8.0,5.2,11.7,7.2,7.31
2020-10-15,1.9,3.2,10.3,19.32,5.55
2020-10-16,0.0,3.4,16.3,24.25,6.86
2020-10-17,0.5,7.4,12.5,10.35,6.35
2020-10-18,0.3,5.6,19.6,20.88,4.66
2020-10-19,0.1,8.9,21.8,16.99,8.09
2020-10-20,0.0,5.9,17.2,21.58,8.01
2020-10-21,0.0,7.9,18.1,24.18,5.64
2020-10-22,0.0,7.7,17.0,23.39,5.77
2020-10-23,0.0,9.2,17.1,24.95,5.22
2020-10-24,0.0,8.8,23.0,26.41,5.64
2020-10-25,0.0,13.4,24.6,22.63,9.21
2020-10-26,6.8,8.8,18.7,7.13,6.76
2020-10-27,15.3,7.9,12.3,10.51,4.3
2020-10-28,0.0,5.7,14.1,21.39,5.19
2020-10-29,4.7,9.2,13.7,9.38,5.87
2020-10-30,0.0,11.5,24.5,23.31,7.3
2020-10-31,2.2,12.0,23.6,20.68,7.86
2020-11-01,0.6,9.5,20.9,27.31,6.44
2020-11-02,0.4,10.2,13.6,9.95,7.1
2020-11-03,4.7,8.7,12.4,8.6,8.27
2020-11-04,0.0,8.0,24.0,24.74,5.73
2020-11-05,0.6,12.8,25.7,24.61,6.1
2020-11-06,2.8,10.8,13.2,7.22,6.87
2020-11-07,7.9,10.3,18.2,7.63,5.41
2020-11-08,32.0,6.6,11.0,7.3,11.46
2020-11-09,0.0,4.6,13.4,15.39,5.6
2020-11-10,0.9,7.9,12.6,14.39,4.32
2020-11-11,0.0,6.6,15.7,22.55,3.68
2020-11-12,0.0,4.9,17.6,28.75,5.03
2020-11-13,0.0,10.5,25.8,29.25,8.32
2020-11-14,0.0,12.1,23.7,30.64,8.63
2020-11-15,0.0,13.1,23.5,29.83,6.35
2020-11-16,0.5,11.0,24.3,25.65,7.11
2020-11-17,0.6,9.6,22.9,15.47,6.24
2020-11-18,5.7,10.6,17.0,8.56,5.23
2020-11-19,1.9,7.9,14.4,15.04,4.75
2020-11-20,0.3,5.6,21.9,24.62,5.66
2020-11-21,2.3,11.0,22.6,22.7,8.34
2020-11-22,4.3,8.5,12.6,15.8,11.51
2020-11-23,0.1,7.8,14.1,17.1,5.55
2020-11-24,0.2,7.7,15.5,23.4,8.16
2020-11-25,3.3,11.3,15.0,14.16,7.43
2020-11-26,2.4,11.9,20.3,18.94,5.3
2020-11-27,8.2,8.9,21.2,15.07,9.23
2020-11-28,0.2,6.7,16.7,26.78,7.29
2020-11-29,0.1,7.0,17.3,27.17,8.05
2020-11-30,9.6,9.9,14.4,7.94,9.04
2020-12-01,0.2,7.8,15.0,19.47,6.67
2020-12-02,0.0,6.9,20.7,20.4,10.41
2020-12-03,0.5,9.2,22.1,31.84,11.9
2020-12-04,0.0,10.0,20.6,25.69,8.44
2020-12-05,0.5,9.9,19.8,23.21,7.32
2020-12-06,0.6,7.3,17.5,20.28,7.47
2020-12-07,0.0,11.3,25.3,30.84,6.22
2020-12-08,0.0,13.2,24.0,17.37,9.39
2020-12-09,0.0,13.1,25.4,24.67,3.79
2020-12-10,0.3,13.2,22.9,28.88,6.49
2020-12-11,3.3,11.5,19.0,28.65,11.41
2020-12-12,0.1,7.8,21.8,32.32,6.48
2020-12-13,0.1,8.4,15.9,20.65,6.86
2020-12-14,0.0,10.2,19.8,29.91,4.95
2020-12-15,0.0,9.0,26.0,33.04,5.06
2020-12-16,0.0,11.6,25.2,30.17,6.55
2020-12-17,2.1,12.7,17.9,13.19,5.11
2020-12-18,0.0,13.3,26.4,31.06,7.57
2020-12-19,0.0,15.3,28.3,27.49,9.66
2020-12-20,2.3,12.7,18.5,14.72,7.75
2020-12-21,10.7,12.0,15.0,8.33,8.43
2020-12-22,2.6,13.6,22.4,22.93,4.68
2020-12-23,11.5,13.6,21.0,11.17,4.08
2020-12-24,11.4,13.9,18.5,16.24,5.59
2020-12-25,32.4,11.1,14.5,10.46,5.51
2020-12-26,29.8,8.2,12.1,13.5,8.77
2020-12-27,9.7,7.3,12.8,17.61,6.91
2020-12-28,0.0,5.6,15.9,30.96,4.79
2020-12-29,0.0,5.5,16.4,33.66,6.19
2020-12-30,0.0,10.5,17.3,25.05,6.41
2020-12-31,0.0,12.1,17.8,26.79,6.71
2021-01-01,0.2,11.6,20.1,26.64,5.1
2021-01-02,3.6,13.7,19.6,12.98,4.77
2021-01-03,0.2,11.6,20.9,22.21,5.7
2021-01-04,0.2,11.2,21.9,28.96,6.4
2021-01-05,0.7,13.1,19.6,12.51,4.79
2021-01-06,1.5,12.6,19.4,26.52,6.31
2021-01-07,7.3,14.4,25.7,24.14,5.28
2021-01-08,3.7,12.3,16.0,11.26,7.33
2021-01-09,4.0,11.6,19.0,27.12,5.35
2021-01-10,1.7,13.1,20.6,24.94,6.18
2021-01-11,0.7,13.5,15.9,10.75,6.13
2021-01-12,0.2,12.8,19.5,24.65,6.67
2021-01-13,0.0,14.2,23.6,28.62,3.91
2021-01-14,0.2,13.2,24.7,26.94,4.29
2021-01-15,0.0,13.6,21.4,23.23,6.46
2021-01-16,0.0,15.3,21.3,27.48,8.17
2021-01-17,0.4,13.0,23.6,24.27,9.21
2021-01-18,0.2,11.6,20.4,27.6,7.27
2021-01-19,11.5,9.3,23.5,25.39,10.29
2021-01-20,0.1,8.1,16.5,23.87,8.04
2021-01-21,5.5,10.6,18.2,18.19,7.22
2021-01-22,0.0,8.8,20.3,27.15,5.39
2021-01-23,0.0,12.5,23.7,15.42,8.96
2021-01-24,0.0,9.1,24.6,28.51,9.64
2021-01-25,0.0,14.4,26.6,29.61,7.75
2021-01-26,0.0,12.7,33.6,29.65,7.49
2021-01-27,0.0,19.0,30.7,27.11,11.1
2021-01-28,23.8,9.7,18.6,12.09,7.19
2021-01-29,1.1,7.6,15.2,21.34,8.05
2021-01-30,0.9,10.4,17.6,22.02,4.92
2021-01-31,0.0,9.7,19.3,29.73,8.02
2021-02-01,0.0,10.0,20.9,21.26,5.82
2021-02-02,0.0,13.2,19.2,24.47,8.68
2021-02-03,0.1,13.1,22.8,25.5,6.74
2021-02-04,0.0,8.8,15.8,16.44,6.04
2021-02-05,0.0,8.1,18.2,27.9,5.07
2021-02-06,0.0,8.6,17.7,23.9,7.29
2021-02-07,0.0,12.8,19.6,26.68,8.23
2021-02-08,0.0,11.5,28.1,27.53,8.07
2021-02-09,5.3,14.5,23.1,6.15,7.66
2021-02-10,5.6,11.2,20.5,23.72,7.07
2021-02-11,0.0,10.3,22.6,27.68,6.97
2021-02-12,0.1,12.2,17.5,15.57,6.43
2021-02-13,0.0,10.6,20.6,25.44,6.72
2021-02-14,0.0,11.1,20.8,12.95,6.3
2021-02-15,0.5,12.3,19.3,17.56,7.09
2021-02-16,2.7,10.5,13.4,11.83,8.16
2021-02-17,0.0,6.5,19.0,26.58,4.2
2021-02-18,0.0,5.8,22.2,26.51,3.89
2021-02-19,0.0,9.6,24.9,26.2,3.18
2021-02-20,0.0,12.3,25.3,26.24,3.55
2021-02-21,0.0,12.8,26.2,24.89,4.3
2021-02-22,0.0,14.0,22.9,23.25,5.14
2021-02-23,0.0,12.3,28.7,24.6,6.2
2021-02-24,0.0,19.2,28.3,22.42,11.4
2021-02-25,0.9,14.3,19.5,7.28,5.45
2021-02-26,0.0,13.8,19.2,16.52,4.92
2021-02-27,0.0,15.8,21.2,15.03,4.44
2021-02-28,0.0,16.2,23.7,17.45,5.03
2021-03-01,1.7,15.3,21.2,12.19,5.7
2021-03-02,0.2,15.8,26.5,19.93,5.12
2021-03-03,0.0,12.3,24.5,16.44,8.05
2021-03-04,0.7,11.7,19.3,16.73,7.38
2021-03-05,0.6,8.9,22.1,19.74,6.96
2021-03-06,2.9,12.9,21.4,21.74,7.72
2021-03-07,2.1,10.6,20.7,20.61,7.34
2021-03-08,0.3,9.0,17.2,17.39,5.0
2021-03-09,0.0,8.0,21.3,21.04,6.45
2021-03-10,3.2,13.2,20.8,8.47,5.92
2021-03-11,0.8,11.2,16.0,10.86,4.72
2021-03-12,0.0,8.5,19.1,16.3,4.16
2021-03-13,0.0,8.4,19.7,21.66,8.72
2021-03-14,0.0,8.6,25.5,21.92,6.86
2021-03-15,0.2,12.0,25.2,14.05,8.51
2021-03-16,2.1,11.9,19.4,15.34,9.34
2021-03-17,0.0,8.1,20.3,19.44,8.13
2021-03-18,0.0,10.4,17.9,16.28,5.14
2021-03-19,0.0,7.1,20.2,19.32,4.39
2021-03-20,0.0,9.6,16.3,9.87,3.5
2021-03-21,0.0,8.1,20.3,16.95,3.64
2021-03-22,0.0,10.5,19.9,11.69,2.73
2021-03-23,0.0,9.4,22.5,18.66,5.2
2021-03-24,3.4,11.7,15.6,5.99,4.02
2021-03-25,0.0,11.1,18.2,16.68,7.47
2021-03-26,0.0,10.2,24.5,18.27,6.84
2021-03-27,0.0,10.7,25.3,13.81,6.38
2021-03-28,0.3,16.4,26.1,9.77,5.25
2021-03-29,0.0,15.1,26.3,16.45,4.57
2021-03-30,0.0,12.9,19.2,8.87,4.21
2021-03-31,0.0,12.0,17.9,8.77,4.88
2021-04-01,1.1,10.4,16.9,14.32,6.63
2021-04-02,3.9,8.1,17.6,4.57,10.32
2021-04-03,0.0,7.1,17.9,15.92,5.1
2021-04-04,0.0,13.4,21.2,16.48,13.34
2021-04-05,0.0,13.5,27.3,15.32,8.2
2021-04-06,0.0,10.4,20.6,15.92,4.28
2021-04-07,0.0,11.0,16.8,10.35,6.67
2021-04-08,0.0,10.4,22.1,15.35,4.66
2021-04-09,0.0,8.0,22.4,14.53,5.82
2021-04-10,4.5,14.2,20.5,8.73,9.64
2021-04-11,0.0,13.4,24.2,13.06,6.1
2021-04-12,0.1,12.7,23.0,11.21,7.62
2021-04-13,0.6,10.5,18.8,7.78,5.35
2021-04-14,0.2,8.9,18.0,9.97,5.22
2021-04-15,0.0,9.2,20.4,10.78,5.5
2021-04-16,5.8,10.3,21.0,11.58,6.21
2021-04-17,7.6,7.0,12.4,9.87,4.27
2021-04-18,0.0,4.9,20.2,13.55,5.83
2021-04-19,0.0,9.7,22.1,13.27,5.72
2021-04-20,0.1,8.9,18.9,9.96,4.62
2021-04-21,0.0,7.9,17.8,12.34,4.65
2021-04-22,0.0,6.5,19.4,12.34,4.94
2021-04-23,0.0,8.5,20.6,8.57,4.22
2021-04-24,10.3,9.7,17.5,10.18,5.92
2021-04-25,0.3,5.6,18.0,9.97,6.89
2021-04-26,0.5,2.5,15.8,11.67,7.41
2021-04-27,2.0,6.9,11.6,9.51,5.22
2021-04-28,0.0,2.1,13.7,11.81,2.8
2021-04-29,0.0,6.1,18.4,11.41,4.56
2021-04-30,0.6,9.8,20.7,9.84,8.7
2021-05-01,0.3,5.0,13.8,8.77,3.13
2021-05-02,0.0,3.0,17.7,11.3,3.5
2021-05-03,0.0,3.2,17.0,10.88,4.52
2021-05-04,0.0,7.8,20.1,10.62,7.15
2021-05-05,0.0,12.4,22.6,10.39,6.08
2021-05-06,0.0,10.1,16.0,6.85,5.8
2021-05-07,0.0,8.3,14.9,9.99,7.53
2021-05-08,0.6,8.4,19.1,7.42,6.3
2021-05-09,0.4,14.2,23.6,4.76,7.5
2021-05-10,0.5,11.7,16.7,4.84,3.77
2021-05-11,11.1,9.3,22.7,7.45,10.72
2021-05-12,6.5,4.5,9.1,5.02,7.72
2021-05-13,0.0,1.6,10.8,9.44,6.4
2021-05-14,0.0,5.0,12.3,9.52,8.02
2021-05-15,1.2,5.8,15.5,7.86,7.38
2021-05-16,0.0,4.7,14.3,5.34,3.28
2021-05-17,0.0,5.2,14.7,8.18,5.58
2021-05-18,0.1,5.9,11.7,8.78,8.5
2021-05-19,0.1,4.8,13.7,4.85,6.66
2021-05-20,0.0,5.2,15.1,8.41,4.87
2021-05-21,0.8,8.3,17.6,5.07,8.12
2021-05-22,0.0,4.6,13.4,8.32,3.52
2021-05-23,0.0,3.3,12.5,8.41,4.47
2021-05-24,4.5,4.6,10.1,2.83,7.16
2021-05-25,1.7,5.0,9.3,5.98,4.19
2021-05-26,0.0,3.0,10.8,8.52,4.66
2021-05-27,0.0,0.7,12.5,8.29,4.83
2021-05-28,1.3,3.3,10.8,2.31,4.55
2021-05-29,23.7,6.8,11.3,1.79,8.18
2021-05-30,66.2,10.5,12.2,0.36,10.83
2021-05-31,41.2,8.5,10.6,0.63,11.67
2021-06-01,2.1,3.0,9.6,4.08,6.72
2021-06-02,0.0,1.8,13.9,7.56,3.74
2021-06-03,0.0,4.2,12.7,7.56,3.86
2021-06-04,0.0,3.7,13.4,7.29,3.34
2021-06-05,0.0,3.8,15.2,4.72,7.21
2021-06-06,8.1,8.7,11.8,1.59,5.95
2021-06-07,4.8,8.0,10.2,1.71,3.55
2021-06-08,0.1,6.6,12.4,5.64,3.82
2021-06-09,0.0,3.7,11.5,7.28,3.05
2021-06-10,0.0,3.4,15.9,7.05,4.82
2021-06-11,0.0,4.3,11.6,4.71,2.16
2021-06-12,0.0,4.1,12.0,5.1,4.39
2021-06-13,1.7,6.4,17.4,4.93,3.32
2021-06-14,0.0,7.8,13.6,4.83,2.64
2021-06-15,0.0,7.4,16.8,5.94,5.28
2021-06-16,1.3,5.4,11.7,4.63,4.56
2021-06-17,5.0,6.3,8.9,1.54,6.12
2021-06-18,1.9,3.3,7.9,3.74,4.36
2021-06-19,1.4,1.5,7.7,4.58,3.82
2021-06-20,25.3,5.4,9.5,0.85,7.91
2021-06-21,3.2,4.9,9.7,2.65,5.0
2021-06-22,0.2,4.6,8.3,2.02,5.13
2021-06-23,0.0,3.4,9.1,3.01,4.17
2021-06-24,0.0,2.7,12.9,6.43,3.85
2021-06-25,0.8,5.9,16.4,3.86,6.6
2021-06-26,5.4,8.7,13.7,4.09,5.2
2021-06-27,0.0,8.5,15.7,6.64,6.36
2021-06-28,0.9,3.6,11.0,5.83,7.84
2021-06-29,0.3,3.3,7.1,4.85,10.23
2021-06-30,0.4,4.4,11.7,4.01,7.25
2021-07-01,0.0,2.2,10.2,7.17,4.07
2021-07-02,0.0,-1.7,9.1,7.25,1.79
2021-07-03,0.0,-2.5,8.3,7.2,2.52
2021-07-04,0.0,-4.0,8.4,7.57,3.84
2021-07-05,0.0,-0.9,14.2,7.31,7.0
2021-07-06,2.2,7.1,15.7,4.77,8.98
2021-07-07,2.6,3.1,10.1,2.17,13.1
2021-07-08,0.7,0.3,10.2,6.14,6.21
2021-07-09,0.1,0.0,10.6,7.58,6.74
2021-07-10,0.0,1.7,9.7,7.6,8.16
2021-07-11,0.0,-0.5,8.4,7.48,7.62
2021-07-12,0.0,-2.1,7.8,7.83,3.19
2021-07-13,0.0,-0.6,9.3,7.58,2.84
2021-07-14,0.0,-2.3,10.7,7.95,5.61
2021-07-15,4.1,7.3,13.3,5.45,8.54
2021-07-16,29.1,7.1,13.5,4.86,6.47
2021-07-17,12.2,7.8,15.8,4.23,6.14
2021-07-18,3.3,7.3,10.1,2.39,5.67
2021-07-19,0.5,4.6,9.9,2.49,5.72
2021-07-20,0.0,0.3,10.0,8.07,4.56
2021-07-21,0.0,2.1,13.5,7.67,4.1
2021-07-22,7.3,5.0,8.6,1.79,7.78
2021-07-23,0.0,0.3,10.6,8.68,4.69
2021-07-24,0.0,-0.3,9.8,8.67,4.05
2021-07-25,0.1,0.3,13.1,8.27,8.28
2021-07-26,1.3,7.8,13.2,4.16,7.23
2021-07-27,4.7,2.7,11.5,5.48,7.38
2021-07-28,0.0,3.6,15.7,8.78,5.1
2021-07-29,0.0,1.5,10.5,9.09,4.07
2021-07-30,0.0,4.0,15.2,8.97,4.74
2021-07-31,0.0,2.8,12.7,9.05,4.74
2021-08-01,0.0,8.9,12.0,6.29,6.55
2021-08-02,0.1,8.5,12.1,6.92,7.1
2021-08-03,31.0,5.3,8.7,2.89,12.49
2021-08-04,0.0,2.3,9.5,10.29,5.31
2021-08-05,0.0,4.2,10.9,8.64,6.54
2021-08-06,2.1,4.5,8.5,2.25,7.03
2021-08-07,0.0,1.9,10.2,9.35,6.71
2021-08-08,8.5,2.7,5.1,1.76,6.93
2021-08-09,1.1,1.6,5.5,5.51,9.12
2021-08-10,0.0,3.8,12.4,10.98,5.22
2021-08-11,0.0,4.4,13.6,10.95,5.31
2021-08-12,0.2,4.7,16.5,7.49,10.13
2021-08-13,6.8,1.7,11.1,5.86,5.97
2021-08-14,2.8,1.8,13.4,8.47,6.89
2021-08-15,0.0,3.3,14.5,11.67,6.5
2021-08-16,4.5,3.7,14.8,11.42,6.13
2021-08-17,9.2,7.0,12.6,9.5,7.63
2021-08-18,1.4,0.6,10.2,10.45,5.6
2021-08-19,0.0,0.3,14.6,12.49,6.84
2021-08-20,2.9,2.5,9.1,8.93,8.12
2021-08-21,0.0,-0.2,11.2,13.16,5.72
2021-08-22,0.0,2.1,14.3,8.97,6.48
2021-08-23,0.0,5.1,17.6,12.08,6.17
2021-08-24,0.0,5.7,17.5,13.1,7.6
2021-08-25,0.0,9.6,17.1,13.3,7.19
2021-08-26,0.7,7.2,16.2,12.06,6.61
2021-08-27,5.3,7.9,10.1,3.18,3.81
2021-08-28,3.3,7.8,9.8,2.84,4.83
2021-08-29,3.5,7.2,10.9,5.19,4.59
2021-08-30,1.3,3.5,7.5,4.43,4.46
2021-08-31,0.0,0.4,8.7,11.7,5.47
2021-09-01,0.0,2.0,10.3,15.29,6.05
2021-09-02,0.6,1.9,11.5,6.88,6.2
2021-09-03,0.0,0.4,14.3,15.69,4.04
2021-09-04,0.0,6.3,15.4,15.88,11.15
2021-09-05,0.0,9.1,17.2,14.47,10.42
2021-09-06,0.0,4.3,14.8,11.92,7.8
2021-09-07,2.3,8.2,16.7,14.92,8.75
2021-09-08,5.5,1.5,8.8,8.16,4.92
2021-09-09,0.0,2.1,17.3,12.78,13.05
2021-09-10,15.0,6.6,16.6,10.59,11.39
2021-09-11,0.1,3.4,12.9,16.51,3.86
2021-09-12,0.0,3.1,16.7,12.18,6.72
2021-09-13,16.2,6.8,16.6,13.27,7.57
2021-09-14,8.6,3.5,7.9,11.91,6.58
2021-09-15,0.0,0.6,10.0,15.97,4.52
2021-09-16,0.1,0.4,10.2,12.13,4.85
2021-09-17,0.0,3.1,8.0,9.45,4.5
2021-09-18,0.0,1.5,9.6,14.79,6.44
2021-09-19,0.2,2.2,15.9,14.42,5.66
2021-09-20,0.0,5.8,16.2,18.55,5.27
2021-09-21,2.6,6.4,19.0,15.87,8.11
2021-09-22,0.0,8.0,13.4,14.84,6.05
2021-09-23,1.5,8.7,15.1,10.81,4.89
2021-09-24,0.0,8.0,18.6,19.9,10.78
2021-09-25,20.8,9.0,16.8,19.36,15.34
2021-09-26,5.6,3.8,8.7,10.97,5.02
2021-09-27,1.3,2.9,10.0,16.04,4.83
2021-09-28,0.0,-0.6,13.4,20.67,3.49
2021-09-29,0.0,2.6,17.2,20.33,7.64
2021-09-30,2.3,4.4,12.3,16.61,6.36
2021-10-01,0.0,3.7,14.5,21.34,6.43
2021-10-02,0.0,5.6,16.7,18.33,4.52
2021-10-03,0.0,8.1,15.8,13.42,6.42
2021-10-04,10.8,9.5,11.4,4.03,3.8
2021-10-05,1.1,9.7,14.2,14.76,8.17
2021-10-06,0.8,10.9,13.7,8.49,6.76
2021-10-07,0.5,9.8,20.4,17.46,5.55
2021-10-08,0.1,8.4,20.9,22.3,6.58
2021-10-09,2.8,9.0,14.4,17.72,6.79
2021-10-10,0.0,8.3,16.0,20.51,4.7
2021-10-11,5.0,5.7,16.2,11.12,7.76
2021-10-12,10.5,4.7,10.3,14.8,10.99
2021-10-13,14.1,5.0,8.3,6.94,12.06
2021-10-14,0.1,4.7,11.7,16.1,6.3
2021-10-15,0.0,0.1,14.1,22.56,5.31
2021-10-16,0.0,5.8,16.4,23.0,4.53
2021-10-17,0.9,8.6,21.5,18.03,9.09
2021-10-18,4.3,9.3,20.0,20.02,8.01
2021-10-19,2.2,6.4,19.5,20.67,8.22
2021-10-20,0.0,6.6,12.2,14.09,4.92
2021-10-21,0.2,4.7,13.9,19.15,4.66
2021-10-22,0.0,6.1,14.2,24.21,6.75
2021-10-23,0.0,7.7,13.9,23.35,7.61
2021-10-24,0.2,9.9,18.9,18.7,5.08
2021-10-25,0.0,10.5,21.0,21.61,3.11
2021-10-26,5.8,9.8,18.8,13.94,4.21
2021-10-27,0.8,11.4,19.0,18.61,4.91
2021-10-28,0.2,10.8,15.5,15.19,5.2
2021-10-29,6.7,11.6,17.1,16.36,6.48
2021-10-30,0.1,11.2,18.2,22.24,7.6
2021-10-31,5.5,10.2,19.7,25.46,7.17
2021-11-01,0.0,9.3,16.7,27.17,6.85
2021-11-02,0.0,9.0,12.4,6.81,5.87
2021-11-03,0.0,7.4,12.1,18.36,5.81
2021-11-04,0.0,6.5,12.4,21.52,7.35
2021-11-05,0.0,6.3,15.0,22.13,5.23
2021-11-06,0.2,5.9,14.1,18.09,6.16
2021-11-07,0.0,9.4,17.0,23.43,7.68
2021-11-08,0.0,11.7,18.1,23.73,5.15
2021-11-09,0.0,12.3,17.2,20.37,5.07
2021-11-10,0.0,10.3,20.7,22.88,5.47
2021-11-11,0.0,12.0,18.4,19.64,5.88
2021-11-12,0.0,12.1,24.3,20.78,7.43
2021-11-13,14.9,12.7,16.7,12.33,5.06
2021-11-14,8.9,10.6,16.5,14.0,4.17
2021-11-15,0.2,11.9,21.0,27.25,6.49
2021-11-16,0.6,11.3,16.7,29.13,13.23
2021-11-17,0.7,9.5,19.1,25.86,6.78
2021-11-18,2.0,9.7,15.4,21.23,5.77
2021-11-19,0.0,7.0,22.2,31.15,7.5
2021-11-20,0.0,12.0,22.6,26.84,6.74
2021-11-21,3.9,11.0,17.1,12.1,6.8
2021-11-22,0.9,11.5,15.3,14.81,6.88
2021-11-23,2.6,10.8,15.7,16.45,5.55
2021-11-24,0.0,10.7,18.6,29.05,5.83
2021-11-25,0.0,10.9,22.0,30.54,7.25
2021-11-26,0.0,13.7,23.1,30.78,7.79
2021-11-27,22.7,9.7,16.2,6.89,7.36
2021-11-28,12.1,9.6,14.5,10.0,6.71
2021-11-29,0.0,10.4,21.6,31.5,5.1
2021-11-30,0.5,13.3,17.9,14.9,6.12
2021-12-01,0.8,12.0,15.9,16.84,6.55
2021-12-02,0.0,12.3,16.9,19.26,8.32
2021-12-03,3.8,13.8,22.0,14.23,5.91
2021-12-04,0.0,15.4,24.8,22.65,6.06
2021-12-05,9.3,11.9,25.2,15.49,8.03
2021-12-06,2.7,9.8,11.3,5.05,7.94
2021-12-07,2.2,9.3,14.8,8.95,2.92
2021-12-08,0.2,8.4,19.4,29.29,6.75
2021-12-09,0.0,13.1,22.4,26.24,6.13
2021-12-10,1.6,13.6,17.4,13.7,6.71
2021-12-11,8.2,11.5,17.0,8.06,7.21
2021-12-12,0.8,10.6,14.1,12.94,5.08
2021-12-13,0.1,9.7,17.1,19.53,6.51
2021-12-14,1.5,11.2,16.7,12.95,4.34
2021-12-15,60.0,12.1,14.2,4.22,7.92
2021-12-16,6.8,11.4,14.7,10.35,10.1
2021-12-17,20.9,10.5,16.2,13.44,5.68
2021-12-18,1.5,7.3,22.0,30.35,7.67
2021-12-19,0.0,8.9,25.0,32.22,7.12
2021-12-20,2.1,15.2,23.2,27.39,12.9
2021-12-21,0.0,12.2,23.5,30.8,6.81
2021-12-22,0.0,14.6,26.0,31.92,7.19
2021-12-23,0.9,11.7,19.8,26.61,7.39
2021-12-24,0.4,10.9,18.0,24.38,6.75
2021-12-25,0.0,9.9,17.0,24.53,8.86
2021-12-26,0.0,8.4,24.0,32.3,8.26
2021-12-27,6.9,14.2,22.1,20.46,8.14
2021-12-28,19.2,12.4,14.8,7.9,5.0
2021-12-29,0.7,10.2,16.2,20.85,5.63
2021-12-30,12.5,9.5,22.7,26.37,4.6
2021-12-31,0.2,12.4,20.2,29.14,6.08
2022-01-01,0.0,14.2,24.1,31.91,7.26
2022-01-02,0.0,14.3,22.5,28.23,4.79
2022-01-03,0.0,15.5,24.1,26.32,5.03
2022-01-04,0.0,14.5,23.0,25.08,4.82
2022-01-05,0.1,14.5,24.0,30.26,5.77
2022-01-06,1.9,11.5,15.3,9.99,7.0
2022-01-07,0.0,10.9,17.3,21.76,5.22
2022-01-08,0.0,8.4,20.0,30.14,6.89
2022-01-09,0.2,13.6,26.4,25.52,6.78
2022-01-10,0.5,16.1,25.5,28.63,5.48
2022-01-11,1.2,14.1,26.2,26.4,7.4
2022-01-12,5.7,12.2,18.7,21.16,6.36
2022-01-13,0.0,10.0,16.4,19.96,6.09
2022-01-14,0.0,6.8,20.9,32.28,3.83
2022-01-15,0.0,9.4,18.9,30.23,5.95
2022-01-16,0.0,12.1,20.1,31.24,8.23
2022-01-17,0.0,14.7,21.2,30.2,6.37
2022-01-18,0.0,15.0,21.2,29.93,6.28
2022-01-19,14.2,12.9,27.3,23.63,9.35
2022-01-20,6.7,9.7,17.2,20.12,6.31
2022-01-21,0.1,9.0,20.2,25.72,4.49
2022-01-22,0.0,12.2,21.8,26.33,6.04
2022-01-23,9.2,13.3,15.6,8.3,4.65
2022-01-24,2.6,13.1,17.3,10.34,7.65
2022-01-25,0.0,12.6,22.7,23.01,4.16
2022-01-26,5.9,12.0,21.4,18.35,8.41
2022-01-27,4.0,10.2,16.4,25.23,9.93
2022-01-28,0.0,9.0,18.8,29.26,5.32
2022-01-29,0.0,12.2,25.7,29.84,6.87
2022-01-30,0.0,14.2,23.2,26.89,6.82
2022-01-31,0.0,14.9,20.6,28.38,8.99
2022-02-01,1.0,16.2,21.9,19.38,6.42
2022-02-02,1.7,16.9,25.9,12.21,8.03
2022-02-03,0.9,15.2,28.2,13.22,12.1
2022-02-04,24.9,13.2,16.6,9.67,6.0
2022-02-05,21.4,11.4,13.1,3.68,3.74
2022-02-06,3.3,9.7,15.5,11.01,3.41
2022-02-07,0.1,9.8,15.8,12.03,5.78
2022-02-08,0.1,12.9,18.2,13.7,3.97
2022-02-09,41.0,14.0,17.6,6.21,6.0
2022-02-10,36.1,16.4,25.8,18.13,5.76
2022-02-11,1.4,15.3,22.8,17.52,5.11
2022-02-12,23.8,12.4,18.1,4.36,8.04
2022-02-13,39.8,10.0,12.0,4.9,8.0
2022-02-14,0.1,9.8,17.3,16.39,6.08
2022-02-15,0.0,10.5,18.9,26.02,5.66
2022-02-16,0.5,12.0,20.0,21.14,7.66
2022-02-17,0.0,12.2,20.8,22.44,7.32
2022-02-18,0.0,10.4,26.0,26.88,7.22
2022-02-19,9.3,11.9,22.8,12.81,9.55
2022-02-20,0.0,8.6,19.0,24.42,5.66
2022-02-21,0.0,11.1,19.0,25.37,8.62
2022-02-22,2.8,11.1,26.6,25.52,6.6
2022-02-23,1.4,12.2,15.8,11.73,5.8
2022-02-24,0.0,9.8,16.9,23.82,6.31
2022-02-25,0.0,10.7,18.0,24.13,6.5
2022-02-26,0.7,9.5,18.8,12.47,9.82
2022-02-27,0.0,9.8,13.7,10.26,3.93
2022-02-28,0.0,6.1,16.9,22.05,4.12
2022-03-01,0.6,10.1,18.5,18.92,3.94
2022-03-02,2.2,7.8,14.5,11.28,6.68
2022-03-03,0.0,7.5,18.6,23.77,4.22
2022-03-04,0.0,10.0,18.9,20.49,4.2
2022-03-05,0.0,11.8,19.3,19.47,5.69
2022-03-06,0.0,12.9,26.2,22.04,7.85
2022-03-07,3.5,13.6,19.1,4.9,7.3
2022-03-08,0.0,12.9,19.8,21.93,7.17
2022-03-09,0.8,13.7,21.0,18.5,4.92
2022-03-10,0.0,14.7,19.1,14.41,7.02
2022-03-11,2.8,13.4,25.3,17.46,7.7
2022-03-12,0.0,14.9,23.9,18.67,7.73
2022-03-13,0.2,12.3,17.9,14.71,3.81
2022-03-14,0.0,10.5,17.2,19.52,5.75
2022-03-15,2.1,7.4,15.8,9.58,3.31
2022-03-16,1.4,10.2,14.9,6.96,4.43
2022-03-17,0.1,7.5,15.6,11.22,4.03
2022-03-18,0.0,6.2,16.2,15.24,4.82
2022-03-19,0.0,8.8,16.6,17.52,8.14
2022-03-20,0.1,10.9,18.6,15.2,3.91
2022-03-21,4.7,12.2,19.1,11.93,7.03
2022-03-22,18.9,15.4,19.6,6.89,8.36
2022-03-23,0.5,15.7,19.5,9.63,5.11
2022-03-24,2.4,14.0,21.8,13.45,9.0
2022-03-25,0.0,9.6,16.0,11.38,5.06
2022-03-26,0.0,7.7,19.6,16.96,5.73
2022-03-27,0.0,12.8,19.7,13.17,4.25
2022-03-28,0.0,10.1,17.1,16.92,7.26
2022-03-29,0.7,10.2,18.5,13.71,5.92
2022-03-30,0.1,11.8,18.1,11.24,4.56
2022-03-31,0.0,13.9,19.9,15.22,6.02
2022-04-01,5.8,11.8,15.2,3.79,7.52
2022-04-02,0.0,8.8,19.5,16.63,3.76
2022-04-03,0.0,12.3,19.6,15.57,3.96
2022-04-04,0.0,11.4,19.4,11.8,3.4
2022-04-05,0.0,9.3,21.7,9.67,7.36
2022-04-06,44.8,11.0,18.6,6.03,6.6
2022-04-07,0.0,5.8,13.0,12.52,8.99
2022-04-08,0.0,3.9,19.7,15.7,4.49
2022-04-09,0.0,9.9,17.0,14.57,3.89
2022-04-10,0.2,8.7,16.0,11.64,5.8
2022-04-11,0.0,5.3,21.1,15.27,7.43
2022-04-12,5.4,10.3,19.1,5.49,7.91
2022-04-13,1.4,6.8,15.3,10.67,2.97
2022-04-14,0.0,3.7,15.3,14.46,3.76
2022-04-15,0.0,6.4,15.7,13.96,5.28
2022-04-16,0.2,7.9,20.5,8.37,8.43
2022-04-17,0.7,10.8,13.5,6.58,5.91
2022-04-18,0.0,9.0,15.6,13.63,6.89
2022-04-19,0.0,6.2,17.8,11.4,2.98
2022-04-20,0.0,10.4,21.6,9.47,5.99
2022-04-21,0.0,14.3,24.6,9.2,8.49
2022-04-22,1.0,5.6,14.2,10.56,9.31
2022-04-23,0.0,4.6,16.1,12.67,4.61
2022-04-24,3.8,10.2,14.8,6.59,5.55
2022-04-25,0.3,8.0,18.1,12.21,7.09
2022-04-26,0.1,7.5,15.8,10.43,4.47
2022-04-27,0.4,7.5,15.4,9.39,5.39
2022-04-28,0.0,7.9,14.9,8.97,3.18
2022-04-29,0.0,7.4,14.8,10.82,4.37
2022-04-30,0.0,6.4,15.8,10.75,4.11
2022-05-01,0.0,8.5,20.7,9.57,5.83
2022-05-02,0.0,12.2,22.3,10.14,4.14
2022-05-03,1.1,9.3,19.4,9.79,3.18
2022-05-04,0.0,10.6,15.3,5.62,4.08
2022-05-05,0.0,8.9,16.9,9.48,5.0
2022-05-06,0.0,10.7,19.6,10.26,5.09
2022-05-07,0.0,6.2,18.7,9.82,6.22
2022-05-08,0.5,11.3,19.9,3.13,6.62
2022-05-09,10.0,11.5,15.7,4.8,4.48
2022-05-10,1.4,9.2,11.6,4.14,5.31
2022-05-11,0.0,5.7,12.8,9.55,2.75
2022-05-12,0.0,3.1,14.6,9.46,3.32
2022-05-13,0.0,2.4,13.4,9.3,4.74
2022-05-14,5.7,9.7,14.8,2.36,5.09
2022-05-15,12.4,9.6,11.4,1.52,4.48
2022-05-16,1.2,10.0,14.8,4.31,6.42
2022-05-17,0.0,8.8,19.9,7.45,5.08
2022-05-18,0.0,7.3,18.2,7.78,4.53
2022-05-19,0.9,8.5,17.0,5.68,7.85
2022-05-20,9.4,4.6,11.0,4.33,6.71
2022-05-21,0.1,2.6,13.7,8.73,8.29
2022-05-22,0.2,3.1,14.7,7.25,4.95
2022-05-23,0.0,3.9,13.2,8.51,3.93
2022-05-24,0.0,3.4,14.7,8.41,4.97
2022-05-25,0.7,7.2,15.4,7.83,6.36
2022-05-26,1.0,2.8,9.0,4.46,4.35
2022-05-27,0.0,1.0,11.9,7.88,3.58
2022-05-28,0.0,1.7,15.3,7.62,4.63
2022-05-29,0.0,5.5,13.2,7.59,3.55
2022-05-30,2.5,6.7,13.5,4.48,7.66
2022-05-31,0.3,12.2,19.7,5.76,7.23
2022-06-01,7.6,11.5,16.0,4.8,8.13
2022-06-02,0.0,9.8,16.3,5.59,6.74
2022-06-03,9.0,5.3,11.0,2.84,6.3
2022-06-04,0.0,1.4,11.3,7.53,4.65
2022-06-05,1.7,5.3,12.5,4.98,5.78
2022-06-06,0.3,4.2,15.2,7.01,3.86
2022-06-07,0.3,3.2,16.2,3.49,7.68
2022-06-08,0.0,9.2,15.0,4.8,5.82
2022-06-09,0.3,5.3,12.7,3.81,7.36
2022-06-10,9.0,6.7,12.4,6.67,10.57
2022-06-11,0.6,2.5,11.1,6.7,8.43
2022-06-12,2.7,2.7,11.8,3.7,9.91
2022-06-13,4.7,3.1,10.7,5.1,10.2
2022-06-14,0.0,1.9,14.9,6.29,7.28
2022-06-15,0.0,3.0,14.0,6.86,5.11
2022-06-16,0.0,2.2,14.1,5.15,8.32
2022-06-17,0.0,5.7,8.7,1.48,4.71
2022-06-18,0.0,1.6,8.7,3.8,4.95
2022-06-19,2.4,1.8,8.7,2.13,7.1
2022-06-20,3.0,5.8,7.3,1.97,5.69
2022-06-21,0.0,0.7,9.3,6.64,3.76
2022-06-22,0.0,-2.0,7.9,6.74,2.66
2022-06-23,0.0,-2.5,9.1,6.29,3.4
2022-06-24,0.0,1.5,11.6,6.67,3.86
2022-06-25,0.3,8.7,16.6,6.72,5.35
2022-06-26,0.1,3.8,15.1,6.86,4.34
2022-06-27,3.6,3.4,14.8,5.09,5.24
2022-06-28,18.5,5.4,8.5,1.16,5.41
2022-06-29,0.0,-0.5,10.0,5.83,3.65
2022-06-30,0.8,1.4,13.4,6.33,6.93
2022-07-01,1.2,0.2,10.3,7.21,6.69
2022-07-02,0.0,1.6,10.2,7.05,5.29
2022-07-03,0.4,5.4,13.7,6.81,5.4
2022-07-04,0.0,2.2,11.3,7.29,5.25
2022-07-05,0.0,5.4,14.0,5.54,4.92
2022-07-06,0.0,3.1,10.9,5.94,4.34
2022-07-07,0.2,3.8,8.6,2.8,5.0
2022-07-08,12.4,7.5,10.6,2.7,8.79
2022-07-09,16.3,5.6,11.7,1.47,9.09
2022-07-10,0.1,0.5,7.8,5.9,4.61
2022-07-11,1.0,-0.5,7.1,2.75,2.33
2022-07-12,53.0,5.9,9.0,0.34,10.11
2022-07-13,0.5,6.4,14.7,5.21,8.66
2022-07-14,0.2,3.9,10.9,7.19,4.8
2022-07-15,1.1,1.9,8.3,3.6,5.08
2022-07-16,0.0,-1.3,9.1,8.03,3.88
2022-07-17,0.0,-1.6,12.6,6.31,5.02
2022-07-18,1.1,6.7,15.9,6.26,9.11
2022-07-19,8.9,5.8,12.1,2.76,6.33
2022-07-20,6.4,5.0,8.2,1.64,8.22
2022-07-21,28.3,5.5,6.9,1.43,11.56
2022-07-22,0.4,3.6,8.9,5.46,4.61
2022-07-23,0.0,1.9,8.8,7.19,4.03
2022-07-24,0.0,2.2,9.1,4.8,2.56
2022-07-25,12.6,3.4,7.7,1.89,5.3
2022-07-26,76.6,5.4,9.0,1.0,4.27
2022-07-27,0.3,3.7,11.3,4.68,7.52
2022-07-28,9.8,4.0,8.9,3.32,3.28
2022-07-29,0.8,3.7,10.9,6.27,4.63
2022-07-30,20.1,0.7,7.6,2.53,6.01
2022-07-31,11.4,1.4,9.7,8.04,7.89
2022-08-01,0.0,0.3,11.4,9.69,5.69
2022-08-02,6.4,7.1,16.4,6.99,6.69
2022-08-03,0.0,8.2,15.0,9.81,14.33
2022-08-04,0.0,3.3,14.8,8.8,7.11
2022-08-05,0.0,4.1,14.8,4.97,9.48
2022-08-06,16.0,9.5,14.5,4.65,7.87
2022-08-07,8.2,3.8,15.5,8.02,10.32
2022-08-08,2.4,3.0,6.2,5.48,5.2
2022-08-09,0.1,2.6,6.2,5.0,4.02
2022-08-10,0.0,-1.8,7.5,11.16,4.1
2022-08-11,0.6,1.0,7.5,7.39,6.3
2022-08-12,0.0,-2.9,8.5,11.39,3.01
2022-08-13,0.0,1.1,11.4,11.35,3.81
2022-08-14,0.0,-0.1,14.2,11.76,6.38
2022-08-15,0.0,0.4,9.8,7.35,6.82
2022-08-16,2.4,6.0,16.9,7.05,6.2
2022-08-17,1.9,10.6,15.7,4.92,5.8
2022-08-18,7.7,8.9,14.5,4.86,5.59
2022-08-19,0.8,8.8,15.4,5.41,6.17
2022-08-20,3.7,8.7,15.2,9.05,5.06
2022-08-21,8.6,8.6,16.6,7.72,4.44
2022-08-22,0.0,5.2,12.0,10.57,4.88
2022-08-23,0.0,6.5,12.6,12.03,5.62
2022-08-24,0.5,5.6,17.7,11.02,5.73
2022-08-25,5.7,6.8,10.2,4.17,6.44
2022-08-26,3.7,7.8,10.1,5.32,6.33
2022-08-27,0.0,1.3,11.8,10.85,3.79
2022-08-28,0.9,4.5,11.1,8.53,3.41
2022-08-29,0.0,4.9,11.1,11.19,6.8
2022-08-30,0.0,-0.5,14.7,14.09,3.92
2022-08-31,0.0,4.7,16.7,14.08,5.6
2022-09-01,0.0,8.1,19.7,13.04,4.81
2022-09-02,3.1,9.8,18.3,8.58,5.62
2022-09-03,1.8,6.7,17.0,13.95,6.93
2022-09-04,0.5,3.2,14.8,14.32,8.08
2022-09-05,1.3,2.4,9.6,11.14,7.55
2022-09-06,1.2,0.1,8.4,15.2,5.73
2022-09-07,0.2,-0.4,13.1,13.89,3.75
2022-09-08,1.0,4.0,12.0,12.05,3.26
2022-09-09,0.0,1.1,11.8,13.93,4.88
2022-09-10,0.0,3.8,12.4,15.2,6.69
2022-09-11,2.8,7.6,10.8,5.28,7.72
2022-09-12,1.2,5.9,14.1,7.74,4.49
2022-09-13,5.3,4.9,13.6,16.42,8.49
2022-09-14,0.9,2.0,8.9,11.15,8.56
2022-09-15,0.0,-2.3,15.0,18.23,5.89
2022-09-16,0.1,4.3,8.7,5.32,5.76
2022-09-17,0.0,0.3,13.7,17.65,4.36
2022-09-18,0.0,2.0,12.8,16.87,5.72
2022-09-19,1.6,5.6,18.8,13.27,7.07
2022-09-20,0.2,7.2,18.9,12.74,4.75
2022-09-21,0.3,8.0,11.8,7.85,5.61
2022-09-22,0.2,5.2,13.7,13.92,4.71
2022-09-23,0.0,4.5,12.0,13.07,4.97
2022-09-24,0.0,6.5,14.1,11.96,6.4
2022-09-25,0.6,6.5,13.3,11.96,6.98
2022-09-26,0.0,7.9,13.3,16.32,7.43
2022-09-27,0.0,6.2,19.6,16.34,4.43
2022-09-28,4.3,10.0,15.7,12.75,5.43
2022-09-29,4.4,8.8,21.8,14.57,8.75
2022-09-30,6.8,4.1,8.4,5.07,5.63
2022-10-01,0.0,1.4,9.9,10.4,5.6
2022-10-02,0.1,5.9,11.0,12.43,5.19
2022-10-03,0.1,3.2,14.3,13.35,8.31
2022-10-04,0.0,5.2,18.6,20.6,7.74
2022-10-05,11.9,1.9,8.8,10.16,9.3
2022-10-06,0.4,1.0,8.8,20.43,10.18
2022-10-07,0.0,4.1,11.8,19.67,6.71
2022-10-08,0.0,1.3,16.7,23.3,5.87
2022-10-09,0.0,7.0,19.7,22.69,8.32
2022-10-10,0.2,10.3,19.8,20.09,7.11
2022-10-11,2.6,8.7,17.1,19.29,12.52
2022-10-12,0.0,7.8,11.6,11.13,5.46
2022-10-13,1.0,5.1,13.7,14.54,4.33
2022-10-14,0.3,2.8,11.2,17.03,6.26
2022-10-15,0.0,5.0,12.6,22.84,8.54
2022-10-16,0.3,2.2,19.9,22.24,4.14
2022-10-17,0.4,6.6,14.4,16.83,5.59
2022-10-18,3.2,7.0,15.8,21.45,6.18
2022-10-19,0.2,3.8,14.7,22.96,5.88
2022-10-20,0.6,6.3,19.1,25.28,8.37
2022-10-21,0.4,3.1,11.0,16.08,8.03
2022-10-22,0.0,1.3,14.2,25.97,4.79
2022-10-23,0.0,5.3,22.7,26.56,8.36
2022-10-24,1.5,7.2,19.0,15.08,9.54
2022-10-25,0.4,5.9,10.9,17.98,6.08
2022-10-26,0.0,3.7,21.5,21.18,4.33
2022-10-27,1.6,8.6,13.3,11.03,6.13
2022-10-28,3.4,10.2,18.6,13.57,7.56
2022-10-29,1.5,15.0,22.1,14.37,6.62
2022-10-30,0.0,12.8,22.4,24.42,7.29
2022-10-31,5.6,11.6,21.3,21.29,5.09
2022-11-01,0.0,9.4,21.4,26.49,7.73
2022-11-02,3.0,14.2,24.7,19.82,9.8
2022-11-03,2.8,13.4,21.8,23.33,10.33
2022-11-04,0.0,10.1,20.6,27.86,7.22
2022-11-05,0.5,7.6,15.2,22.33,6.13
2022-11-06,0.0,10.0,14.5,19.14,5.83
2022-11-07,0.0,8.1,19.4,27.62,4.44
2022-11-08,0.8,8.6,17.9,24.0,5.8
2022-11-09,0.0,7.7,23.1,29.17,6.83
2022-11-10,0.0,8.5,13.5,13.05,5.3
2022-11-11,0.3,7.1,14.8,19.11,10.38
2022-11-12,1.9,10.6,23.9,24.61,6.08
2022-11-13,0.2,9.5,19.6,27.96,5.39
2022-11-14,0.1,11.7,16.3,20.93,7.92
2022-11-15,0.0,10.6,21.1,29.4,6.17
2022-11-16,1.7,11.6,21.4,23.51,5.45
2022-11-17,2.8,12.7,19.9,15.67,4.4
2022-11-18,8.8,12.6,16.8,10.81,5.71
2022-11-19,52.8,13.0,15.2,5.38,7.52
2022-11-20,0.9,11.7,18.1,20.65,5.65
2022-11-21,1.7,10.4,23.0,21.28,7.35
2022-11-22,0.5,11.1,21.3,20.65,8.41
2022-11-23,0.3,10.6,21.0,30.05,8.2
2022-11-24,1.5,8.4,17.6,24.13,9.71
2022-11-25,4.3,6.1,15.9,25.58,4.39
2022-11-26,12.3,9.2,17.7,26.29,3.74
2022-11-27,27.0,9.4,12.0,6.08,5.1
2022-11-28,0.0,6.4,17.0,29.05,6.11
2022-11-29,0.1,10.4,22.5,25.11,5.59
2022-11-30,11.4,11.4,18.7,18.69,7.88
2022-12-01,5.5,10.6,18.2,24.97,5.95
2022-12-02,4.1,9.2,13.4,11.2,6.28
2022-12-03,0.6,8.7,16.1,23.48,4.31
2022-12-04,0.0,7.6,24.6,31.46,5.54
2022-12-05,0.1,8.2,17.3,22.81,7.38
2022-12-06,0.3,10.6,19.3,25.28,7.4
2022-12-07,0.0,9.9,13.9,15.96,6.95
2022-12-08,0.0,10.1,17.5,27.94,8.39
2022-12-09,1.1,9.7,20.8,17.39,6.96
2022-12-10,0.0,14.0,24.1,27.8,7.04
2022-12-11,8.5,12.3,21.3,22.42,4.92
2022-12-12,0.2,11.2,20.6,23.46,5.35
2022-12-13,0.0,13.6,19.6,29.02,8.55
2022-12-14,0.0,11.0,26.1,29.6,5.24
2022-12-15,1.4,13.9,18.5,13.15,4.48
2022-12-16,1.4,13.5,24.7,21.41,4.95
2022-12-17,1.7,14.6,21.4,25.65,4.94
2022-12-18,11.7,11.9,15.1,5.88,6.31
2022-12-19,3.3,11.4,16.8,16.42,5.37
2022-12-20,7.0,11.9,14.0,6.27,3.71
2022-12-21,0.6,10.5,16.1,21.38,6.26
2022-12-22,0.2,10.8,16.0,16.94,6.11
2022-12-23,0.6,12.5,18.0,20.71,5.24
2022-12-24,1.5,12.2,20.1,23.44,5.37
2022-12-25,0.1,13.7,21.4,28.71,5.73
2022-12-26,0.0,14.9,21.0,27.53,5.5
2022-12-27,1.8,14.3,18.9,11.74,5.32
2022-12-28,0.0,12.2,20.1,29.6,7.45
2022-12-29,0.0,11.5,29.8,33.45,6.74
2022-12-30,0.3,10.5,18.1,9.89,8.57
2022-12-31,0.0,6.5,18.6,30.1,5.26
2023-01-01,0.0,8.4,18.0,24.8,5.42
2023-01-02,0.0,10.1,18.7,32.05,8.23
2023-01-03,0.0,13.1,22.3,29.48,7.56
2023-01-04,0.3,14.1,22.5,30.22,8.19
2023-01-05,2.2,16.3,23.9,22.82,6.86
2023-01-06,12.5,15.2,28.4,27.06,5.42
2023-01-07,17.1,12.4,16.6,5.79,6.85
2023-01-08,0.0,11.0,17.6,27.46,5.29
2023-01-09,0.0,9.8,18.2,32.32,7.91
2023-01-10,0.3,12.8,18.8,24.07,9.04
2023-01-11,1.3,12.9,20.2,20.05,7.16
2023-01-12,0.8,12.3,17.2,18.61,6.69
2023-01-13,0.0,11.8,19.8,26.28,5.48
2023-01-14,0.0,9.7,20.0,24.52,3.94
2023-01-15,0.0,12.3,20.5,31.47,7.11
2023-01-16,0.0,13.2,22.1,30.03,5.63
2023-01-17,0.2,13.8,19.5,16.88,7.43
2023-01-18,0.2,14.7,20.8,20.65,6.22
2023-01-19,0.0,14.2,21.8,30.3,8.23
2023-01-20,0.8,13.0,28.3,28.1,8.05
2023-01-21,0.1,14.6,19.1,14.29,5.96
2023-01-22,0.1,10.8,21.7,26.86,6.9
2023-01-23,1.5,13.3,17.7,12.28,3.71
2023-01-24,1.1,12.2,16.9,11.98,5.06
2023-01-25,0.0,13.5,21.1,23.86,8.35
2023-01-26,0.7,12.8,26.7,26.08,5.74
2023-01-27,11.1,14.5,27.9,26.27,8.71
2023-01-28,2.9,12.2,17.0,13.37,4.66
2023-01-29,0.0,11.8,23.6,19.41,5.42
2023-01-30,0.6,16.4,23.2,25.48,5.25
2023-01-31,0.0,13.6,22.7,23.39,6.52
2023-02-01,0.4,17.3,22.7,13.93,7.12
2023-02-02,0.8,17.4,27.8,21.02,7.08
2023-02-03,1.1,19.1,30.0,26.69,6.99
2023-02-04,0.0,19.4,30.3,27.57,5.41
2023-02-05,5.0,18.9,25.8,8.65,9.77
2023-02-06,0.0,15.9,26.5,21.73,6.2
2023-02-07,0.0,12.4,26.8,28.44,7.07
2023-02-08,2.1,13.3,21.5,21.26,6.08
2023-02-09,5.6,12.6,18.7,20.18,5.92
2023-02-10,0.8,11.9,19.7,21.15,6.09
2023-02-11,1.4,13.3,21.1,21.63,3.99
2023-02-12,0.0,12.7,20.4,26.86,7.92
2023-02-13,0.7,13.3,20.7,22.15,7.38
2023-02-14,5.6,13.5,18.6,11.36,5.26
2023-02-15,28.6,13.6,15.4,5.32,8.96
2023-02-16,5.1,13.2,17.6,20.42,8.37
2023-02-17,0.8,13.0,18.0,17.66,5.75
2023-02-18,0.0,10.8,20.4,24.83,6.31
2023-02-19,0.0,12.0,27.2,24.02,6.54
2023-02-20,0.0,12.4,24.1,24.56,6.19
2023-02-21,0.0,16.8,28.3,25.13,6.04
2023-02-22,30.6,9.9,16.9,4.11,6.7
2023-02-23,7.8,9.2,12.6,11.15,6.38
2023-02-24,1.4,8.1,13.8,13.27,4.8
2023-02-25,0.0,6.9,17.0,19.95,5.9
2023-02-26,2.8,10.9,18.5,11.84,4.32
2023-02-27,0.8,13.2,20.0,17.32,3.45
2023-02-28,0.1,11.3,19.9,18.86,4.25
2023-03-01,0.0,11.8,21.1,21.78,7.19
2023-03-02,0.0,15.8,27.8,21.46,4.48
2023-03-03,15.9,13.4,23.6,18.32,4.97
2023-03-04,2.8,12.9,17.6,11.82,6.44
2023-03-05,30.3,10.8,12.6,2.82,5.0
2023-03-06,0.5,8.3,17.9,19.63,4.78
2023-03-07,0.0,7.6,18.4,21.2,5.65
2023-03-08,0.0,10.8,26.0,16.76,6.02
2023-03-09,5.0,14.1,23.8,8.17,6.93
2023-03-10,3.4,12.0,19.7,19.33,5.41
2023-03-11,0.0,10.5,21.7,20.17,4.61
2023-03-12,0.0,13.2,23.3,20.92,6.45
2023-03-13,8.3,8.0,19.1,9.02,9.54
2023-03-14,0.0,6.9,18.6,21.22,2.85
2023-03-15,0.0,9.2,18.7,19.41,7.26
2023-03-16,7.1,9.3,23.3,18.21,7.77
2023-03-17,3.7,13.9,24.2,13.12,9.94
2023-03-18,1.4,11.3,18.3,20.12,6.28
2023-03-19,0.0,10.8,20.5,19.94,5.99
2023-03-20,6.5,12.1,21.3,8.08,9.28
2023-03-21,13.6,7.7,16.8,6.99,12.66
2023-03-22,4.0,7.5,12.8,8.24,10.2
2023-03-23,0.3,7.7,15.8,14.77,4.92
2023-03-24,0.0,8.4,17.1,18.09,5.75
2023-03-25,0.1,10.8,22.3,13.19,5.98
2023-03-26,0.2,12.1,17.4,10.34,6.03
2023-03-27,0.0,7.8,20.8,18.1,6.93
2023-03-28,11.0,5.2,17.2,3.82,9.2
2023-03-29,9.4,4.4,10.4,10.49,8.43
2023-03-30,0.0,7.4,12.2,8.97,7.96
2023-03-31,0.0,7.8,17.3,14.45,5.54
2023-04-01,4.5,9.2,23.5,12.0,6.3
2023-04-02,0.2,11.9,21.2,12.08,8.38
2023-04-03,0.8,6.7,14.7,10.47,4.54
2023-04-04,0.0,5.3,18.8,15.86,3.8
2023-04-05,0.0,6.4,21.1,14.92,6.7
2023-04-06,8.3,9.3,15.2,7.75,5.79
2023-04-07,0.4,8.6,12.9,10.12,4.85
2023-04-08,0.0,5.8,13.0,10.04,6.72
2023-04-09,0.1,8.3,16.7,14.22,8.15
2023-04-10,0.1,10.6,19.2,10.85,6.82
2023-04-11,7.8,12.3,18.2,8.53,5.92
2023-04-12,1.6,10.8,16.3,9.67,4.79
2023-04-13,7.6,12.0,16.0,4.37,4.0
2023-04-14,0.5,10.6,14.2,8.06,4.62
2023-04-15,0.4,10.5,14.8,9.69,8.02
2023-04-16,0.0,8.5,17.0,14.22,6.37
2023-04-17,0.0,9.2,18.3,13.62,6.2
2023-04-18,7.3,10.8,21.5,6.5,3.42
2023-04-19,5.5,9.2,16.2,9.46,4.86
2023-04-20,0.0,11.2,16.8,12.27,4.99
2023-04-21,29.6,12.0,13.6,2.15,3.1
2023-04-22,0.9,11.4,17.4,8.85,2.92
2023-04-23,1.0,9.9,20.7,12.07,6.28
2023-04-24,12.7,5.6,13.3,11.28,8.73
2023-04-25,0.0,2.3,19.0,12.26,8.01
2023-04-26,4.1,9.1,15.4,6.49,8.91
2023-04-27,0.0,3.3,15.7,11.95,2.69
2023-04-28,0.0,6.2,15.1,11.69,6.54
2023-04-29,0.0,6.9,16.5,10.75,4.03
2023-04-30,0.0,9.0,17.3,9.81,3.56
2023-05-01,0.0,8.5,16.2,6.31,3.5
2023-05-02,0.0,12.0,21.9,9.05,6.89
2023-05-03,0.0,14.8,21.2,3.43,8.76
2023-05-04,0.0,12.1,20.0,7.48,4.59
2023-05-05,7.9,12.1,15.3,4.67,7.92
2023-05-06,1.8,12.6,20.7,7.15,4.74
2023-05-07,9.9,10.7,15.5,3.8,4.07
2023-05-08,0.0,11.8,22.6,8.58,6.3
2023-05-09,3.4,14.2,19.4,1.86,8.27
2023-05-10,8.9,5.3,13.6,4.56,6.3
2023-05-11,3.3,4.2,9.5,8.15,10.48
2023-05-12,0.2,5.6,14.3,7.51,5.29
2023-05-13,0.0,3.8,12.8,8.88,4.8
2023-05-14,6.9,3.1,13.2,6.04,5.15
2023-05-15,17.9,3.9,11.5,3.84,6.9
2023-05-16,0.0,2.9,11.9,8.5,4.7
2023-05-17,0.0,3.6,17.2,8.74,3.7
2023-05-18,1.9,7.7,10.9,1.86,2.87
2023-05-19,5.2,9.4,11.1,1.83,3.64
2023-05-20,1.2,9.2,11.0,1.91,7.08
2023-05-21,4.6,7.1,11.8,6.17,7.89
2023-05-22,0.0,1.5,13.7,8.17,3.22
2023-05-23,0.0,3.5,14.3,8.09,3.4
2023-05-24,0.1,4.4,12.0,5.41,6.21
2023-05-25,0.0,3.2,14.2,8.16,4.08
2023-05-26,0.5,7.7,16.3,3.0,8.43
2023-05-27,0.4,9.4,18.2,6.09,6.13
2023-05-28,0.0,7.8,17.9,7.42,4.53
2023-05-29,1.3,10.7,16.8,4.48,7.91
2023-05-30,0.1,10.1,16.0,5.37,6.37
2023-05-31,0.0,7.5,15.5,7.6,6.64
2023-06-01,0.1,7.8,18.7,5.94,5.52
2023-06-02,0.9,7.3,14.6,7.84,8.52
2023-06-03,0.0,3.5,11.7,7.52,6.58
2023-06-04,16.0,1.5,13.0,1.47,7.79
2023-06-05,1.4,5.7,8.0,2.25,6.55
2023-06-06,0.2,5.4,9.8,3.26,4.6
2023-06-07,0.0,0.8,10.6,6.97,4.69
2023-06-08,0.0,1.4,9.9,7.48,3.41
2023-06-09,0.0,2.1,9.4,5.49,3.55
2023-06-10,0.0,-0.2,11.3,6.57,5.17
2023-06-11,0.0,-3.2,10.2,6.35,3.71
2023-06-12,0.0,1.9,12.5,6.13,4.1
2023-06-13,0.0,2.3,11.4,4.09,3.92
2023-06-14,0.0,0.5,10.3,6.78,4.52
2023-06-15,0.0,2.4,11.1,6.88,4.55
2023-06-16,0.0,4.7,11.3,6.71,7.2
2023-06-17,0.9,2.2,10.7,2.66,3.03
2023-06-18,8.5,9.0,11.7,2.21,6.31
2023-06-19,11.8,10.6,12.2,1.85,7.99
2023-06-20,0.0,7.7,12.1,4.99,6.48
2023-06-21,0.0,5.3,11.1,5.3,2.84
2023-06-22,0.6,7.7,12.0,1.38,4.88
2023-06-23,1.1,11.1,14.1,4.17,5.02
2023-06-24,2.6,11.7,13.6,4.28,8.01
2023-06-25,0.0,6.8,12.8,3.84,4.53
2023-06-26,2.6,6.8,14.1,2.22,5.73
2023-06-27,10.7,6.0,11.6,2.53,8.15
2023-06-28,1.9,5.5,10.5,4.1,7.18
2023-06-29,0.1,5.5,12.7,6.29,4.26
2023-06-30,1.4,3.8,9.2,4.51,3.7
2023-07-01,1.5,-0.5,8.9,6.39,5.25
2023-07-02,0.0,0.4,8.5,6.66,8.14
2023-07-03,15.6,1.5,9.5,5.34,8.95
2023-07-04,0.0,1.9,14.1,7.14,6.0
2023-07-05,0.0,2.9,12.8,7.37,3.31
2023-07-06,0.2,1.3,9.3,4.9,4.36
2023-07-07,0.0,2.1,9.4,6.31,6.91
2023-07-08,3.5,3.4,10.2,2.98,5.26
2023-07-09,14.0,6.6,11.8,2.42,7.51
2023-07-10,0.0,3.5,10.8,5.86,2.43
2023-07-11,0.0,4.4,11.1,5.91,4.85
2023-07-12,3.3,1.3,9.3,2.69,9.08
2023-07-13,0.0,1.3,10.8,6.3,4.61
2023-07-14,1.1,3.3,14.4,7.34,8.09
2023-07-15,0.0,4.6,14.0,7.66,3.98
2023-07-16,9.2,4.6,13.0,3.69,6.45
2023-07-17,0.0,2.5,14.8,7.82,5.66
2023-07-18,0.0,8.7,16.3,7.05,7.7
2023-07-19,0.0,7.7,14.9,7.89,5.69
2023-07-20,1.2,5.5,10.6,1.62,6.36
2023-07-21,0.4,3.0,8.5,6.36,5.54
2023-07-22,36.2,2.0,6.3,2.33,11.67
2023-07-23,57.9,3.2,10.0,0.84,11.54
2023-07-24,4.8,6.5,10.7,3.61,6.71
2023-07-25,1.4,2.7,12.2,8.13,8.08
2023-07-26,0.0,0.4,9.5,8.21,7.11
2023-07-27,1.7,1.6,11.1,7.92,8.96
2023-07-28,1.0,2.9,9.8,7.28,8.74
2023-07-29,0.0,-0.9,9.1,8.73,2.86
2023-07-30,0.0,-1.0,10.0,9.18,3.94
2023-07-31,0.0,2.0,15.5,8.87,7.04
2023-08-01,6.9,6.1,14.7,8.24,12.74
2023-08-02,2.5,4.5,8.6,8.51,10.18
2023-08-03,0.0,4.2,8.6,3.36,7.81
2023-08-04,0.1,1.8,12.5,9.69,8.88
2023-08-05,0.1,4.7,9.2,4.87,4.74
2023-08-06,0.3,2.2,11.6,9.34,3.72
2023-08-07,3.9,3.8,15.2,9.28,5.27
2023-08-08,0.4,1.8,9.3,9.95,3.91
2023-08-09,4.2,-0.3,11.0,9.51,6.45
2023-08-10,0.2,0.4,6.9,5.65,8.52
2023-08-11,0.0,-2.0,8.8,10.12,3.11
2023-08-12,0.0,-2.2,10.3,10.79,2.62
2023-08-13,0.0,2.9,15.6,10.17,5.02
2023-08-14,0.0,2.4,11.9,10.87,6.02
2023-08-15,0.0,2.3,12.3,11.19,5.05
2023-08-16,3.7,0.7,8.0,5.21,6.5
2023-08-17,0.0,2.3,10.6,10.28,4.63
2023-08-18,0.0,-0.7,13.5,11.84,3.32
2023-08-19,0.8,0.2,10.2,4.73,8.8
2023-08-20,0.0,4.1,15.6,11.21,7.38
2023-08-21,7.3,5.7,11.3,9.94,9.31
2023-08-22,0.0,2.1,10.3,10.97,4.09
2023-08-23,0.0,0.7,10.9,13.02,4.38
2023-08-24,0.0,3.2,11.5,11.33,3.89
2023-08-25,0.0,1.4,11.2,12.86,4.88
2023-08-26,0.0,2.5,12.7,12.85,4.39
2023-08-27,1.2,4.5,8.8,5.83,8.13
2023-08-28,0.1,1.3,9.3,13.54,5.52
2023-08-29,0.0,-0.2,15.7,12.99,4.29
2023-08-30,0.0,1.6,15.9,14.36,4.85
2023-08-31,0.0,4.9,16.5,14.63,5.69
2023-09-01,0.0,7.5,17.7,14.6,5.52
2023-09-02,0.4,6.1,13.7,9.86,5.91
2023-09-03,0.5,6.8,11.8,8.04,5.45
2023-09-04,0.5,8.0,11.7,9.7,6.24
2023-09-05,0.4,8.4,12.5,10.55,5.63
2023-09-06,0.0,9.7,18.7,10.57,8.11
2023-09-07,0.0,8.6,19.3,14.63,10.91
2023-09-08,0.0,3.2,14.3,15.62,5.19
2023-09-09,0.0,6.0,17.6,15.97,4.52
2023-09-10,0.0,7.1,19.2,14.9,7.24
2023-09-11,4.9,7.4,17.7,9.86,8.01
2023-09-12,0.0,4.6,14.6,16.55,7.65
2023-09-13,0.0,2.9,14.9,17.33,4.59
2023-09-14,0.0,6.9,16.2,8.89,11.1
2023-09-15,0.5,3.5,12.1,14.97,9.32
2023-09-16,0.0,2.7,15.8,10.64,8.63
2023-09-17,1.1,12.0,19.9,10.17,12.88
2023-09-18,0.0,9.1,15.9,17.83,9.73
2023-09-19,0.1,8.4,18.3,17.57,8.35
2023-09-20,0.1,11.6,20.7,13.44,7.86
2023-09-21,0.0,13.6,19.7,12.86,9.3
2023-09-22,27.6,4.7,14.0,5.26,7.62
2023-09-23,8.1,4.7,9.5,5.3,5.63
2023-09-24,4.4,4.9,9.4,7.33,3.18
2023-09-25,0.2,3.7,9.2,12.42,4.17
2023-09-26,0.4,5.0,10.6,12.05,6.31
2023-09-27,13.3,6.5,7.5,3.24,8.16
2023-09-28,7.1,5.9,12.7,14.89,6.71
2023-09-29,0.1,2.9,17.1,17.25,6.8
2023-09-30,9.9,3.1,10.8,20.37,10.48
2023-10-01,0.0,1.6,17.1,19.09,10.88
2023-10-02,1.5,7.1,18.1,17.88,15.26
2023-10-03,0.0,5.3,11.3,17.15,11.08
2023-10-04,0.0,2.1,22.0,20.64,5.56
2023-10-05,0.0,9.7,18.3,21.19,5.75
2023-10-06,0.0,7.9,20.7,15.17,6.4
2023-10-07,2.7,7.1,14.5,5.19,7.1
2023-10-08,0.0,4.5,13.9,20.62,5.4
2023-10-09,0.0,4.3,19.4,22.2,8.03
2023-10-10,5.3,6.6,13.6,14.07,8.15
2023-10-11,1.1,4.5,16.5,23.07,7.53
2023-10-12,0.0,8.2,20.6,22.39,8.07
2023-10-13,0.0,5.5,20.4,20.32,8.66
2023-10-14,1.4,8.4,16.8,18.49,15.94
2023-10-15,3.6,6.0,16.2,17.73,11.45
2023-10-16,0.0,7.9,16.9,23.4,7.39
2023-10-17,23.6,6.2,10.7,7.12,8.7
2023-10-18,0.0,2.6,17.3,24.94,3.91
2023-10-19,0.0,6.6,16.6,25.29,4.91
2023-10-20,0.3,8.2,15.7,18.57,6.78
2023-10-21,1.0,7.4,14.7,11.59,5.87
2023-10-22,2.5,5.6,11.0,7.7,4.1
2023-10-23,0.0,4.6,15.2,25.78,6.17
2023-10-24,0.9,7.2,19.6,19.71,6.16
2023-10-25,0.0,11.3,22.7,23.04,5.99
2023-10-26,8.1,11.3,19.6,14.02,16.34
2023-10-27,2.6,3.3,11.0,20.2,7.79
2023-10-28,0.0,1.5,15.1,24.25,3.09
2023-10-29,0.0,5.6,14.6,26.61,8.29
2023-10-30,0.0,7.5,15.1,26.93,7.87
2023-10-31,0.0,9.8,17.8,24.16,8.52
2023-11-01,0.0,10.8,21.3,23.93,4.36
2023-11-02,3.8,9.8,17.7,18.62,4.37
2023-11-03,5.2,8.5,15.7,10.71,4.21
2023-11-04,8.7,9.7,18.1,25.4,5.55
2023-11-05,15.3,8.0,11.7,8.75,7.72
2023-11-06,0.3,5.5,12.4,15.64,4.06
2023-11-07,0.1,3.7,14.2,22.69,4.53
2023-11-08,0.3,6.5,13.1,10.81,5.41
2023-11-09,0.5,5.7,13.6,18.05,5.93
2023-11-10,0.0,7.0,14.6,21.56,3.41
2023-11-11,0.0,5.6,16.4,28.96,5.69
2023-11-12,0.0,8.0,23.2,29.47,7.07
2023-11-13,0.0,13.7,23.1,28.08,9.13
2023-11-14,0.0,12.6,22.9,24.43,8.44
2023-11-15,0.3,7.7,17.8,24.62,7.0
2023-11-16,0.0,10.1,21.3,29.69,8.43
2023-11-17,2.1,8.5,19.3,12.23,9.4
2023-11-18,0.0,4.3,15.6,30.27,7.43
2023-11-19,6.1,8.8,17.6,22.17,3.72
2023-11-20,6.8,10.3,16.6,24.49,7.62
2023-11-21,0.0,8.9,16.4,31.39,7.75
2023-11-22,0.0,11.7,19.2,28.0,6.46
2023-11-23,7.3,10.3,24.8,26.96,8.68
2023-11-24,12.6,7.3,11.4,23.2,10.79
2023-11-25,0.5,6.3,12.9,19.57,4.69
2023-11-26,0.0,3.5,17.5,31.93,3.86
2023-11-27,0.0,6.4,17.5,28.42,6.51
2023-11-28,11.4,10.2,23.3,22.63,10.84
2023-11-29,0.8,9.3,14.6,16.2,6.05
2023-11-30,7.2,6.9,15.9,19.21,5.2
2023-12-01,2.1,8.9,14.6,20.39,5.92
2023-12-02,0.4,9.4,18.4,20.08,7.02
2023-12-03,2.1,11.3,25.6,25.57,9.9
2023-12-04,0.8,10.1,12.4,8.7,3.57
2023-12-05,0.0,10.7,15.2,19.55,9.0
2023-12-06,0.0,10.1,22.5,30.52,8.88
2023-12-07,1.1,10.5,17.6,28.21,8.01
2023-12-08,0.1,11.6,18.4,27.48,6.22
2023-12-09,0.2,8.7,22.2,27.41,9.57
2023-12-10,1.9,10.2,16.4,14.71,9.48
2023-12-11,0.0,6.1,22.5,33.18,7.76
2023-12-12,8.2,9.1,13.6,18.68,7.32
2023-12-13,0.9,8.1,17.4,18.94,7.24
2023-12-14,0.2,9.2,18.0,23.35,5.49
2023-12-15,0.2,9.1,23.2,23.82,8.5
2023-12-16,0.0,13.1,21.2,22.3,6.93
2023-12-17,6.1,13.2,25.8,21.63,7.39
2023-12-18,0.9,12.4,17.5,30.07,6.13
2023-12-19,0.0,12.3,20.3,29.73,7.21
2023-12-20,0.0,11.5,26.7,32.5,4.92
2023-12-21,0.0,12.2,25.1,26.37,7.8
2023-12-22,0.0,11.6,17.6,18.37,6.5
2023-12-23,2.3,14.1,19.9,11.55,3.92
2023-12-24,0.3,14.8,25.4,24.81,5.7
2023-12-25,0.3,14.2,25.2,20.91,6.37
2023-12-26,5.8,12.6,19.4,17.91,7.71
2023-12-27,0.3,11.7,15.7,15.73,5.7
2023-12-28,0.0,12.5,17.9,23.88,9.39
2023-12-29,5.3,14.3,27.6,26.05,7.25
2023-12-30,0.8,14.9,25.7,32.5,8.77
2023-12-31,5.6,10.7,22.7,30.07,7.28
2024-01-01,1.0,10.3,18.9,31.19,7.82
2024-01-02,0.1,8.8,22.8,30.74,5.17
2024-01-03,1.7,14.3,19.2,22.28,6.84
2024-01-04,0.0,12.5,23.0,28.75,7.85
2024-01-05,9.4,11.2,18.7,7.72,6.21
2024-01-06,2.0,10.7,17.9,22.21,5.28
2024-01-07,0.0,9.5,23.5,31.34,6.45
2024-01-08,0.0,13.4,27.1,31.4,6.56
2024-01-09,0.0,13.1,23.6,28.65,6.55
2024-01-10,0.2,15.0,19.9,26.88,10.65
2024-01-11,0.0,15.5,27.9,30.97,8.89
2024-01-12,0.0,14.0,21.8,31.63,9.05
2024-01-13,0.0,14.3,28.5,31.46,9.86
2024-01-14,0.0,18.9,26.4,24.86,11.84
2024-01-15,8.9,11.9,15.3,13.88,6.14
2024-01-16,0.2,11.3,18.7,23.12,7.1
2024-01-17,0.0,11.5,25.6,28.35,7.64
2024-01-18,5.4,13.7,19.0,14.98,7.74
2024-01-19,0.0,17.7,29.2,23.34,9.02
2024-01-20,0.0,18.3,28.2,29.04,8.64
2024-01-21,0.1,14.4,25.3,28.5,5.52
2024-01-22,2.3,16.0,28.5,22.45,4.48
2024-01-23,11.2,9.2,20.5,9.62,10.17
2024-01-24,1.0,7.8,16.8,27.24,5.85
2024-01-25,0.2,8.4,19.1,28.62,10.19
2024-01-26,0.0,9.6,24.1,26.89,7.99
2024-01-27,3.2,15.9,26.0,30.44,11.56
2024-01-28,1.6,14.7,25.1,23.18,6.52
2024-01-29,0.1,12.0,20.2,26.66,7.85
2024-01-30,0.0,9.3,22.0,29.68,4.62
2024-01-31,0.8,11.9,20.5,29.62,8.27
2024-02-01,0.6,14.0,22.2,20.0,6.22
2024-02-02,1.1,10.1,22.1,17.39,8.66
2024-02-03,3.1,7.9,17.3,21.07,8.75
2024-02-04,0.0,6.3,25.0,28.63,8.59
2024-02-05,0.0,14.4,30.8,28.15,9.27
2024-02-06,0.0,17.5,30.0,17.83,6.74
2024-02-07,0.0,15.9,23.8,25.64,7.4
2024-02-08,2.0,14.7,19.3,9.62,5.54
2024-02-09,0.3,13.3,18.7,19.96,8.01
2024-02-10,13.1,10.6,22.2,19.66,9.85
2024-02-11,3.0,8.1,14.4,18.77,8.44
2024-02-12,0.0,6.1,18.4,23.76,5.65
2024-02-13,0.0,11.3,20.8,27.07,4.67
2024-02-14,0.0,12.2,26.0,27.76,9.83
2024-02-15,0.0,14.7,25.2,17.4,9.12
2024-02-16,0.0,13.2,19.6,14.98,5.52
2024-02-17,0.2,14.0,20.7,17.06,4.99
2024-02-18,0.0,11.5,22.1,25.97,8.44
2024-02-19,0.9,13.5,25.4,18.62,10.23
2024-02-20,5.6,10.2,18.3,23.25,6.5
2024-02-21,0.0,7.3,19.8,24.05,6.26
2024-02-22,0.0,10.3,20.8,23.56,5.39
2024-02-23,0.0,11.3,23.6,23.44,5.72
2024-02-24,1.3,12.1,24.3,10.29,8.58
2024-02-25,0.8,12.7,20.4,15.63,6.9
2024-02-26,0.0,11.0,21.7,23.17,4.52
2024-02-27,2.3,14.3,18.9,9.98,6.45
2024-02-28,1.5,11.5,16.6,9.35,5.9
2024-02-29,0.0,11.2,20.1,18.83,5.99
2024-03-01,0.0,10.3,21.9,23.01,5.46
2024-03-02,3.3,14.6,27.0,22.05,8.64
2024-03-03,0.3,13.6,21.0,16.68,9.81
2024-03-04,1.3,12.1,20.7,19.55,14.52
2024-03-05,0.0,8.6,16.4,14.44,8.13
2024-03-06,0.0,7.4,17.2,19.75,6.19
2024-03-07,0.0,8.7,23.1,22.05,9.66
2024-03-08,0.0,11.1,19.0,19.18,8.01
2024-03-09,0.0,9.8,18.8,17.85,8.0
2024-03-10,0.0,8.8,25.0,22.04,6.96
2024-03-11,2.9,12.2,20.9,12.04,7.52
2024-03-12,0.2,11.8,19.3,16.05,7.21
2024-03-13,0.9,10.6,18.3,8.37,8.73
2024-03-14,0.0,9.0,21.7,20.5,4.94
2024-03-15,11.3,6.8,14.5,8.71,9.65
2024-03-16,0.0,4.2,16.4,18.91,4.74
2024-03-17,0.0,9.1,16.5,14.01,6.45
2024-03-18,2.2,9.5,16.1,14.59,6.07
2024-03-19,0.4,7.4,14.4,13.58,5.65
2024-03-20,0.0,6.1,15.3,20.0,8.14
2024-03-21,0.0,6.5,19.7,19.5,5.0
2024-03-22,0.0,7.9,18.9,16.17,6.22
2024-03-23,0.0,6.7,17.2,14.31,3.76
2024-03-24,0.1,9.4,17.9,14.25,6.72
2024-03-25,0.0,13.5,22.3,13.81,9.05
2024-03-26,0.2,11.8,19.1,14.74,7.91
2024-03-27,7.1,8.3,18.3,7.95,10.72
2024-03-28,5.3,5.5,16.0,9.17,8.2
2024-03-29,0.1,4.1,13.7,14.39,8.29
2024-03-30,0.5,9.4,14.6,7.59,6.41
2024-03-31,0.0,9.2,14.3,9.63,3.75
2024-04-01,0.0,8.7,16.4,13.49,4.36
2024-04-02,0.0,8.1,15.8,8.77,5.02
2024-04-03,0.0,7.4,22.0,15.89,7.86
2024-04-04,6.2,10.8,15.9,7.99,7.97
2024-04-05,2.1,8.1,13.6,5.84,3.81
2024-04-06,0.0,6.4,16.4,12.95,3.23
2024-04-07,0.0,8.3,17.2,15.83,6.48
2024-04-08,0.0,7.9,18.6,14.63,7.43
2024-04-09,5.4,9.8,22.5,10.86,7.6
2024-04-10,6.0,17.0,24.0,7.3,6.06
2024-04-11,1.2,13.0,22.4,3.36,8.8
2024-04-12,3.6,9.6,12.4,3.61,8.34
2024-04-13,1.2,9.4,12.0,2.96,4.33
2024-04-14,0.0,8.3,15.4,11.11,3.61
2024-04-15,0.0,8.3,15.6,12.96,4.08
2024-04-16,0.0,7.9,19.8,13.65,3.67
2024-04-17,0.2,7.3,15.8,8.22,4.83
2024-04-18,0.0,6.7,19.7,13.92,6.31
2024-04-19,0.0,8.9,18.9,9.57,5.82
2024-04-20,0.0,7.9,15.6,11.75,4.36
2024-04-21,0.0,6.6,16.2,12.6,5.7
2024-04-22,0.2,8.2,13.8,8.49,8.02
2024-04-23,0.0,4.1,16.5,12.56,4.07
2024-04-24,0.0,9.2,21.1,12.35,6.58
2024-04-25,2.1,10.8,20.2,8.46,7.87
2024-04-26,1.7,4.1,14.1,11.37,8.63
2024-04-27,0.0,3.1,17.7,11.85,4.62
2024-04-28,0.0,5.6,17.0,11.51,3.8
2024-04-29,0.0,6.9,17.2,11.38,4.14
2024-04-30,0.0,9.2,20.5,11.22,6.18
2024-05-01,8.2,8.4,11.3,1.68,6.5
2024-05-02,0.1,5.4,13.1,10.73,5.46
2024-05-03,0.0,4.6,14.5,8.94,5.26
2024-05-04,0.0,4.1,13.9,8.34,3.99
2024-05-05,0.0,5.1,15.0,10.45,3.7
2024-05-06,0.1,5.3,13.1,7.02,9.45
2024-05-07,0.0,2.1,12.3,10.12,3.2
2024-05-08,2.4,2.3,13.2,10.17,10.48
2024-05-09,0.6,-0.6,8.5,7.92,6.66
2024-05-10,0.1,-1.7,14.1,6.77,7.44
2024-05-11,0.0,3.6,10.4,7.64,4.12
2024-05-12,0.0,3.0,14.2,9.53,3.81
2024-05-13,0.0,3.0,11.2,3.86,3.44
2024-05-14,0.0,1.3,13.7,9.12,3.47
2024-05-15,0.0,3.2,15.6,8.47,2.73
2024-05-16,0.0,2.8,16.6,7.95,10.53
2024-05-17,0.0,2.5,14.6,8.94,4.81
2024-05-18,1.3,5.8,17.0,7.68,8.98
2024-05-19,0.0,5.3,10.7,3.73,4.69
2024-05-20,0.0,4.7,10.2,2.56,3.56
2024-05-21,11.4,7.8,10.2,1.28,4.8
2024-05-22,1.9,5.5,10.2,3.81,5.28
2024-05-23,0.0,2.5,10.6,7.06,5.52
2024-05-24,1.0,0.8,9.0,2.71,5.1
2024-05-25,0.0,1.5,14.2,7.94,4.73
2024-05-26,0.1,3.4,11.8,8.04,6.17
2024-05-27,0.0,-0.4,11.4,8.08,2.76
2024-05-28,0.0,1.4,11.0,7.5,3.72
2024-05-29,3.7,0.4,10.8,2.98,7.88
2024-05-30,1.6,1.0,12.0,6.85,4.69
2024-05-31,0.0,8.6,17.5,7.08,7.38
2024-06-01,2.0,8.8,18.2,5.0,7.7
2024-06-02,0.0,5.3,12.1,7.06,6.94
2024-06-03,0.0,2.8,12.8,7.56,6.08
2024-06-04,0.0,1.9,15.2,7.4,3.18
2024-06-05,0.0,3.1,12.4,6.87,5.24
2024-06-06,0.0,3.4,16.8,7.03,5.15
2024-06-07,0.0,1.8,14.9,7.13,2.47
2024-06-08,0.0,3.8,11.6,6.12,7.16
2024-06-09,1.0,3.8,14.0,3.45,5.66
2024-06-10,2.2,6.3,13.9,1.96,8.07
2024-06-11,1.3,1.0,9.1,5.94,5.19
2024-06-12,0.0,-1.4,8.7,6.98,5.59
2024-06-13,2.0,4.9,9.8,3.4,5.16
2024-06-14,15.9,6.9,10.1,3.12,5.9
2024-06-15,3.9,5.6,11.9,4.17,6.71
2024-06-16,1.6,1.3,12.4,4.89,5.59
2024-06-17,1.3,5.2,9.4,2.28,5.44
2024-06-18,1.2,4.2,10.0,2.53,4.59
2024-06-19,6.6,3.8,8.5,3.28,4.72
2024-06-20,2.8,7.3,10.1,3.98,7.32
2024-06-21,0.0,4.9,10.9,7.02,6.14
2024-06-22,0.0,1.6,12.0,6.61,3.31
2024-06-23,10.5,4.3,7.7,1.2,3.69
2024-06-24,2.0,5.6,11.2,4.4,2.89
2024-06-25,4.6,8.0,11.3,2.89,3.64
2024-06-26,3.1,5.3,10.6,4.03,3.68
2024-06-27,0.3,5.1,10.1,6.69,5.73
2024-06-28,0.3,1.3,11.6,6.15,2.86
2024-06-29,0.0,4.7,12.2,6.75,4.04
2024-06-30,0.0,0.0,9.9,6.82,4.69
2024-07-01,8.3,6.7,13.1,2.01,9.82
2024-07-02,5.2,6.3,9.1,2.37,10.26
2024-07-03,1.5,5.6,7.2,1.89,8.35
2024-07-04,0.0,0.1,9.6,7.14,3.54
2024-07-05,0.0,0.5,9.0,7.43,4.04
2024-07-06,1.0,1.5,9.9,5.5,5.1
2024-07-07,0.0,0.9,13.3,7.18,5.78
2024-07-08,0.0,1.9,12.3,7.3,3.09
2024-07-09,0.0,1.5,10.3,7.57,4.17
2024-07-10,0.0,-0.1,8.1,6.07,4.49
2024-07-11,0.0,0.4,10.7,7.62,3.14
2024-07-12,0.0,3.8,7.8,5.44,2.47
2024-07-13,0.0,4.0,8.8,6.33,4.24
2024-07-14,0.5,4.2,10.0,5.27,6.08
2024-07-15,0.0,3.5,10.0,5.73,4.38
2024-07-16,0.8,3.5,10.8,5.75,3.47
2024-07-17,0.0,3.0,9.4,5.21,1.97
2024-07-18,0.0,6.4,11.2,6.4,3.86
2024-07-19,0.0,5.1,10.9,6.87,4.18
2024-07-20,0.4,4.6,11.5,2.88,4.74
2024-07-21,0.0,2.8,10.5,7.25,5.55
2024-07-22,0.5,6.3,9.9,2.64,9.12
2024-07-23,0.0,3.9,10.2,8.38,6.24
2024-07-24,0.0,1.4,14.8,8.65,4.46
2024-07-25,0.0,5.3,14.2,8.7,5.24
2024-07-26,0.0,3.6,15.8,8.73,4.0
2024-07-27,0.0,7.9,17.7,8.68,5.24
2024-07-28,3.4,5.4,14.3,4.73,5.32
2024-07-29,1.1,5.9,12.9,3.01,5.2
2024-07-30,15.8,5.1,8.0,1.05,8.37
2024-07-31,1.2,3.0,6.5,3.77,5.61
2024-08-01,0.0,2.8,6.1,2.99,4.92
2024-08-02,0.0,1.7,9.5,8.18,4.13
2024-08-03,0.0,-2.0,8.8,10.12,2.98
2024-08-04,0.0,-1.8,8.6,9.8,3.11
2024-08-05,0.0,-0.6,13.5,9.82,3.69
2024-08-06,0.0,1.6,13.9,10.43,3.47
2024-08-07,0.1,-0.2,13.3,10.67,3.23
2024-08-08,14.0,5.2,9.3,2.03,7.31
2024-08-09,1.9,3.6,8.4,2.17,6.39
2024-08-10,0.0,0.6,9.7,9.35,3.72
2024-08-11,0.0,1.9,14.6,11.01,5.87
2024-08-12,5.7,4.5,12.8,7.15,11.93
2024-08-13,0.0,2.9,10.7,11.02,4.89
2024-08-14,0.0,1.4,13.0,11.78,3.62
2024-08-15,0.1,3.8,15.9,8.09,7.51
2024-08-16,1.1,6.8,14.0,6.48,8.77
2024-08-17,1.5,6.8,13.6,10.21,4.1
2024-08-18,43.2,3.0,10.2,0.81,8.38
2024-08-19,0.6,0.6,8.1,9.61,9.44
2024-08-20,0.0,-1.6,10.2,12.63,6.3
2024-08-21,0.0,1.5,12.7,12.81,5.78
2024-08-22,0.1,0.4,14.9,12.28,5.61
2024-08-23,1.7,7.7,15.3,7.96,7.61
2024-08-24,0.0,6.9,17.1,12.93,8.01
2024-08-25,4.0,8.2,15.2,7.39,8.0
2024-08-26,0.7,6.9,9.2,4.08,6.3
2024-08-27,0.0,7.1,17.9,11.15,5.33
2024-08-28,0.0,7.2,15.8,13.67,5.95
2024-08-29,0.4,8.0,16.0,12.93,12.59
2024-08-30,0.0,4.4,15.0,14.15,7.49
2024-08-31,0.8,9.6,17.6,7.93,8.45
2024-09-01,0.0,8.1,17.6,13.92,8.41
2024-09-02,0.0,7.9,19.3,14.75,8.25
2024-09-03,5.9,7.5,17.0,9.63,8.66
2024-09-04,1.9,5.6,11.8,12.59,4.4
2024-09-05,0.0,2.1,14.3,15.71,4.1
2024-09-06,0.3,4.8,19.2,12.56,5.14
2024-09-07,4.1,6.7,21.4,11.01,7.72
2024-09-08,0.1,6.9,15.8,15.44,7.78
2024-09-09,0.2,8.6,16.7,13.18,8.04
2024-09-10,12.0,5.1,16.3,14.5,7.92
2024-09-11,0.5,1.9,14.3,16.96,4.9
2024-09-12,0.0,7.0,17.1,12.84,10.55
2024-09-13,19.9,6.9,8.2,2.92,5.81
2024-09-14,0.8,6.3,10.0,5.88,4.57
2024-09-15,0.6,5.5,11.4,10.54,6.4
2024-09-16,0.6,2.8,10.7,14.61,5.73
2024-09-17,11.0,2.0,8.0,14.41,7.93
2024-09-18,0.0,-0.4,14.4,18.23,7.0
2024-09-19,0.5,8.3,15.6,13.7,7.43
2024-09-20,0.7,3.3,15.6,19.0,5.08
2024-09-21,0.0,2.6,14.7,18.42,5.33
2024-09-22,0.0,4.2,16.9,17.17,6.89
2024-09-23,5.9,6.7,18.3,13.94,7.77
2024-09-24,4.7,4.4,16.3,17.68,9.68
2024-09-25,0.0,2.6,12.5,19.64,7.42
2024-09-26,5.6,4.6,17.4,14.51,8.5
2024-09-27,1.9,3.1,12.1,19.79,7.28
2024-09-28,0.0,2.7,14.1,19.81,4.66
2024-09-29,0.0,6.1,16.0,19.93,5.22
2024-09-30,0.0,4.5,14.6,21.32,7.74
2024-10-01,0.0,9.5,18.9,17.81,6.04
2024-10-02,2.6,9.1,16.7,6.93,8.22
2024-10-03,11.8,8.1,11.6,5.89,7.75
2024-10-04,2.5,7.9,15.6,13.62,5.49
2024-10-05,0.0,7.7,15.5,19.34,5.85
2024-10-06,0.0,7.1,18.5,18.72,5.54
2024-10-07,3.1,6.4,18.1,17.77,5.24
2024-10-08,2.8,7.0,18.9,18.36,7.99
2024-10-09,2.0,5.9,16.1,19.75,8.35
2024-10-10,0.0,4.8,13.2,21.39,7.6
2024-10-11,0.0,2.9,19.6,23.67,5.19
2024-10-12,0.0,7.9,19.9,21.01,7.19
2024-10-13,4.7,5.6,10.2,12.16,6.04
2024-10-14,0.1,4.8,13.3,17.24,4.69
2024-10-15,0.2,4.2,9.7,8.18,7.12
2024-10-16,0.0,1.9,13.8,21.81,4.5
2024-10-17,0.0,3.5,12.9,23.89,6.35
2024-10-18,1.6,7.4,17.3,20.11,4.16
2024-10-19,0.1,9.1,15.9,19.65,5.46
2024-10-20,0.0,6.8,19.2,22.46,5.1
2024-10-21,0.0,11.6,21.2,22.38,4.79
2024-10-22,0.3,9.3,17.7,19.12,5.45
2024-10-23,0.0,8.4,24.7,24.77,8.39
2024-10-24,2.2,13.6,20.3,12.79,9.12
2024-10-25,10.0,10.7,22.1,20.67,6.59
2024-10-26,46.3,5.8,10.3,6.44,8.68
2024-10-27,5.5,7.4,15.8,20.11,5.63
2024-10-28,2.0,6.8,15.1,23.43,6.21
2024-10-29,7.1,6.5,16.2,17.86,5.31
2024-10-30,2.4,7.1,16.0,22.82,4.59
2024-10-31,0.0,7.2,18.8,23.66,6.51
2024-11-01,0.0,9.3,20.3,17.11,7.89
2024-11-02,2.7,6.6,17.9,26.25,10.29
2024-11-03,0.0,3.0,12.7,25.87,6.86
2024-11-04,0.0,3.6,20.5,27.87,7.13
2024-11-05,0.2,11.8,20.3,18.45,8.17
2024-11-06,0.2,10.4,16.7,24.99,7.41
2024-11-07,0.0,11.8,23.3,26.74,7.97
2024-11-08,0.2,15.7,22.3,14.41,8.1
2024-11-09,2.1,12.2,23.9,16.43,8.89
2024-11-10,0.0,11.1,16.9,24.22,7.35
2024-11-11,0.0,10.8,17.3,21.65,9.17
2024-11-12,0.0,7.9,16.4,28.93,6.61
2024-11-13,0.5,10.7,17.4,22.59,8.37
2024-11-14,7.4,11.3,17.8,11.09,7.81
2024-11-15,2.5,10.5,17.3,11.58,6.76
2024-11-16,3.7,7.2,12.2,23.09,10.12
2024-11-17,0.0,4.6,14.1,31.05,6.69
2024-11-18,0.0,8.1,17.2,30.54,7.86
2024-11-19,0.0,7.5,21.9,26.36,8.0
2024-11-20,3.9,11.5,17.1,23.91,6.96
2024-11-21,5.7,7.6,13.1,26.02,8.47
2024-11-22,1.3,6.6,15.4,27.41,5.93
2024-11-23,2.7,9.7,13.4,16.71,5.99
2024-11-24,0.1,7.5,17.5,27.38,5.32
2024-11-25,0.0,11.2,21.8,31.0,5.88
2024-11-26,0.0,11.4,19.1,26.54,7.48
2024-11-27,0.0,11.9,19.6,29.31,5.74
2024-11-28,0.0,12.1,24.7,29.01,12.26
2024-11-29,0.1,11.2,17.8,20.01,6.32
2024-11-30,0.5,11.2,15.7,15.38,5.86
2024-12-01,0.0,8.8,24.7,31.67,6.47
2024-12-02,0.0,9.6,18.9,27.69,4.73
2024-12-03,0.0,12.7,26.7,20.51,9.31
2024-12-04,0.0,12.7,26.5,25.42,9.07
2024-12-05,0.0,15.6,25.3,31.81,7.2
2024-12-06,0.0,12.4,20.8,25.29,5.55
2024-12-07,0.2,12.9,23.8,28.88,5.69
2024-12-08,1.4,12.7,24.1,16.79,18.03
2024-12-09,0.0,13.9,23.2,32.31,14.72
2024-12-10,0.0,11.3,23.2,29.4,6.38
2024-12-11,0.0,12.4,24.9,31.19,8.66
2024-12-12,0.0,11.2,26.1,31.71,6.51
2024-12-13,0.0,13.2,21.1,27.73,7.0
2024-12-14,0.7,13.2,27.3,25.58,7.85
2024-12-15,0.8,13.9,21.3,23.97,5.35
2024-12-16,9.5,9.1,17.1,11.92,8.78
2024-12-17,0.0,8.0,15.9,27.03,5.56
2024-12-18,0.0,8.2,16.1,34.37,8.18
2024-12-19,3.2,9.2,15.9,8.87,4.67
2024-12-20,10.1,12.5,15.5,6.99,5.39
2024-12-21,1.3,10.6,22.3,26.83,6.87
2024-12-22,4.4,12.0,25.1,26.65,3.73
2024-12-23,2.0,14.1,24.0,26.42,2.91
2024-12-24,0.0,13.9,21.5,24.88,6.21
2024-12-25,0.0,14.7,21.3,22.26,3.63
2024-12-26,18.7,12.7,18.5,9.81,7.91
2024-12-27,0.6,9.1,15.9,23.12,7.81
2024-12-28,0.0,7.1,18.4,32.72,8.24
2024-12-29,5.0,13.2,25.1,14.59,5.94
2024-12-30,9.6,11.7,15.5,10.56,9.72
2024-12-31,29.8,10.9,13.4,7.81,9.48
2025-01-01,1.9,11.5,15.3,11.63,6.42
2025-01-02,0.0,10.0,19.8,29.68,5.93
2025-01-03,18.6,11.0,17.4,12.92,9.44
2025-01-04,1.6,10.8,16.3,21.67,8.63
2025-01-05,0.5,9.2,13.8,13.19,11.66
2025-01-06,0.0,8.9,15.8,21.25,8.1
2025-01-07,4.4,6.5,18.6,32.13,7.11
2025-01-08,10.0,8.7,14.5,15.63,8.29
2025-01-09,3.7,7.0,16.8,17.43,5.29
2025-01-10,0.2,9.9,19.4,27.18,4.34
2025-01-11,1.3,10.0,16.0,19.32,7.63
2025-01-12,0.3,9.0,14.3,19.7,7.52
2025-01-13,0.0,8.8,17.0,25.85,4.61
2025-01-14,0.3,6.9,17.3,24.43,4.29
2025-01-15,0.0,10.7,17.3,19.75,3.92
2025-01-16,0.1,9.4,17.8,26.62,4.97
2025-01-17,0.0,9.7,18.4,21.83,5.48
2025-01-18,0.0,12.5,18.6,25.6,6.56
2025-01-19,0.4,10.1,16.8,17.87,6.15
2025-01-20,0.0,10.6,20.0,31.17,4.7
2025-01-21,0.0,11.2,20.2,29.79,6.39
2025-01-22,0.0,11.6,20.6,30.13,9.13
2025-01-23,3.2,12.6,24.5,25.34,8.57
2025-01-24,1.1,12.1,17.7,15.52,7.3
2025-01-25,1.2,12.8,21.2,13.85,6.06
2025-01-26,21.6,13.9,24.4,21.67,9.22
2025-01-27,9.1,10.4,17.0,25.22,8.23
2025-01-28,0.0,9.0,22.1,30.12,6.1
2025-01-29,1.1,14.6,26.0,20.94,8.8
2025-01-30,0.0,13.8,18.1,24.24,7.29
2025-01-31,0.3,11.4,20.9,22.21,5.21
2025-02-01,0.2,13.5,22.8,22.04,3.22
2025-02-02,4.4,13.4,18.7,16.53,5.32
2025-02-03,0.0,12.4,23.1,28.14,4.35
2025-02-04,0.1,13.0,17.1,13.13,4.15
2025-02-05,0.0,10.6,19.6,28.67,5.06
2025-02-06,0.0,11.8,19.5,18.3,5.53
2025-02-07,0.1,12.8,17.2,16.15,5.88
2025-02-08,0.0,12.4,21.4,27.18,6.13
2025-02-09,0.2,14.1,25.2,20.43,8.75
2025-02-10,1.3,13.8,18.1,11.28,3.73
2025-02-11,1.0,11.6,17.3,12.19,3.59
2025-02-12,0.0,9.2,20.8,23.45,4.55
2025-02-13,0.0,12.5,20.0,25.97,5.5
2025-02-14,0.0,12.8,20.5,24.94,7.31
2025-02-15,0.0,14.4,23.4,25.75,6.76
2025-02-16,0.0,14.1,24.6,24.78,7.75
2025-02-17,3.7,12.9,22.4,23.69,8.82
2025-02-18,9.8,16.1,23.2,20.65,6.35
2025-02-19,0.1,13.9,26.5,18.98,7.52
2025-02-20,0.0,12.7,25.7,25.03,8.37
2025-02-21,9.1,11.3,16.9,14.53,6.2
2025-02-22,0.0,10.0,19.7,24.93,5.76
2025-02-23,1.4,13.3,18.3,14.95,5.34
2025-02-24,0.0,11.4,20.1,24.84,6.27
2025-02-25,0.0,13.7,23.9,16.02,7.14
2025-02-26,0.0,13.1,18.3,14.63,6.19
2025-02-27,0.2,10.8,20.0,17.98,5.5
2025-02-28,0.6,14.3,19.4,18.18,8.59
2025-03-01,0.0,12.5,27.4,23.42,6.27
2025-03-02,0.0,14.4,27.5,22.69,5.66
2025-03-03,11.5,14.3,22.5,11.3,7.78
2025-03-04,2.7,11.2,15.7,8.99,8.12
2025-03-05,2.5,8.9,14.0,14.44,8.35
2025-03-06,0.0,4.3,16.1,23.35,3.78
2025-03-07,0.1,7.1,20.0,22.07,3.28
2025-03-08,3.2,11.5,18.5,13.53,5.07
2025-03-09,0.1,9.2,18.4,19.35,6.39
2025-03-10,0.0,10.6,19.9,21.68,6.61
2025-03-11,0.3,11.3,23.4,18.91,7.24
2025-03-12,13.7,11.0,14.6,6.56,9.28
2025-03-13,0.0,9.6,17.5,20.4,5.37
2025-03-14,0.0,8.7,18.2,20.93,4.31
2025-03-15,0.6,13.0,25.7,18.68,6.11
2025-03-16,0.0,12.0,26.6,20.6,7.37
2025-03-17,0.0,15.5,28.1,16.71,10.4
2025-03-18,41.5,10.1,21.1,3.24,11.1
2025-03-19,5.6,9.7,15.9,9.31,10.94
2025-03-20,0.0,10.3,18.5,16.62,4.42
2025-03-21,0.0,11.2,18.0,19.67,8.31
2025-03-22,0.0,10.3,20.0,18.79,4.27
2025-03-23,1.2,12.3,22.5,14.96,4.95
2025-03-24,3.7,11.9,16.9,11.46,5.3
2025-03-25,0.5,10.1,17.9,14.17,4.77
2025-03-26,0.0,10.9,18.5,17.94,6.12
2025-03-27,10.5,11.8,20.6,11.2,5.07
2025-03-28,0.9,9.6,18.5,16.19,4.22
2025-03-29,0.0,10.4,18.2,17.46,6.47
2025-03-30,0.0,10.9,19.9,12.0,7.8
2025-03-31,0.0,12.0,17.0,12.47,6.55
2025-04-01,0.5,11.2,18.4,11.06,4.2
2025-04-02,7.9,13.4,15.3,3.91,7.31
2025-04-03,43.8,13.9,17.4,3.48,8.93
2025-04-04,6.0,14.5,25.8,15.35,6.47
2025-04-05,0.8,12.3,16.2,8.82,6.02
2025-04-06,0.0,9.1,18.8,12.14,3.48
2025-04-07,0.0,8.7,22.4,15.02,7.28
2025-04-08,4.3,8.0,14.3,10.57,13.26
2025-04-09,0.0,5.0,17.0,15.57,3.53
2025-04-10,0.0,6.5,18.0,15.33,4.12
2025-04-11,0.0,7.1,20.4,15.13,6.38
2025-04-12,0.0,11.3,20.1,14.14,5.57
2025-04-13,0.0,10.1,17.2,14.46,7.55
2025-04-14,1.7,10.2,19.3,8.5,9.19
2025-04-15,0.6,8.7,11.9,4.54,4.56
2025-04-16,0.0,10.6,13.0,5.57,6.82
2025-04-17,4.8,11.4,15.1,5.16,9.0
2025-04-18,7.0,14.3,16.3,3.77,6.85
2025-04-19,0.0,13.3,18.7,8.52,4.82
2025-04-20,19.6,12.3,17.8,2.42,7.71
2025-04-21,28.7,10.8,12.3,2.33,7.72
2025-04-22,0.0,7.9,15.5,10.29,4.66
2025-04-23,0.7,5.3,11.8,6.62,7.99
2025-04-24,0.0,3.3,13.3,12.31,4.4
2025-04-25,0.0,5.9,16.3,12.32,4.32
2025-04-26,0.0,8.4,18.3,12.01,4.29
2025-04-27,0.0,9.4,19.7,11.63,4.33
2025-04-28,0.0,8.4,22.0,10.99,7.32
2025-04-29,4.9,11.2,15.0,5.12,6.31
2025-04-30,50.3,9.2,12.1,0.9,10.38
2025-05-01,62.4,7.9,9.1,0.82,10.99
2025-05-02,5.5,6.9,11.5,5.28,9.13
2025-05-03,0.0,3.8,15.3,10.04,5.1
2025-05-04,0.0,5.6,11.9,4.69,4.57
2025-05-05,0.0,2.6,13.8,10.37,3.66
2025-05-06,0.0,3.4,15.5,10.29,4.49
2025-05-07,0.0,6.4,18.9,10.22,6.16
2025-05-08,0.0,9.2,19.7,8.95,8.13
2025-05-09,19.5,8.0,16.1,2.76,9.37
2025-05-10,0.0,3.7,14.5,9.82,4.72
2025-05-11,0.0,7.7,14.5,8.71,6.2
2025-05-12,0.0,5.1,15.3,9.6,3.5
2025-05-13,0.0,6.2,17.9,8.2,9.07
2025-05-14,0.4,7.4,12.9,8.28,6.22
2025-05-15,0.0,6.7,17.2,9.04,6.29
2025-05-16,0.0,8.7,19.7,8.98,6.35
2025-05-17,4.0,10.1,20.5,7.56,5.72
2025-05-18,5.2,7.7,13.3,1.76,6.38
2025-05-19,4.6,2.2,10.2,7.59,4.73
2025-05-20,0.0,1.4,14.5,8.38,5.48
2025-05-21,0.0,4.0,12.7,8.48,3.93
2025-05-22,0.0,3.7,14.6,8.5,4.44
2025-05-23,0.0,5.9,13.9,8.27,4.6
2025-05-24,0.0,1.8,13.7,8.14,3.04
2025-05-25,0.0,4.7,17.3,6.94,8.48
2025-05-26,4.0,8.1,17.7,5.82,7.57
2025-05-27,0.0,5.4,13.8,7.95,3.6
2025-05-28,2.9,4.4,10.8,3.0,3.87
2025-05-29,1.1,7.1,11.4,4.27,5.71
2025-05-30,0.0,4.3,10.5,6.54,7.72
2025-05-31,0.0,6.0,14.6,7.29,7.14
2025-06-01,0.0,3.9,11.4,6.42,3.64
2025-06-02,0.0,2.6,16.2,7.42,4.15
2025-06-03,0.0,6.2,15.3,6.82,5.49
2025-06-04,14.1,6.8,11.2,1.43,5.06
2025-06-05,13.1,4.4,10.4,5.04,9.06
2025-06-06,1.4,1.5,7.4,5.72,7.88
2025-06-07,4.2,2.9,5.1,4.7,8.31
2025-06-08,0.7,3.1,6.7,3.28,8.04
2025-06-09,8.6,5.0,7.8,2.44,8.24
2025-06-10,4.4,4.8,8.4,5.17,5.32
2025-06-11,4.7,2.6,7.4,2.97,4.39
2025-06-12,6.4,6.6,8.8,1.35,2.95
2025-06-13,2.0,7.3,9.8,2.44,5.55
2025-06-14,0.0,3.0,10.6,6.99,2.05
2025-06-15,0.0,-0.2,9.0,6.63,1.8
2025-06-16,0.0,0.6,10.2,5.64,2.27
2025-06-17,0.0,1.1,10.3,6.45,5.06
2025-06-18,0.0,-1.1,8.9,6.85,3.8
2025-06-19,0.9,3.6,14.7,6.46,6.29
2025-06-20,0.8,5.8,14.2,6.08,6.74
2025-06-21,0.3,1.5,9.3,5.2,6.51
2025-06-22,0.7,-0.7,10.6,5.73,8.48
2025-06-23,0.0,1.6,10.8,6.92,3.38
2025-06-24,0.0,0.1,10.7,6.9,3.71
2025-06-25,0.0,2.8,16.0,5.48,9.98
2025-06-26,3.4,10.3,16.2,4.04,10.8
2025-06-27,15.6,7.0,10.5,0.97,7.42
2025-06-28,0.0,3.8,10.1,2.9,4.23
2025-06-29,0.0,4.4,10.7,6.34,4.95
2025-06-30,0.0,1.2,8.7,2.36,6.27
