date,rainfall_mm,min_air_temperature_c,max_air_temperature_c,solar_radiation_mj_per_m2,wind_speed_m_per_s
2015-07-01,0.0,4.2,9.2,3.05,4.0
2015-07-02,0.0,2.1,12.3,6.74,6.44
2015-07-03,2.0,5.0,11.6,3.32,7.08
2015-07-04,0.2,0.7,9.9,7.09,5.96
2015-07-05,0.0,0.8,12.6,6.22,5.56
2015-07-06,0.0,0.5,8.7,7.33,4.46
2015-07-07,0.1,-2.2,4.8,5.93,4.84
2015-07-08,3.4,-0.4,5.7,5.31,9.98
2015-07-09,9.2,2.6,4.6,3.24,8.19
2015-07-10,1.8,-2.6,6.5,4.72,6.31
2015-07-11,0.0,-4.7,6.5,6.75,2.06
2015-07-12,0.0,-5.8,7.4,7.75,3.75
2015-07-13,0.0,-4.7,8.1,7.73,4.05
2015-07-14,0.0,-2.6,10.1,7.06,7.32
2015-07-15,5.8,7.7,12.8,3.36,7.52
2015-07-16,1.6,4.6,8.7,2.97,4.24
2015-07-17,0.0,1.3,9.6,4.2,3.2
2015-07-18,5.5,-0.2,6.6,2.78,10.26
2015-07-19,0.0,1.6,8.3,5.64,10.89
2015-07-20,0.5,-2.0,7.8,5.33,9.94
2015-07-21,0.0,0.6,10.4,2.96,6.35
2015-07-22,0.0,-0.8,11.1,7.14,3.82
2015-07-23,0.0,0.5,11.4,8.04,4.24
2015-07-24,0.6,3.4,11.7,8.02,4.19
2015-07-25,0.0,3.3,12.8,8.7,6.76
2015-07-26,0.0,5.9,15.3,7.16,8.95
2015-07-27,0.2,3.8,13.6,3.11,6.28
2015-07-28,1.5,6.4,11.4,7.84,5.55
2015-07-29,1.6,1.6,9.1,6.8,10.56
2015-07-30,0.0,-0.5,8.8,9.27,4.34
2015-07-31,0.0,-1.3,12.0,8.77,3.8
2015-08-01,0.9,2.9,8.8,3.65,4.39
2015-08-02,0.1,4.7,12.6,5.46,7.25
2015-08-03,0.0,7.5,17.9,8.16,7.42
2015-08-04,1.5,6.1,16.2,8.38,7.5
2015-08-05,0.0,0.8,10.6,10.27,5.91
2015-08-06,0.0,-1.1,11.8,9.29,4.24
2015-08-07,9.6,2.0,9.8,7.27,5.87
2015-08-08,7.1,1.4,6.4,7.47,6.52
2015-08-09,5.0,-1.9,5.4,9.11,6.44
2015-08-10,3.6,0.5,5.3,5.72,5.97
2015-08-11,0.1,-0.2,7.6,8.39,3.01
2015-08-12,0.0,-2.6,7.4,8.11,4.89
2015-08-13,0.0,2.5,12.0,10.65,6.3
2015-08-14,0.2,8.5,12.2,7.84,8.91
2015-08-15,3.7,8.0,10.1,1.92,6.16
2015-08-16,4.8,5.1,8.2,2.74,7.78
2015-08-17,0.0,0.9,13.9,12.06,5.03
2015-08-18,0.2,5.1,14.2,9.12,7.43
2015-08-19,0.0,3.7,11.5,10.55,5.03
2015-08-20,0.0,2.6,10.3,11.8,4.54
2015-08-21,0.0,-1.2,11.0,11.78,3.38
2015-08-22,0.0,1.0,12.0,12.84,3.19
2015-08-23,0.0,1.2,13.9,13.38,3.31
2015-08-24,0.0,0.8,13.2,7.95,4.83
2015-08-25,2.9,2.0,8.1,6.06,6.04
2015-08-26,0.0,0.8,9.9,11.09,7.08
2015-08-27,0.0,1.8,12.9,13.91,5.33
2015-08-28,2.6,0.8,11.3,10.07,3.06
2015-08-29,1.5,6.5,13.1,4.46,5.52
2015-08-30,0.0,5.5,11.3,7.59,5.58
2015-08-31,0.0,4.8,8.5,6.16,2.83
2015-09-01,2.9,3.9,9.0,3.52,8.9
2015-09-02,0.0,6.5,15.2,12.47,6.87
2015-09-03,1.7,4.9,9.4,9.18,7.6
2015-09-04,0.1,3.7,10.0,7.08,7.99
2015-09-05,1.1,0.8,13.6,13.67,8.23
2015-09-06,1.1,1.9,7.9,14.28,9.35
2015-09-07,0.5,0.1,8.2,12.41,10.2
2015-09-08,0.0,-3.1,10.7,16.03,3.9
2015-09-09,0.0,-1.3,14.2,15.1,4.62
2015-09-10,8.6,5.0,16.5,11.37,11.62
2015-09-11,1.5,1.2,11.4,16.48,7.32
2015-09-12,0.0,3.1,12.4,16.75,5.7
2015-09-13,0.0,3.4,12.7,14.1,6.41
2015-09-14,0.0,4.8,13.2,15.84,5.2
2015-09-15,0.0,7.2,19.7,14.92,3.56
2015-09-16,0.0,7.2,18.0,17.67,4.2
2015-09-17,0.0,7.5,18.9,15.25,6.5
2015-09-18,5.4,5.8,16.0,15.96,11.94
2015-09-19,6.9,4.2,8.5,13.13,8.41
2015-09-20,10.2,3.9,6.7,6.58,8.39
2015-09-21,0.1,2.4,7.6,9.57,3.4
2015-09-22,0.5,3.6,9.4,8.63,3.9
2015-09-23,3.3,8.1,11.1,5.53,5.11
2015-09-24,0.1,6.7,10.2,10.47,3.88
2015-09-25,0.2,3.8,12.0,16.96,3.82
2015-09-26,0.9,5.1,9.2,10.93,5.3
2015-09-27,0.0,2.0,12.2,20.76,6.23
2015-09-28,0.0,0.6,13.5,17.05,3.8
2015-09-29,0.0,5.4,13.6,18.42,5.64
2015-09-30,0.0,3.9,16.9,20.37,4.74
2015-10-01,0.6,4.4,19.3,18.59,7.03
2015-10-02,0.3,4.9,17.0,15.95,6.71
2015-10-03,0.2,6.4,19.1,21.38,6.46
2015-10-04,0.0,11.2,19.4,16.16,12.95
2015-10-05,0.0,7.8,14.2,22.41,10.56
2015-10-06,0.0,7.1,23.3,22.18,5.16
2015-10-07,0.0,14.1,21.1,21.2,11.46
2015-10-08,0.0,5.2,12.9,21.18,7.24
2015-10-09,0.0,2.8,17.1,23.53,6.06
2015-10-10,0.0,5.3,16.9,23.21,6.59
2015-10-11,0.0,7.0,22.4,23.81,5.0
2015-10-12,0.6,10.1,21.1,18.55,6.78
2015-10-13,2.2,8.6,15.5,11.17,8.21
2015-10-14,0.0,7.4,17.8,22.91,5.54
2015-10-15,0.0,7.5,16.5,24.26,6.88
2015-10-16,0.0,7.1,21.5,24.58,6.29
2015-10-17,2.9,8.0,17.5,11.24,10.73
2015-10-18,1.1,8.0,18.5,24.72,10.83
2015-10-19,0.0,4.9,16.6,23.47,8.99
2015-10-20,0.0,4.8,20.4,24.98,5.38
2015-10-21,0.0,9.3,20.4,23.06,8.21
2015-10-22,2.0,8.1,13.8,17.38,8.95
2015-10-23,0.0,6.3,15.6,17.82,5.73
2015-10-24,0.0,6.7,16.7,24.63,6.56
2015-10-25,0.0,6.0,14.8,21.97,5.89
2015-10-26,0.0,5.4,21.1,27.63,5.69
2015-10-27,1.5,7.5,12.9,15.2,8.2
2015-10-28,5.9,7.2,15.6,18.65,6.12
2015-10-29,3.8,5.7,10.4,7.29,6.75
2015-10-30,0.2,2.3,13.5,25.28,3.13
2015-10-31,0.0,3.4,16.7,27.4,4.21
2015-11-01,0.0,7.3,17.5,27.02,7.2
2015-11-02,0.0,6.0,22.2,29.13,6.28
2015-11-03,2.7,6.6,19.7,13.63,10.72
2015-11-04,0.4,4.6,10.3,16.17,5.66
2015-11-05,0.0,-0.2,15.4,29.98,3.67
2015-11-06,0.0,5.2,18.0,26.83,5.24
2015-11-07,0.0,6.0,23.3,27.67,5.08
2015-11-08,1.7,8.3,22.2,20.54,4.42
2015-11-09,0.0,10.0,17.3,20.77,4.82
2015-11-10,0.0,9.6,25.8,29.15,4.82
2015-11-11,3.9,7.6,15.5,7.32,6.54
2015-11-12,4.8,5.9,11.6,26.19,7.45
2015-11-13,0.0,6.2,15.1,27.09,7.23
2015-11-14,0.0,6.6,18.4,24.59,6.17
2015-11-15,1.7,7.3,11.3,8.14,7.0
2015-11-16,0.0,4.6,18.3,30.36,5.85
2015-11-17,0.3,8.8,17.1,19.83,7.52
2015-11-18,3.8,6.9,11.7,25.95,9.1
2015-11-19,0.0,3.4,17.1,30.88,8.45
2015-11-20,0.5,10.8,22.0,24.77,6.98
2015-11-21,1.3,7.0,17.5,26.52,7.38
2015-11-22,0.5,9.5,17.3,25.81,9.04
2015-11-23,0.0,6.8,20.6,30.73,8.18
2015-11-24,0.0,12.9,22.7,26.77,7.89
2015-11-25,0.0,12.6,26.1,28.69,5.0
2015-11-26,0.0,12.1,26.7,30.16,7.29
2015-11-27,9.1,10.2,21.3,16.99,10.1
2015-11-28,0.0,9.2,19.7,29.34,7.37
2015-11-29,0.5,9.4,15.4,21.53,6.94
2015-11-30,0.0,8.8,20.3,29.1,7.03
2015-12-01,0.0,10.7,26.1,25.54,7.01
2015-12-02,0.2,17.7,28.8,29.65,6.9
2015-12-03,2.0,11.8,24.5,18.58,8.98
2015-12-04,0.0,9.5,24.0,33.06,5.97
2015-12-05,3.4,9.7,24.7,26.58,8.68
2015-12-06,1.2,8.5,14.3,17.93,5.87
2015-12-07,1.7,5.5,16.2,27.96,7.5
2015-12-08,0.0,7.7,19.1,28.77,7.09
2015-12-09,0.3,10.5,18.5,22.04,6.62
2015-12-10,0.0,9.4,26.2,31.36,7.47
2015-12-11,0.0,10.9,18.9,23.82,8.18
2015-12-12,0.0,12.5,25.1,22.77,8.68
2015-12-13,6.0,8.0,17.1,21.79,10.89
2015-12-14,0.4,6.8,21.6,26.47,4.53
2015-12-15,5.1,10.2,24.0,29.77,8.28
2015-12-16,6.3,8.6,14.9,22.94,4.81
2015-12-17,4.1,7.4,13.9,26.1,6.18
2015-12-18,0.2,5.8,18.1,28.86,4.06
2015-12-19,0.0,10.3,13.7,14.53,5.22
2015-12-20,0.0,9.7,22.9,28.18,7.02
2015-12-21,0.0,14.6,31.0,32.43,8.51
2015-12-22,1.8,10.3,19.9,10.2,7.29
2015-12-23,0.0,7.1,18.3,24.45,5.59
2015-12-24,0.0,8.4,20.9,29.59,5.25
2015-12-25,0.0,9.5,21.2,30.38,4.15
2015-12-26,0.0,10.1,23.4,33.25,4.74
2015-12-27,0.0,11.7,22.9,33.48,7.57
2015-12-28,0.0,12.1,22.8,33.54,7.19
2015-12-29,0.0,10.9,21.2,32.96,4.22
2015-12-30,2.6,8.5,15.4,15.76,6.6
2015-12-31,0.0,10.9,21.7,29.94,6.51
2016-01-01,0.0,11.6,25.3,32.42,4.34
2016-01-02,10.1,14.7,17.8,7.13,3.47
2016-01-03,15.4,9.6,15.3,5.93,8.7
2016-01-04,0.0,8.6,14.8,24.63,5.82
2016-01-05,0.0,6.6,18.7,30.05,4.28
2016-01-06,0.0,10.6,21.3,31.69,6.87
2016-01-07,0.0,11.6,23.8,25.02,6.22
2016-01-08,5.5,11.5,22.1,22.44,8.73
2016-01-09,0.0,9.6,19.3,28.7,8.75
2016-01-10,0.0,11.3,17.7,12.6,9.03
2016-01-11,0.0,10.0,19.1,29.79,8.08
2016-01-12,0.0,10.9,26.5,32.36,4.74
2016-01-13,0.1,11.0,15.6,7.06,7.96
2016-01-14,0.0,9.8,24.2,31.64,7.02
2016-01-15,3.9,11.5,24.6,16.28,9.78
2016-01-16,7.5,12.1,14.1,6.53,4.1
2016-01-17,1.7,13.0,17.0,7.52,3.66
2016-01-18,8.1,12.3,15.8,4.54,3.31
2016-01-19,7.2,13.7,17.2,8.56,6.71
2016-01-20,0.0,11.7,26.5,30.61,4.33
2016-01-21,0.0,14.7,26.2,24.8,4.69
2016-01-22,0.0,14.2,28.0,31.27,5.17
2016-01-23,0.4,16.4,28.1,25.96,4.92
2016-01-24,0.0,19.3,23.8,10.42,6.51
2016-01-25,0.0,18.6,26.8,17.09,5.77
2016-01-26,0.0,14.2,19.9,8.91,5.28
2016-01-27,22.3,12.4,14.4,3.53,4.2
2016-01-28,11.5,12.0,15.8,8.65,5.76
2016-01-29,0.1,11.2,18.0,21.25,4.94
2016-01-30,0.0,12.1,15.3,12.69,3.81
2016-01-31,0.0,9.9,20.3,24.62,4.41
2016-02-01,0.0,11.3,24.6,29.37,4.9
2016-02-02,0.0,12.4,28.0,28.9,3.54
2016-02-03,0.0,14.2,26.1,28.9,6.72
2016-02-04,0.0,16.5,28.9,28.77,5.85
2016-02-05,0.0,15.7,23.0,18.81,5.11
2016-02-06,0.1,14.6,19.2,11.26,5.52
2016-02-07,0.0,14.0,21.2,21.77,5.23
2016-02-08,0.0,12.9,23.1,22.64,5.17
2016-02-09,0.0,14.0,25.1,24.93,10.14
2016-02-10,0.0,11.8,23.2,28.09,6.91
2016-02-11,0.0,12.9,23.6,24.68,3.84
2016-02-12,0.0,12.7,24.9,25.56,3.7
2016-02-13,0.2,15.7,21.5,13.86,4.0
2016-02-14,0.0,13.0,25.5,26.25,4.92
2016-02-15,0.0,12.5,28.4,27.25,3.1
2016-02-16,0.0,14.3,29.2,26.53,4.78
2016-02-17,4.0,18.9,26.7,13.91,9.32
2016-02-18,7.6,16.6,23.8,22.08,9.26
2016-02-19,0.0,16.1,22.2,19.2,7.91
2016-02-20,0.0,12.9,27.7,26.4,5.76
2016-02-21,0.0,15.1,23.6,24.35,5.44
2016-02-22,0.0,13.9,20.6,14.35,4.88
2016-02-23,0.4,14.5,21.1,11.26,5.2
2016-02-24,0.0,12.8,28.1,24.12,4.53
2016-02-25,0.0,18.1,27.7,15.17,5.81
2016-02-26,0.0,19.0,25.5,12.69,9.32
2016-02-27,0.0,17.6,29.1,21.42,6.36
2016-02-28,0.0,13.5,25.1,24.48,6.1
2016-02-29,0.4,11.6,18.1,5.21,9.2
2016-03-01,0.0,10.7,16.3,14.47,3.31
2016-03-02,0.0,11.4,18.2,14.46,4.21
2016-03-03,0.0,10.8,25.8,20.19,5.24
2016-03-04,0.0,12.1,24.3,22.62,7.37
2016-03-05,0.0,13.8,28.8,22.06,4.91
2016-03-06,0.0,14.7,29.0,22.36,4.69
2016-03-07,0.8,15.5,21.3,12.77,8.02
2016-03-08,0.6,12.5,22.3,7.07,8.52
2016-03-09,0.0,11.3,20.4,19.41,7.11
2016-03-10,0.0,12.0,26.9,15.11,10.82
2016-03-11,0.1,8.5,13.8,9.19,11.74
2016-03-12,0.0,4.5,18.8,21.36,6.48
2016-03-13,0.0,10.1,21.6,13.97,3.11
2016-03-14,0.0,11.7,23.8,20.22,5.66
2016-03-15,12.4,11.5,18.0,3.91,6.45
2016-03-16,5.2,8.9,11.7,7.87,5.91
2016-03-17,0.0,8.3,15.7,20.58,5.53
2016-03-18,0.0,9.9,21.7,17.31,8.35
2016-03-19,0.0,15.7,26.7,18.57,7.75
2016-03-20,0.0,17.7,27.7,19.35,6.0
2016-03-21,0.0,14.3,28.2,18.81,3.32
2016-03-22,0.0,14.1,26.9,17.95,2.68
2016-03-23,0.6,12.7,21.1,8.37,8.86
2016-03-24,34.6,14.1,25.8,13.4,9.49
2016-03-25,0.0,11.2,16.4,15.28,4.8
2016-03-26,0.0,9.3,17.8,16.6,5.2
2016-03-27,0.0,10.4,23.8,18.47,5.1
2016-03-28,0.1,11.7,16.1,8.2,4.66
2016-03-29,0.0,7.5,20.0,15.65,4.56
2016-03-30,0.0,9.6,15.1,7.97,3.57
2016-03-31,0.0,7.8,18.5,16.16,5.36
2016-04-01,0.4,12.9,20.9,11.38,4.33
2016-04-02,0.9,13.8,19.8,12.91,7.42
2016-04-03,0.4,12.8,24.1,15.17,6.83
2016-04-04,0.4,7.5,13.2,5.43,4.05
2016-04-05,0.0,3.6,18.1,16.07,2.82
2016-04-06,0.0,6.9,20.9,15.58,5.66
2016-04-07,0.2,8.5,22.4,13.56,7.24
2016-04-08,4.9,11.1,15.7,7.11,11.09
2016-04-09,0.0,9.5,17.8,15.03,4.74
2016-04-10,0.0,7.5,19.6,15.3,4.6
2016-04-11,0.0,7.9,21.3,14.98,5.73
2016-04-12,2.9,9.2,16.6,3.21,7.82
2016-04-13,0.0,3.9,15.3,14.34,4.17
2016-04-14,0.0,3.0,19.2,14.45,4.46
2016-04-15,0.0,5.3,16.6,11.97,5.23
2016-04-16,0.0,6.6,20.9,13.95,5.17
2016-04-17,1.2,7.7,19.1,12.5,4.8
2016-04-18,0.4,9.9,14.9,8.0,3.47
2016-04-19,0.0,6.0,17.7,13.17,3.84
2016-04-20,0.0,6.0,20.5,13.17,3.47
2016-04-21,0.0,6.5,18.1,11.95,4.39
2016-04-22,0.0,5.9,21.0,12.78,3.5
2016-04-23,11.1,10.1,17.3,3.84,8.93
2016-04-24,0.2,6.2,16.0,12.73,6.02
2016-04-25,0.0,8.2,17.5,11.02,4.2
2016-04-26,0.0,6.5,17.9,11.4,3.76
2016-04-27,0.0,7.4,18.8,11.81,4.16
2016-04-28,0.0,6.0,21.2,12.03,3.34
2016-04-29,0.0,7.4,21.3,11.51,6.33
2016-04-30,0.0,8.2,15.3,9.3,6.38
2016-05-01,0.0,7.8,21.0,8.38,4.4
2016-05-02,0.4,8.4,21.2,9.3,6.26
2016-05-03,0.2,10.6,20.4,10.77,5.58
2016-05-04,0.4,9.8,21.3,5.28,7.72
2016-05-05,0.2,9.7,16.6,5.69,8.66
2016-05-06,0.0,4.4,15.5,8.55,2.77
2016-05-07,0.0,5.5,21.9,10.04,4.24
2016-05-08,0.0,6.2,20.4,9.83,4.03
2016-05-09,0.0,10.2,15.4,5.45,5.92
2016-05-10,0.0,10.5,18.3,4.87,6.01
2016-05-11,0.8,14.8,22.0,5.47,8.06
2016-05-12,5.1,10.0,18.5,9.33,8.25
2016-05-13,2.6,9.0,17.9,9.19,6.26
2016-05-14,0.0,7.8,18.7,8.33,6.84
2016-05-15,0.0,4.4,16.5,6.56,7.12
2016-05-16,4.3,7.8,17.9,5.3,14.71
2016-05-17,0.8,6.2,10.5,7.24,12.78
2016-05-18,0.6,7.9,16.8,5.31,7.78
2016-05-19,0.0,5.8,15.2,9.0,4.93
2016-05-20,11.5,4.1,14.6,4.49,7.61
2016-05-21,21.4,7.6,10.9,2.56,11.46
2016-05-22,4.2,5.5,9.8,6.77,8.42
2016-05-23,15.5,5.5,9.0,2.92,6.96
2016-05-24,2.2,5.4,10.4,6.43,5.39
2016-05-25,0.2,3.1,10.4,5.66,2.94
2016-05-26,0.0,2.5,11.8,7.57,4.55
2016-05-27,0.0,1.5,11.4,7.77,4.34
2016-05-28,19.6,7.3,9.9,3.88,8.62
2016-05-29,0.8,6.9,10.4,5.31,8.13
2016-05-30,2.9,3.9,9.7,6.76,7.15
2016-05-31,7.3,5.3,7.8,3.85,6.45
2016-06-01,2.4,2.5,8.6,5.86,6.49
2016-06-02,0.0,-0.4,10.6,7.47,2.92
2016-06-03,0.0,-1.3,12.7,7.32,3.42
2016-06-04,0.0,-2.2,11.6,7.33,3.54
2016-06-05,0.0,-2.1,9.4,7.43,3.84
2016-06-06,0.0,-2.6,10.9,7.36,3.8
2016-06-07,0.0,2.8,11.1,7.27,5.67
2016-06-08,0.0,-1.1,13.6,7.35,3.82
2016-06-09,1.0,2.5,13.2,1.9,6.22
2016-06-10,0.1,11.8,16.4,5.32,7.34
2016-06-11,0.0,4.9,13.0,5.75,6.24
2016-06-12,5.0,3.5,9.6,1.94,11.06
2016-06-13,0.0,-1.2,11.9,6.96,4.64
2016-06-14,0.0,3.1,13.6,6.67,4.14
2016-06-15,0.2,3.8,11.8,3.36,6.8
2016-06-16,0.0,1.2,12.5,6.96,4.02
2016-06-17,0.0,0.7,13.4,6.92,3.51
2016-06-18,0.0,1.9,14.1,6.63,3.96
2016-06-19,1.7,7.5,11.7,1.51,7.18
2016-06-20,0.0,6.4,14.6,5.27,5.31
2016-06-21,0.9,11.1,15.2,4.06,5.17
2016-06-22,3.3,11.8,17.7,5.25,7.04
2016-06-23,9.3,10.6,14.6,2.51,6.16
2016-06-24,0.4,4.2,13.6,6.12,7.0
2016-06-25,0.3,1.9,11.4,6.65,3.49
2016-06-26,6.4,6.1,9.5,1.51,3.52
2016-06-27,0.0,6.9,9.9,3.87,5.66
2016-06-28,0.1,3.3,10.5,3.29,2.91
2016-06-29,0.0,1.5,10.8,5.0,5.41
2016-06-30,0.3,3.2,9.4,4.92,7.07
2016-07-01,0.0,-0.7,8.2,6.85,3.8
2016-07-02,0.0,-2.5,11.6,7.06,3.18
2016-07-03,0.0,1.6,13.5,6.87,3.78
2016-07-04,0.0,5.6,15.5,5.17,4.34
2016-07-05,0.3,2.4,8.6,2.58,4.0
2016-07-06,0.0,-0.8,8.9,7.14,3.44
2016-07-07,0.0,2.3,8.9,5.42,5.84
2016-07-08,0.1,3.0,8.4,3.34,5.82
2016-07-09,0.0,-0.4,8.1,7.58,6.36
2016-07-10,0.0,-2.8,8.7,6.77,3.4
2016-07-11,0.0,-2.8,7.0,5.01,3.22
2016-07-12,0.0,-1.1,11.7,7.22,6.13
2016-07-13,4.9,7.3,12.6,2.25,10.61
2016-07-14,0.0,3.5,11.9,7.18,9.01
2016-07-15,0.3,3.7,11.6,7.02,8.4
2016-07-16,0.0,1.3,11.1,7.73,3.62
2016-07-17,2.3,2.9,11.5,6.08,8.32
2016-07-18,5.7,4.6,8.4,5.34,9.91
2016-07-19,3.9,3.3,10.9,3.37,5.81
2016-07-20,0.0,1.6,12.3,8.22,6.46
2016-07-21,0.0,0.5,11.0,8.5,5.41
2016-07-22,0.0,-0.3,11.6,8.59,3.13
2016-07-23,5.0,1.4,14.3,4.84,7.53
2016-07-24,0.0,3.8,12.2,8.02,10.42
2016-07-25,0.0,0.4,9.7,8.61,4.14
2016-07-26,0.0,-2.3,9.7,9.1,3.84
2016-07-27,1.1,0.9,12.7,9.09,6.55
2016-07-28,0.0,4.1,14.1,7.75,8.23
2016-07-29,0.0,0.3,9.8,8.53,8.38
2016-07-30,3.3,-0.7,13.0,6.79,8.14
2016-07-31,0.0,-0.6,9.0,9.74,4.29
2016-08-01,0.0,-3.2,7.4,6.03,3.52
2016-08-02,0.0,-1.1,8.6,8.14,3.61
2016-08-03,6.6,4.1,10.3,4.63,6.22
2016-08-04,3.8,0.4,6.3,6.72,6.11
2016-08-05,4.3,-1.4,5.6,7.75,3.94
2016-08-06,2.4,0.8,4.6,6.3,4.53
2016-08-07,0.0,-4.2,4.6,9.77,2.33
2016-08-08,0.0,-4.4,5.2,6.26,6.13
2016-08-09,0.0,-3.2,7.7,8.33,3.24
2016-08-10,0.0,-5.2,8.6,11.07,4.19
2016-08-11,0.0,-3.5,10.6,11.52,4.96
2016-08-12,0.7,-1.6,11.6,7.07,5.94
2016-08-13,3.8,0.6,9.6,5.36,4.32
2016-08-14,0.0,-1.9,11.2,8.42,3.47
2016-08-15,0.0,0.9,10.9,10.49,4.14
2016-08-16,0.0,-1.8,12.1,11.55,4.14
2016-08-17,0.0,1.5,12.6,10.75,3.0
2016-08-18,0.0,0.1,11.1,9.97,3.24
2016-08-19,0.0,3.0,12.7,12.31,6.12
2016-08-20,0.0,0.6,14.2,10.78,4.8
2016-08-21,0.0,3.5,15.0,12.44,6.66
2016-08-22,0.0,4.6,15.6,11.65,6.71
2016-08-23,0.0,2.3,12.0,10.97,2.92
2016-08-24,0.2,5.8,8.0,3.67,8.89
2016-08-25,2.6,6.0,14.6,11.88,8.49
2016-08-26,13.6,3.6,8.9,2.23,9.24
2016-08-27,10.5,2.0,10.1,5.42,10.52
2016-08-28,0.0,1.1,15.7,14.26,3.4
2016-08-29,0.0,5.9,16.8,13.55,3.8
2016-08-30,0.0,5.0,14.0,12.86,3.18
2016-08-31,0.0,3.4,14.5,14.85,5.16
2016-09-01,0.0,3.6,16.9,14.27,4.81
2016-09-02,0.1,9.7,18.9,13.65,4.88
2016-09-03,0.0,5.4,14.9,14.88,4.56
2016-09-04,0.7,4.8,14.1,8.58,10.62
2016-09-05,5.6,7.9,13.6,6.68,7.29
2016-09-06,1.3,6.0,10.7,6.88,6.29
2016-09-07,7.7,4.2,14.6,12.84,15.75
2016-09-08,10.3,2.6,6.9,11.94,12.32
2016-09-09,1.1,2.3,8.2,8.78,6.74
2016-09-10,0.0,-1.1,12.3,17.16,4.04
2016-09-11,0.0,0.4,17.4,17.81,4.03
2016-09-12,0.0,3.0,16.4,17.12,6.17
2016-09-13,0.0,3.5,13.7,12.16,4.92
2016-09-14,0.0,3.5,15.2,17.29,2.91
2016-09-15,0.0,2.6,15.2,16.66,4.38
2016-09-16,0.9,8.0,19.0,6.99,7.1
2016-09-17,0.0,7.7,16.5,16.78,3.6
2016-09-18,0.0,6.1,14.7,14.23,2.68
2016-09-19,0.3,7.6,11.8,9.69,3.83
2016-09-20,0.5,5.5,10.4,10.62,4.67
2016-09-21,1.3,5.7,8.4,3.78,6.8
2016-09-22,0.2,7.7,12.0,6.65,4.64
2016-09-23,0.0,7.8,12.8,10.36,2.72
2016-09-24,0.0,7.5,11.6,8.47,3.64
2016-09-25,0.4,8.2,10.7,7.06,4.57
2016-09-26,1.3,8.7,11.4,6.75,8.52
2016-09-27,1.2,8.6,14.6,14.49,5.41
2016-09-28,0.1,9.4,14.0,9.09,4.3
2016-09-29,1.7,9.7,14.7,13.09,6.7
2016-09-30,0.0,9.1,17.3,18.05,5.67
2016-10-01,0.0,6.2,18.8,20.28,3.16
2016-10-02,3.2,8.3,18.7,19.19,2.92
2016-10-03,0.0,7.3,15.7,15.26,3.22
2016-10-04,0.0,7.4,18.6,19.97,6.3
2016-10-05,5.8,8.0,13.2,9.78,8.42
2016-10-06,2.9,7.7,15.8,18.24,6.74
2016-10-07,0.6,3.9,11.8,17.91,9.58
2016-10-08,0.2,4.1,17.1,17.08,6.91
2016-10-09,2.9,2.7,11.5,17.05,4.6
2016-10-10,0.0,2.6,19.1,21.02,5.08
2016-10-11,0.0,10.2,18.0,13.18,9.5
2016-10-12,7.9,5.1,11.7,8.05,8.73
2016-10-13,0.0,3.1,17.6,24.0,5.26
2016-10-14,12.6,6.5,10.6,5.01,8.27
2016-10-15,0.0,5.4,14.2,19.7,4.66
2016-10-16,0.0,5.9,20.1,24.2,4.83
2016-10-17,0.0,12.4,18.3,12.47,10.96
2016-10-18,0.0,7.9,21.3,17.11,7.11
2016-10-19,0.0,10.8,22.0,21.99,5.28
2016-10-20,10.4,7.6,13.2,7.65,5.7
2016-10-21,1.0,4.8,11.8,20.75,5.62
2016-10-22,0.0,1.1,15.8,27.39,5.45
2016-10-23,0.0,5.5,14.7,22.81,6.94
2016-10-24,0.0,9.1,17.3,11.22,2.82
2016-10-25,1.4,10.5,19.8,21.56,5.47
2016-10-26,6.1,9.5,12.7,9.7,6.66
2016-10-27,0.0,8.7,17.9,20.89,5.08
2016-10-28,8.3,7.3,20.5,21.45,11.37
2016-10-29,2.3,6.7,10.9,23.03,8.01
2016-10-30,0.1,5.6,13.9,25.12,4.19
2016-10-31,0.0,3.8,15.7,28.2,7.85
2016-11-01,2.9,6.0,18.5,24.95,7.09
2016-11-02,2.1,8.5,14.6,14.1,4.67
2016-11-03,4.8,7.6,18.5,24.69,4.91
2016-11-04,1.3,8.6,14.5,17.82,4.21
2016-11-05,0.0,5.1,18.0,24.57,5.25
2016-11-06,0.7,9.4,21.0,21.49,8.63
2016-11-07,0.5,5.9,16.9,25.02,5.0
2016-11-08,0.0,4.3,20.3,26.85,6.1
2016-11-09,2.3,11.8,23.1,19.77,9.12
2016-11-10,0.0,8.9,16.6,21.52,6.12
2016-11-11,11.3,10.7,15.7,8.46,4.55
2016-11-12,7.0,9.0,10.7,8.8,5.51
2016-11-13,0.3,5.8,13.4,13.04,5.28
2016-11-14,2.3,5.6,18.5,17.25,5.41
2016-11-15,0.4,10.4,18.4,22.98,6.02
2016-11-16,1.5,10.7,19.1,24.31,3.68
2016-11-17,19.0,7.7,11.2,12.2,11.11
2016-11-18,2.9,6.7,17.3,28.29,8.49
2016-11-19,0.0,9.7,17.6,24.97,5.47
2016-11-20,0.0,7.3,17.5,29.82,4.53
2016-11-21,0.0,9.7,23.2,28.76,5.11
2016-11-22,0.0,10.0,26.3,31.73,4.39
2016-11-23,0.0,12.5,24.8,29.6,7.38
2016-11-24,0.0,11.6,14.5,9.59,7.44
2016-11-25,1.7,12.8,23.0,23.81,11.6
2016-11-26,1.0,10.5,17.7,28.87,11.18
2016-11-27,0.0,8.5,16.9,30.44,8.9
2016-11-28,0.0,6.3,18.8,29.49,6.05
2016-11-29,0.0,10.7,22.6,31.06,8.35
2016-11-30,0.3,10.1,11.8,9.49,5.22
2016-12-01,0.1,9.7,15.8,14.59,4.8
2016-12-02,0.4,10.4,14.4,13.11,4.07
2016-12-03,0.0,8.2,23.4,31.51,4.9
2016-12-04,0.0,12.2,16.6,12.95,7.22
2016-12-05,0.0,11.2,19.5,30.2,8.35
2016-12-06,0.7,8.7,23.6,23.98,4.61
2016-12-07,2.9,13.2,20.7,9.68,4.08
2016-12-08,1.3,12.5,15.5,11.28,4.52
2016-12-09,0.0,12.4,22.4,32.08,8.92
2016-12-10,4.5,12.4,23.0,16.56,7.57
2016-12-11,8.5,10.5,14.5,18.55,7.5
2016-12-12,8.6,9.3,14.8,25.93,10.16
2016-12-13,0.1,6.8,17.6,23.88,7.11
2016-12-14,0.0,11.2,25.2,30.87,7.26
2016-12-15,1.3,11.4,20.3,27.28,7.88
2016-12-16,0.0,7.7,21.2,30.9,5.22
2016-12-17,0.0,8.7,21.4,33.31,8.52
2016-12-18,0.5,13.2,21.4,17.59,8.05
2016-12-19,0.9,10.0,20.9,31.79,5.41
2016-12-20,0.0,6.7,19.5,33.19,8.36
2016-12-21,0.0,9.1,25.6,34.6,7.79
2016-12-22,3.9,12.3,21.1,12.53,7.48
2016-12-23,3.2,11.1,14.9,13.95,5.83
2016-12-24,0.2,10.2,21.1,31.38,5.86
2016-12-25,0.0,11.7,17.0,14.7,4.1
2016-12-26,0.0,11.6,22.8,28.91,6.26
2016-12-27,0.0,13.3,25.2,22.59,7.79
2016-12-28,0.8,11.7,16.7,17.21,5.19
2016-12-29,2.9,9.9,14.4,10.83,4.0
2016-12-30,0.0,8.1,23.0,33.14,5.22
2016-12-31,0.0,9.7,25.6,26.0,6.55
2017-01-01,0.3,17.8,26.6,32.23,9.88
2017-01-02,1.1,11.7,15.6,11.14,10.01
2017-01-03,5.2,12.2,19.2,15.82,9.05
2017-01-04,12.8,10.7,17.3,17.09,10.4
2017-01-05,0.0,9.2,15.0,30.38,8.75
2017-01-06,13.6,8.1,22.6,26.67,6.71
2017-01-07,8.8,9.2,17.0,21.05,6.66
2017-01-08,0.2,9.0,21.6,26.62,8.54
2017-01-09,2.5,11.7,16.8,17.91,7.13
2017-01-10,0.1,13.1,20.4,25.04,9.42
2017-01-11,0.0,12.6,27.3,29.86,9.53
2017-01-12,0.4,12.6,26.7,29.13,9.51
2017-01-13,0.0,11.8,20.3,26.28,6.72
2017-01-14,0.2,12.6,22.8,24.66,8.33
2017-01-15,0.0,13.4,26.2,31.69,11.55
2017-01-16,0.0,10.6,22.3,27.81,8.04
2017-01-17,0.1,13.8,26.0,30.86,8.62
2017-01-18,12.0,15.6,21.3,8.69,6.82
2017-01-19,15.2,11.1,21.0,23.65,12.21
2017-01-20,0.9,7.6,15.7,26.63,7.03
2017-01-21,4.6,7.3,19.0,17.99,8.59
2017-01-22,15.2,10.1,16.0,5.36,10.22
2017-01-23,0.1,13.3,18.0,25.78,8.37
2017-01-24,0.2,10.4,21.8,26.22,9.26
2017-01-25,2.4,13.0,20.9,25.96,8.92
2017-01-26,0.0,11.3,24.4,27.92,8.32
2017-01-27,1.7,11.0,23.9,27.26,7.62
2017-01-28,0.0,10.9,20.1,30.64,8.93
2017-01-29,0.2,12.9,24.5,21.49,8.08
2017-01-30,0.0,12.5,18.4,27.29,9.82
2017-01-31,0.0,16.2,26.7,23.48,10.7
2017-02-01,0.0,13.9,21.0,16.93,8.22
2017-02-02,0.0,12.6,18.7,16.1,7.64
2017-02-03,0.0,10.1,23.1,27.49,8.56
2017-02-04,0.0,14.0,26.5,25.85,8.12
2017-02-05,0.0,14.2,28.7,29.28,5.98
2017-02-06,0.2,16.1,27.9,21.8,10.21
2017-02-07,2.7,12.4,14.6,6.24,6.68
2017-02-08,0.7,8.9,14.4,12.07,6.84
2017-02-09,0.0,6.6,16.8,26.33,8.18
2017-02-10,0.0,9.8,21.8,19.56,7.53
2017-02-11,0.0,10.8,22.5,27.45,8.82
2017-02-12,0.0,13.3,25.8,19.53,9.12
2017-02-13,5.5,12.8,21.3,19.46,6.58
2017-02-14,0.6,11.9,21.1,26.25,7.98
2017-02-15,0.0,8.2,21.2,27.79,6.56
2017-02-16,0.0,10.6,20.4,26.32,6.81
2017-02-17,2.0,13.7,19.7,12.43,6.6
2017-02-18,0.2,14.7,19.4,7.93,5.08
2017-02-19,0.0,16.3,22.2,20.05,8.8
2017-02-20,0.0,16.2,24.9,24.6,8.61
2017-02-21,0.0,15.3,27.1,25.26,6.88
2017-02-22,0.0,15.6,24.6,19.35,5.45
2017-02-23,0.0,14.3,22.5,17.1,4.9
2017-02-24,0.0,13.4,23.7,24.88,6.0
2017-02-25,0.4,12.4,23.9,23.59,7.42
2017-02-26,0.3,14.3,15.7,5.03,5.01
2017-02-27,0.0,12.7,21.9,24.31,6.32
2017-02-28,0.0,11.5,22.5,22.89,5.81
2017-03-01,0.0,14.8,20.6,22.08,6.38
2017-03-02,0.0,13.6,23.2,19.53,5.8
2017-03-03,0.0,13.6,26.7,23.36,8.99
2017-03-04,0.0,12.9,22.2,21.92,5.73
2017-03-05,0.0,12.5,28.0,23.26,5.55
2017-03-06,0.0,12.5,23.3,18.62,6.37
2017-03-07,8.3,11.2,15.4,5.28,8.32
2017-03-08,0.0,8.6,14.7,12.38,6.21
2017-03-09,0.0,6.3,18.2,22.73,5.6
2017-03-10,0.6,10.3,22.4,20.51,4.82
2017-03-11,7.4,12.5,14.4,3.73,5.2
2017-03-12,12.6,11.9,12.9,1.99,5.62
2017-03-13,25.7,9.8,12.0,1.98,5.72
2017-03-14,5.6,10.0,13.7,9.14,9.66
2017-03-15,0.0,10.7,18.3,18.95,5.1
2017-03-16,0.0,9.4,20.9,20.77,6.65
2017-03-17,0.0,12.2,27.3,20.96,7.55
2017-03-18,1.0,8.8,16.8,5.35,8.24
2017-03-19,0.0,6.7,19.4,19.16,6.02
2017-03-20,0.0,12.4,21.9,18.78,7.64
2017-03-21,1.1,11.7,14.5,3.56,4.62
2017-03-22,0.8,12.3,14.9,4.89,5.33
2017-03-23,0.3,11.6,14.3,6.54,3.67
2017-03-24,0.2,11.2,18.9,17.0,5.75
2017-03-25,0.7,11.9,13.5,3.51,4.16
2017-03-26,3.2,11.9,17.2,5.54,10.12
2017-03-27,7.8,13.0,14.1,3.36,6.43
2017-03-28,0.0,9.5,17.9,15.99,5.4
2017-03-29,0.0,13.1,18.8,10.61,4.24
2017-03-30,0.0,12.5,20.2,15.92,4.53
2017-03-31,0.0,12.4,25.2,12.7,4.43
2017-04-01,0.0,12.8,21.6,11.7,5.81
2017-04-02,1.3,13.5,21.1,12.17,7.32
2017-04-03,4.0,10.7,12.8,2.13,5.19
2017-04-04,0.3,10.1,13.5,6.24,4.59
2017-04-05,8.8,9.8,12.1,3.51,4.87
2017-04-06,41.4,9.2,11.7,1.64,12.07
2017-04-07,0.0,7.8,15.6,15.0,9.19
2017-04-08,0.0,10.2,14.2,9.92,5.33
2017-04-09,0.0,5.0,16.2,12.96,4.57
2017-04-10,0.0,7.3,18.0,14.12,4.16
2017-04-11,5.1,9.6,17.8,6.78,3.79
2017-04-12,29.8,11.4,14.0,3.1,5.95
2017-04-13,6.1,11.4,14.9,4.29,3.91
2017-04-14,35.0,12.2,17.9,3.86,10.57
2017-04-15,0.2,11.5,21.0,10.01,6.43
2017-04-16,0.2,8.3,13.9,4.27,4.65
2017-04-17,0.0,7.7,13.9,7.92,3.67
2017-04-18,0.0,5.7,13.9,8.16,3.89
2017-04-19,0.0,5.5,17.2,11.66,6.79
2017-04-20,0.9,8.6,13.2,6.85,6.71
2017-04-21,0.0,6.5,16.2,12.7,5.32
2017-04-22,0.0,6.1,18.8,12.47,6.65
2017-04-23,0.0,6.7,17.6,12.61,4.58
2017-04-24,0.0,9.1,16.3,10.95,3.44
2017-04-25,0.0,10.0,15.6,11.19,5.66
2017-04-26,0.0,10.1,17.2,11.35,6.53
2017-04-27,0.0,10.1,19.7,11.69,5.62
2017-04-28,0.0,11.6,22.8,10.21,10.68
2017-04-29,0.0,9.1,17.0,11.74,6.15
2017-04-30,11.2,7.5,11.6,1.85,11.2
2017-05-01,1.2,4.4,11.1,7.98,7.0
2017-05-02,0.0,4.4,15.3,11.27,5.88
2017-05-03,12.2,8.6,18.6,7.17,9.11
2017-05-04,2.8,3.0,13.8,8.05,6.62
2017-05-05,0.0,4.7,13.9,10.39,4.8
2017-05-06,0.0,5.5,14.7,10.21,4.94
2017-05-07,0.0,7.9,14.2,9.2,4.9
2017-05-08,0.0,4.8,15.8,10.03,4.7
2017-05-09,0.2,5.0,15.3,8.68,4.14
2017-05-10,0.1,6.1,14.0,8.76,3.78
2017-05-11,3.8,8.7,14.1,4.92,4.2
2017-05-12,1.0,6.3,11.5,2.78,6.87
2017-05-13,0.9,3.3,11.6,6.41,4.53
2017-05-14,0.0,2.2,10.9,8.19,2.68
2017-05-15,0.0,2.1,14.1,9.17,5.17
2017-05-16,0.0,5.2,13.2,6.89,3.89
2017-05-17,15.7,5.0,13.5,5.46,5.24
2017-05-18,10.9,5.0,11.9,5.18,11.5
2017-05-19,2.6,2.7,14.1,8.9,8.85
2017-05-20,1.7,1.9,7.4,8.23,10.83
2017-05-21,0.2,3.0,10.0,5.5,9.83
2017-05-22,0.0,-0.3,10.8,8.51,5.45
2017-05-23,0.4,6.0,16.1,4.2,8.5
2017-05-24,1.0,7.1,12.1,3.9,3.44
2017-05-25,0.0,5.1,11.6,8.27,5.4
2017-05-26,0.5,1.2,11.6,7.78,4.66
2017-05-27,3.8,7.3,11.4,2.49,5.95
2017-05-28,0.0,2.8,10.9,7.43,5.09
2017-05-29,0.0,6.7,12.5,6.9,6.3
2017-05-30,0.0,6.5,13.3,7.43,6.38
2017-05-31,0.0,6.7,11.3,2.53,4.47
2017-06-01,0.1,5.3,11.6,3.43,3.88
2017-06-02,0.0,6.8,10.7,2.08,2.83
2017-06-03,0.0,2.6,10.6,6.34,2.61
2017-06-04,14.1,2.6,8.0,3.26,7.07
2017-06-05,1.3,4.3,8.1,3.0,6.76
2017-06-06,3.1,5.2,11.4,6.33,3.34
2017-06-07,0.1,2.2,11.3,7.16,3.51
2017-06-08,0.0,3.5,11.8,5.13,2.82
2017-06-09,0.0,0.4,10.8,7.06,5.81
2017-06-10,0.0,4.6,10.8,5.98,5.94
2017-06-11,0.0,3.1,14.5,7.02,6.5
2017-06-12,0.0,7.3,16.7,6.95,7.78
2017-06-13,1.3,3.7,13.8,5.11,12.49
2017-06-14,0.0,3.3,9.6,5.97,12.52
2017-06-15,0.0,0.4,10.0,6.96,5.06
2017-06-16,0.0,3.6,10.8,4.72,3.5
2017-06-17,0.0,0.5,11.8,6.83,3.42
2017-06-18,0.0,3.4,12.2,6.69,4.49
2017-06-19,0.4,6.9,10.4,3.4,7.0
2017-06-20,0.0,1.9,10.7,6.92,6.12
2017-06-21,0.0,3.8,15.8,6.7,4.71
2017-06-22,5.4,7.5,12.0,1.19,7.65
2017-06-23,5.6,6.5,7.5,0.86,6.89
2017-06-24,0.4,3.0,10.7,5.26,4.64
2017-06-25,5.3,0.3,8.2,2.02,7.86
2017-06-26,0.0,-0.8,8.6,7.09,5.48
2017-06-27,0.0,2.6,11.9,6.51,5.39
2017-06-28,0.0,5.7,9.2,2.81,3.19
2017-06-29,0.0,3.5,9.9,4.03,5.73
2017-06-30,0.5,4.8,12.5,3.27,8.51
2017-07-01,7.9,7.0,10.6,1.95,6.16
2017-07-02,0.0,4.7,10.8,4.89,3.0
2017-07-03,0.0,3.9,11.2,5.14,5.89
2017-07-04,2.8,2.0,10.8,6.88,8.18
2017-07-05,0.2,4.3,9.0,5.16,5.28
2017-07-06,0.1,-0.6,7.4,4.47,2.42
2017-07-07,0.0,3.1,7.7,3.87,4.11
2017-07-08,1.1,0.7,9.0,4.76,4.96
2017-07-09,0.0,3.2,9.7,4.22,3.52
2017-07-10,0.0,1.9,10.8,6.41,2.56
2017-07-11,11.0,0.2,11.3,6.86,10.14
2017-07-12,11.7,2.6,4.8,3.99,9.19
2017-07-13,8.2,3.9,7.6,3.51,6.62
2017-07-14,1.0,3.8,8.3,4.33,5.35
2017-07-15,0.0,-0.5,9.0,7.58,3.72
2017-07-16,1.3,-0.4,9.5,3.68,6.38
2017-07-17,5.7,4.6,9.8,4.6,7.17
2017-07-18,0.0,5.6,10.8,6.66,5.45
2017-07-19,0.0,1.0,14.0,7.86,5.66
2017-07-20,0.0,4.1,14.8,6.62,5.42
2017-07-21,51.7,6.6,10.9,0.82,11.16
2017-07-22,30.9,6.0,9.6,0.92,11.47
2017-07-23,0.2,3.4,9.2,8.16,6.16
2017-07-24,0.0,3.2,13.2,5.88,7.29
2017-07-25,0.0,1.3,13.5,8.77,3.54
2017-07-26,0.0,4.0,13.4,6.69,6.8
2017-07-27,18.4,5.1,9.3,1.09,7.72
2017-07-28,3.8,2.7,6.3,6.55,7.66
2017-07-29,0.0,-2.0,8.1,8.58,3.69
2017-07-30,0.0,-3.9,8.8,9.42,6.93
2017-07-31,0.1,0.5,13.4,8.69,6.12
2017-08-01,0.4,4.2,11.4,6.19,3.65
2017-08-02,0.1,4.7,8.4,6.17,3.42
2017-08-03,0.0,3.7,7.7,3.91,3.57
2017-08-04,0.0,1.2,8.4,8.68,4.8
2017-08-05,0.0,1.3,11.0,10.1,7.23
2017-08-06,1.7,5.7,15.1,8.36,8.91
2017-08-07,0.0,6.9,16.5,10.29,7.15
2017-08-08,1.3,6.1,12.8,4.12,6.5
2017-08-09,6.8,4.5,13.9,5.46,2.35
2017-08-10,0.2,4.4,14.6,10.21,3.62
2017-08-11,0.4,4.4,15.8,9.08,3.86
2017-08-12,0.1,4.7,16.2,11.05,6.69
2017-08-13,1.9,8.2,15.1,7.59,9.43
2017-08-14,42.0,4.3,8.4,1.32,11.2
2017-08-15,0.1,2.6,10.9,9.63,9.08
2017-08-16,0.7,0.8,12.2,11.64,8.84
2017-08-17,1.6,10.1,16.5,10.92,11.1
2017-08-18,0.0,6.9,15.7,11.04,7.43
2017-08-19,4.5,2.7,11.1,11.16,4.36
2017-08-20,2.2,7.2,9.9,5.39,8.35
2017-08-21,1.0,3.1,8.7,6.34,8.13
2017-08-22,0.0,-0.7,12.0,12.98,4.0
2017-08-23,0.0,0.3,13.5,13.19,3.98
2017-08-24,0.0,5.1,15.8,13.23,4.05
2017-08-25,0.0,5.7,17.2,13.18,5.04
2017-08-26,0.0,8.3,17.4,11.53,5.77
2017-08-27,0.0,9.6,17.5,12.9,6.3
2017-08-28,1.6,8.5,16.5,10.11,6.48
2017-08-29,0.1,7.1,16.6,12.06,6.08
2017-08-30,0.1,8.3,11.1,4.12,2.55
2017-08-31,3.6,8.1,9.6,2.01,6.99
2017-09-01,8.3,5.7,8.5,3.35,9.4
2017-09-02,1.7,5.2,8.7,5.73,7.47
2017-09-03,3.0,4.8,8.2,4.37,5.29
2017-09-04,0.0,1.4,11.4,13.39,5.38
2017-09-05,0.0,3.1,15.2,12.61,7.25
2017-09-06,0.0,7.1,15.1,15.14,9.34
2017-09-07,0.4,6.2,15.0,14.2,7.02
2017-09-08,0.0,3.8,14.6,15.02,6.13
2017-09-09,0.0,4.1,12.3,15.59,5.52
2017-09-10,6.3,1.5,9.4,11.43,6.31
2017-09-11,0.3,3.6,11.5,13.09,7.62
2017-09-12,0.0,4.8,12.4,5.15,6.1
2017-09-13,0.1,3.4,15.1,15.58,6.02
2017-09-14,0.0,7.3,18.0,15.56,7.22
2017-09-15,0.3,10.9,19.7,14.47,10.26
2017-09-16,1.8,7.6,13.5,14.25,5.38
2017-09-17,1.1,6.3,14.4,10.97,8.8
2017-09-18,25.3,7.7,10.5,1.99,10.74
2017-09-19,1.0,8.8,11.1,7.96,7.8
2017-09-20,0.0,6.3,13.8,16.73,7.67
2017-09-21,3.1,8.5,12.5,6.19,6.8
2017-09-22,3.7,8.5,13.0,9.11,5.7
2017-09-23,0.0,7.2,19.3,18.32,5.56
2017-09-24,0.0,8.3,21.5,19.17,7.51
2017-09-25,0.9,10.4,21.4,16.89,10.44
2017-09-26,1.0,9.8,18.5,12.14,6.19
2017-09-27,0.0,9.0,13.4,13.24,5.23
2017-09-28,0.0,8.0,13.3,16.88,9.36
2017-09-29,0.0,8.0,20.0,19.91,5.54
2017-09-30,0.4,7.1,13.9,14.49,4.92
2017-10-01,0.0,5.9,11.9,15.95,4.5
2017-10-02,0.1,6.1,15.0,18.89,6.0
2017-10-03,0.0,7.4,21.0,21.83,5.75
2017-10-04,0.0,5.8,19.5,20.9,12.13
2017-10-05,0.2,7.7,11.4,11.55,7.4
2017-10-06,0.7,4.1,14.9,17.18,6.99
2017-10-07,12.9,9.0,11.2,3.68,5.14
2017-10-08,8.8,9.7,12.6,3.68,5.7
2017-10-09,3.6,11.2,13.7,6.26,7.57
2017-10-10,0.5,9.6,17.9,18.08,5.52
2017-10-11,6.1,9.6,12.9,8.79,8.85
2017-10-12,0.0,7.6,14.0,22.02,7.08
2017-10-13,0.0,7.4,21.2,21.36,8.05
2017-10-14,0.3,6.7,17.9,14.1,5.09
2017-10-15,4.3,7.3,17.3,23.2,6.73
2017-10-16,0.4,8.2,14.4,6.93,8.07
2017-10-17,0.6,6.1,16.7,18.19,7.42
2017-10-18,0.7,6.3,10.9,13.01,8.61
2017-10-19,0.0,6.3,21.9,24.24,4.78
2017-10-20,0.0,7.0,16.6,25.16,6.51
2017-10-21,0.0,9.2,18.4,15.16,6.61
2017-10-22,0.0,8.0,18.8,23.61,6.72
2017-10-23,1.4,7.6,17.8,19.73,6.21
2017-10-24,0.3,7.5,15.8,22.11,6.3
2017-10-25,2.3,7.2,18.2,18.81,8.68
2017-10-26,2.2,7.0,16.9,19.9,5.38
2017-10-27,0.9,9.1,15.1,16.79,6.54
2017-10-28,0.0,9.7,18.0,27.58,6.95
2017-10-29,0.0,10.7,21.6,24.73,5.59
2017-10-30,0.0,12.3,21.3,22.69,4.03
2017-10-31,0.0,11.5,22.1,25.92,5.03
2017-11-01,0.0,12.6,21.3,26.65,7.02
2017-11-02,0.0,13.4,22.6,27.17,6.45
2017-11-03,0.0,14.2,22.6,20.52,8.1
2017-11-04,0.0,12.0,22.4,22.35,10.69
2017-11-05,0.0,9.0,18.0,28.85,11.09
2017-11-06,0.7,6.5,15.5,27.04,6.61
2017-11-07,3.8,7.0,16.6,16.3,10.4
2017-11-08,3.3,5.6,16.3,17.63,12.56
2017-11-09,0.0,5.5,20.4,28.71,7.2
2017-11-10,1.7,9.2,14.3,22.93,5.83
2017-11-11,0.2,6.7,14.2,17.59,4.74
2017-11-12,0.7,9.8,13.7,14.43,5.35
2017-11-13,0.4,7.0,12.7,14.08,4.74
2017-11-14,0.0,6.6,15.6,20.91,3.82
2017-11-15,0.0,8.0,17.9,30.03,6.16
2017-11-16,0.0,9.9,17.9,28.84,5.41
2017-11-17,0.5,11.2,17.1,18.75,7.88
2017-11-18,0.0,9.8,16.8,22.29,4.61
2017-11-19,0.0,7.7,18.2,31.1,5.71
2017-11-20,0.1,8.5,17.3,17.51,5.5
2017-11-21,0.0,10.7,15.9,11.1,5.5
2017-11-22,0.0,8.1,21.9,30.59,3.92
2017-11-23,0.0,9.4,21.1,30.2,5.94
2017-11-24,0.0,13.2,21.3,23.39,5.81
2017-11-25,0.0,12.2,18.8,21.41,5.53
2017-11-26,0.5,12.8,18.6,23.53,7.02
2017-11-27,0.0,11.8,21.2,27.7,4.66
2017-11-28,0.6,14.0,21.8,28.78,6.8
2017-11-29,0.2,14.2,19.6,15.93,3.52
2017-11-30,0.1,13.9,22.4,23.44,6.8
2017-12-01,0.0,14.2,26.6,29.18,6.18
2017-12-02,0.0,15.7,27.2,31.97,5.5
2017-12-03,0.0,15.1,24.7,30.96,4.56
2017-12-04,0.0,13.9,27.6,32.08,6.52
2017-12-05,0.0,13.9,26.0,31.99,6.48
2017-12-06,0.0,14.5,21.4,25.19,6.84
2017-12-07,0.0,16.3,22.5,29.98,9.23
2017-12-08,0.0,14.9,29.3,31.84,5.24
2017-12-09,0.3,19.8,28.7,28.6,8.34
2017-12-10,0.0,18.1,28.2,27.55,8.45
2017-12-11,0.0,14.4,27.1,31.13,7.5
2017-12-12,3.0,14.1,17.2,10.19,6.28
2017-12-13,18.3,12.9,17.9,15.99,5.61
2017-12-14,0.1,11.1,19.3,25.44,8.92
2017-12-15,0.0,12.1,27.4,31.65,6.79
2017-12-16,0.0,14.3,24.4,31.09,6.08
2017-12-17,0.5,16.0,28.3,27.77,7.29
2017-12-18,5.4,13.2,16.7,13.81,7.56
2017-12-19,1.6,11.6,21.6,18.86,10.26
2017-12-20,0.1,11.3,16.2,24.31,9.32
2017-12-21,2.0,11.8,23.6,21.12,8.01
2017-12-22,0.7,14.3,20.6,20.78,7.44
2017-12-23,0.0,14.0,20.3,24.52,9.54
2017-12-24,0.2,14.2,27.3,30.47,7.38
2017-12-25,0.4,14.2,28.4,32.42,7.5
2017-12-26,9.5,10.9,14.3,8.47,7.1
2017-12-27,3.8,9.7,14.9,24.39,8.16
2017-12-28,0.3,10.7,15.4,22.57,4.71
2017-12-29,0.0,6.9,19.3,28.6,6.62
2017-12-30,0.0,11.9,20.7,31.7,10.62
2017-12-31,0.8,14.0,26.3,19.38,8.94
2018-01-01,0.3,14.0,21.5,18.87,6.51
2018-01-02,0.0,14.6,22.5,24.09,4.88
2018-01-03,0.1,16.3,25.8,26.69,7.43
2018-01-04,0.0,15.1,23.0,24.44,5.22
2018-01-05,25.3,14.6,16.9,2.66,11.87
2018-01-06,0.7,12.5,15.2,22.06,12.49
2018-01-07,0.1,11.1,19.1,29.24,4.92
2018-01-08,0.0,13.9,22.0,28.5,7.84
2018-01-09,0.1,15.8,26.6,23.47,4.34
2018-01-10,9.8,13.2,16.5,3.31,6.08
2018-01-11,35.7,13.1,14.4,2.4,2.02
2018-01-12,6.4,12.6,15.4,7.26,5.51
2018-01-13,0.3,14.1,22.7,19.96,6.59
2018-01-14,0.0,14.8,27.5,29.31,7.27
2018-01-15,0.0,15.6,25.5,30.89,7.74
2018-01-16,0.0,16.1,26.0,28.01,6.77
2018-01-17,0.7,17.5,24.8,16.07,8.38
2018-01-18,0.0,16.3,26.0,26.23,5.73
2018-01-19,0.3,16.7,22.8,19.18,7.22
2018-01-20,0.0,16.3,26.8,30.05,4.63
2018-01-21,0.1,15.8,21.5,17.62,4.7
2018-01-22,0.0,16.4,23.5,23.69,4.09
2018-01-23,0.0,17.4,26.1,29.49,7.28
2018-01-24,0.0,16.7,30.9,28.22,6.37
2018-01-25,2.0,16.4,30.4,24.0,5.89
2018-01-26,1.1,17.0,21.8,14.66,6.28
2018-01-27,0.0,16.6,25.4,28.44,6.25
2018-01-28,0.0,16.9,24.1,19.51,5.11
2018-01-29,0.0,17.4,24.3,28.73,8.51
2018-01-30,0.0,17.2,31.0,29.61,5.19
2018-01-31,0.0,17.0,29.3,26.93,8.9
2018-02-01,6.1,14.7,29.9,19.5,12.2
2018-02-02,15.2,12.3,16.0,9.06,8.32
2018-02-03,1.3,11.2,15.0,15.24,6.3
2018-02-04,0.0,9.5,24.7,26.96,6.1
2018-02-05,0.0,13.7,23.8,22.46,9.71
2018-02-06,1.4,11.6,15.7,11.22,6.7
2018-02-07,0.0,10.3,18.5,19.4,4.96
2018-02-08,0.0,11.8,20.6,28.9,8.24
2018-02-09,0.0,14.0,22.8,27.59,6.65
2018-02-10,0.2,13.9,23.4,18.72,5.44
2018-02-11,12.0,17.5,20.0,5.1,8.63
2018-02-12,0.0,14.4,27.4,26.25,6.58
2018-02-13,0.1,15.7,25.2,20.92,8.2
2018-02-14,0.6,14.9,19.9,11.33,7.11
2018-02-15,0.0,12.6,25.2,26.93,8.85
2018-02-16,0.0,12.4,26.8,23.78,9.03
2018-02-17,3.0,16.0,24.4,15.24,10.01
2018-02-18,0.0,14.2,27.4,26.19,8.17
2018-02-19,0.0,15.9,24.3,21.69,10.76
2018-02-20,54.5,13.0,15.0,1.92,10.48
2018-02-21,18.4,9.2,13.2,6.7,9.16
2018-02-22,0.0,9.1,16.4,16.77,7.28
2018-02-23,0.0,7.7,20.2,23.13,4.68
2018-02-24,0.0,10.2,20.4,24.28,7.41
2018-02-25,0.0,15.8,24.7,16.07,11.2
2018-02-26,15.6,12.9,18.3,14.45,9.25
2018-02-27,0.0,12.4,15.9,10.96,5.35
2018-02-28,1.0,13.3,20.0,15.58,6.88
2018-03-01,0.0,16.1,24.8,20.41,6.35
2018-03-02,2.6,16.3,21.6,7.36,6.22
2018-03-03,0.0,16.4,25.3,21.39,7.38
2018-03-04,0.0,14.8,25.7,21.6,6.85
2018-03-05,0.1,16.7,20.6,11.86,5.33
2018-03-06,10.4,13.5,16.7,3.24,8.08
2018-03-07,0.4,11.3,15.7,13.01,4.7
2018-03-08,0.6,9.8,17.6,13.83,3.5
2018-03-09,2.3,11.3,14.2,6.32,7.76
2018-03-10,0.0,8.0,18.1,22.51,3.58
2018-03-11,0.0,8.0,19.5,21.37,8.68
2018-03-12,0.0,10.1,22.2,21.3,5.66
2018-03-13,0.8,11.3,18.2,8.0,7.99
2018-03-14,0.8,8.5,20.7,20.58,7.16
2018-03-15,0.0,13.6,22.7,15.65,6.64
2018-03-16,0.1,12.4,22.5,14.73,9.79
2018-03-17,0.0,11.9,14.9,8.23,6.34
2018-03-18,0.0,11.6,18.5,18.25,8.42
2018-03-19,0.0,13.0,23.6,15.13,7.28
2018-03-20,0.0,13.4,25.7,19.21,5.06
2018-03-21,8.3,13.1,22.7,14.03,7.78
2018-03-22,6.9,9.9,13.3,3.54,9.4
2018-03-23,5.3,8.8,12.6,5.46,4.79
2018-03-24,3.6,11.1,18.0,12.97,5.1
2018-03-25,0.0,9.6,21.8,16.42,4.34
2018-03-26,0.0,12.0,23.6,17.55,6.05
2018-03-27,2.6,12.6,25.0,11.15,9.72
2018-03-28,0.0,12.3,21.7,17.84,6.68
2018-03-29,0.4,11.4,18.2,10.99,6.58
2018-03-30,0.0,9.5,20.2,17.24,7.24
2018-03-31,1.8,10.2,24.1,13.57,11.81
2018-04-01,0.0,7.5,17.8,16.96,6.71
2018-04-02,0.0,9.4,22.4,15.03,7.5
2018-04-03,0.0,12.5,23.7,14.49,10.1
2018-04-04,0.0,11.3,22.8,13.56,8.81
2018-04-05,0.0,8.9,17.3,13.55,7.73
2018-04-06,0.0,10.3,24.5,15.54,9.45
2018-04-07,4.1,9.5,14.6,7.96,8.03
2018-04-08,0.0,7.2,18.7,11.28,8.18
2018-04-09,12.2,7.6,12.3,3.76,6.91
2018-04-10,20.0,5.2,8.5,5.3,9.17
2018-04-11,13.0,4.8,9.6,6.58,10.58
2018-04-12,0.4,1.1,12.0,6.65,5.54
2018-04-13,0.4,6.9,12.5,11.69,7.41
2018-04-14,0.1,3.6,12.9,10.09,3.16
2018-04-15,0.0,7.5,14.3,12.28,11.47
2018-04-16,3.5,11.5,19.1,11.28,9.56
2018-04-17,2.0,8.8,18.9,13.43,9.85
2018-04-18,0.0,6.0,13.7,13.16,4.92
2018-04-19,0.0,7.8,19.5,13.29,5.88
2018-04-20,0.0,9.1,20.3,12.56,7.62
2018-04-21,7.4,9.1,18.4,10.45,7.47
2018-04-22,1.8,4.9,13.6,13.06,4.66
2018-04-23,0.0,3.8,15.4,12.68,4.97
2018-04-24,0.0,7.3,17.7,11.58,5.63
2018-04-25,0.0,6.2,16.5,11.35,3.53
2018-04-26,0.0,7.3,20.2,11.94,6.94
2018-04-27,0.0,10.3,19.2,10.71,7.29
2018-04-28,14.7,9.6,11.9,1.05,4.51
2018-04-29,12.0,9.5,12.2,1.29,6.0
2018-04-30,7.0,9.2,12.2,1.24,6.56
2018-05-01,0.1,6.8,15.1,10.96,5.64
2018-05-02,0.0,9.0,14.7,9.03,4.0
2018-05-03,0.0,9.0,15.0,10.59,4.74
2018-05-04,0.0,9.7,14.8,8.38,7.05
2018-05-05,0.0,8.2,18.2,9.38,6.54
2018-05-06,0.3,8.7,18.5,10.27,5.32
2018-05-07,0.0,6.8,18.8,9.7,7.21
2018-05-08,0.0,8.8,18.6,8.79,7.22
2018-05-09,0.0,7.3,17.8,10.24,4.64
2018-05-10,0.0,6.0,17.4,8.25,4.11
2018-05-11,0.8,9.6,16.9,6.61,8.64
2018-05-12,2.3,7.8,14.0,3.58,7.13
2018-05-13,2.9,8.9,11.9,1.98,4.62
2018-05-14,0.1,8.3,13.6,6.27,3.36
2018-05-15,6.0,8.0,13.0,2.57,2.28
2018-05-16,4.2,7.0,11.0,2.26,8.48
2018-05-17,4.4,4.3,12.0,8.46,6.59
2018-05-18,0.0,5.2,16.5,8.69,5.47
2018-05-19,0.0,5.7,16.4,8.77,5.1
2018-05-20,1.7,7.8,15.7,7.7,14.4
2018-05-21,0.1,5.0,11.5,7.34,7.78
2018-05-22,7.5,4.0,13.4,5.46,8.19
2018-05-23,5.0,2.4,10.0,7.22,6.0
2018-05-24,0.0,1.8,13.2,8.04,8.07
2018-05-25,1.4,1.4,9.9,7.16,7.64
2018-05-26,2.0,4.3,10.0,6.11,6.51
2018-05-27,5.6,4.2,9.4,4.19,10.21
2018-05-28,6.9,4.9,7.7,3.43,9.77
2018-05-29,0.2,4.3,8.4,2.84,5.5
2018-05-30,0.0,2.8,8.7,6.75,3.2
2018-05-31,0.0,-0.3,8.9,5.91,2.47
2018-06-01,0.0,0.3,8.5,4.39,2.72
2018-06-02,0.3,6.3,9.5,3.24,2.42
2018-06-03,1.3,7.1,10.0,2.31,3.3
2018-06-04,4.2,7.8,8.9,0.87,4.43
2018-06-05,7.2,5.9,11.5,6.04,6.94
2018-06-06,7.3,4.3,6.9,5.0,10.43
2018-06-07,5.9,5.0,12.2,3.97,9.53
2018-06-08,0.0,5.5,10.9,6.73,6.86
2018-06-09,0.0,3.2,13.8,4.18,8.76
2018-06-10,0.3,9.6,14.0,3.44,6.61
2018-06-11,1.5,8.1,10.0,1.07,3.47
2018-06-12,3.7,7.7,9.4,1.3,2.59
2018-06-13,17.3,7.3,9.4,1.17,7.31
2018-06-14,0.0,7.9,11.6,2.96,4.69
2018-06-15,0.0,5.2,11.1,5.65,3.98
2018-06-16,0.0,4.8,14.0,5.82,3.94
2018-06-17,1.3,4.1,10.3,4.76,2.02
2018-06-18,1.7,6.4,9.5,3.99,5.41
2018-06-19,3.3,7.6,9.7,4.83,6.33
2018-06-20,0.8,4.5,9.0,3.51,5.33
2018-06-21,0.0,1.3,9.2,5.02,1.86
2018-06-22,0.0,-3.2,7.9,7.06,2.73
2018-06-23,0.0,-2.3,8.2,6.53,3.62
2018-06-24,1.0,3.3,13.9,5.89,7.94
2018-06-25,0.2,1.1,10.9,6.83,4.28
2018-06-26,0.2,2.7,7.7,5.85,8.93
2018-06-27,0.0,5.8,10.5,2.85,4.36
2018-06-28,0.0,2.5,12.4,6.72,2.8
2018-06-29,0.0,3.1,10.8,6.08,2.73
2018-06-30,0.0,-1.2,11.0,7.05,4.53
2018-07-01,6.4,3.9,14.9,5.17,7.55
2018-07-02,5.4,6.1,9.8,2.01,8.69
2018-07-03,0.0,4.2,10.3,6.12,4.86
2018-07-04,0.0,-0.2,11.2,7.21,5.28
2018-07-05,0.0,4.0,9.6,5.55,7.43
2018-07-06,0.4,5.6,14.5,6.08,5.26
2018-07-07,3.8,6.0,18.0,6.22,9.51
2018-07-08,5.7,3.4,13.7,3.35,10.54
2018-07-09,1.2,5.8,12.6,5.41,5.99
2018-07-10,1.5,4.4,11.8,7.13,4.82
2018-07-11,0.0,0.9,13.4,7.53,5.14
2018-07-12,0.0,3.5,9.5,7.49,7.48
2018-07-13,0.0,2.1,13.1,7.69,4.21
2018-07-14,0.0,2.6,12.8,7.68,3.8
2018-07-15,1.1,3.3,11.5,3.31,8.18
2018-07-16,1.9,7.4,13.7,5.01,6.86
2018-07-17,0.0,5.3,15.2,7.9,6.2
2018-07-18,0.0,1.8,13.1,8.07,3.22
2018-07-19,0.0,2.6,12.5,8.06,3.7
2018-07-20,0.0,1.6,13.9,8.16,4.68
2018-07-21,2.2,4.9,13.3,4.85,11.73
2018-07-22,0.0,4.2,13.2,8.42,9.35
2018-07-23,6.6,4.5,9.5,4.75,6.29
2018-07-24,0.8,3.6,8.5,4.92,5.59
2018-07-25,0.1,-1.4,8.8,8.18,3.55
2018-07-26,0.7,0.2,10.1,8.21,4.89
2018-07-27,0.0,3.2,13.7,8.47,5.23
2018-07-28,0.1,6.2,13.9,8.37,6.3
2018-07-29,4.6,3.2,10.2,6.63,8.0
2018-07-30,0.0,2.5,10.1,9.35,7.0
2018-07-31,0.8,5.9,15.9,6.31,8.11
2018-08-01,0.0,7.1,15.4,7.55,6.2
2018-08-02,1.3,4.4,12.3,5.03,6.38
2018-08-03,0.3,1.8,11.2,6.74,3.2
2018-08-04,0.0,6.3,11.7,5.35,3.14
2018-08-05,0.0,3.9,11.5,7.97,3.72
2018-08-06,1.0,4.3,9.8,2.52,3.02
2018-08-07,0.0,4.5,15.9,9.27,7.27
2018-08-08,4.7,8.3,15.5,3.03,6.74
2018-08-09,0.0,3.0,15.8,10.56,3.81
2018-08-10,0.0,3.9,11.5,6.96,5.34
2018-08-11,0.0,2.6,11.8,11.07,6.44
2018-08-12,0.0,5.4,13.0,10.93,7.79
2018-08-13,0.0,5.1,14.7,9.94,4.75
2018-08-14,0.4,3.5,11.6,7.16,3.8
2018-08-15,0.4,7.4,12.7,9.78,6.37
2018-08-16,0.3,5.9,15.2,7.98,6.82
2018-08-17,11.9,5.6,11.8,9.55,7.29
2018-08-18,4.5,2.0,9.5,8.86,5.32
2018-08-19,0.0,0.1,10.5,12.64,6.52
2018-08-20,0.9,4.6,11.9,9.14,7.94
2018-08-21,0.0,2.8,11.5,10.49,4.55
2018-08-22,0.4,2.6,13.9,12.23,3.76
2018-08-23,7.2,1.9,10.6,6.81,5.19
2018-08-24,4.2,4.6,10.7,7.62,6.17
2018-08-25,0.1,2.4,9.7,7.69,6.8
2018-08-26,0.0,2.8,14.8,13.46,4.66
2018-08-27,0.0,5.8,17.4,13.78,6.17
2018-08-28,0.0,4.5,12.0,10.37,5.1
2018-08-29,3.9,3.0,11.4,4.83,6.39
2018-08-30,0.0,2.2,15.8,14.14,4.17
2018-08-31,1.5,5.8,10.3,5.73,8.6
2018-09-01,0.0,5.4,13.6,14.27,7.29
2018-09-02,3.3,3.3,12.9,6.76,5.99
2018-09-03,19.1,6.6,8.9,3.03,12.45
2018-09-04,2.8,6.1,9.7,8.64,6.82
2018-09-05,0.1,4.5,9.7,9.31,2.82
2018-09-06,0.0,4.1,10.1,10.4,3.32
2018-09-07,0.0,-0.4,9.3,11.47,3.06
2018-09-08,0.0,1.2,10.7,15.36,4.46
2018-09-09,0.0,-0.7,10.1,15.16,2.66
2018-09-10,0.0,-0.8,9.0,12.61,3.93
2018-09-11,0.9,5.0,13.5,11.42,2.92
2018-09-12,0.0,4.8,16.1,16.9,4.83
2018-09-13,0.0,8.4,19.5,13.89,6.64
2018-09-14,0.0,9.9,19.1,17.24,7.99
2018-09-15,0.0,6.1,19.8,17.68,5.3
2018-09-16,0.0,10.8,19.2,17.66,8.54
2018-09-17,4.0,7.0,12.4,8.45,6.2
2018-09-18,0.1,5.8,13.7,15.25,6.37
2018-09-19,0.0,5.3,14.6,18.58,6.59
2018-09-20,0.0,3.5,19.4,19.03,4.05
2018-09-21,0.3,5.0,13.2,9.3,6.67
2018-09-22,0.0,5.3,15.5,19.24,7.07
2018-09-23,0.9,7.9,18.0,17.55,6.16
2018-09-24,19.2,6.2,11.4,7.49,12.15
2018-09-25,14.8,5.2,13.2,14.39,10.9
2018-09-26,0.2,5.2,11.4,14.84,7.0
2018-09-27,0.0,5.7,12.4,17.9,5.35
2018-09-28,0.0,1.6,14.9,20.13,4.41
2018-09-29,0.0,6.1,18.1,20.87,6.61
2018-09-30,0.0,10.7,16.7,9.1,7.11
2018-10-01,0.0,6.1,14.3,16.1,6.12
2018-10-02,1.1,6.1,16.2,18.96,8.71
2018-10-03,0.0,6.7,14.4,20.67,7.08
2018-10-04,0.0,4.7,18.6,21.55,5.44
2018-10-05,3.1,7.2,11.7,10.08,5.48
2018-10-06,0.0,5.8,14.0,21.12,8.63
2018-10-07,0.0,7.4,16.0,17.41,7.02
2018-10-08,0.0,7.9,14.2,21.14,6.9
2018-10-09,0.0,4.6,16.2,22.83,7.13
2018-10-10,1.4,6.4,17.8,14.63,8.75
2018-10-11,6.9,8.0,12.2,7.73,5.15
2018-10-12,17.2,5.4,9.2,6.95,11.51
2018-10-13,0.2,3.6,12.0,21.56,7.18
2018-10-14,0.5,4.8,11.0,15.62,9.0
2018-10-15,0.0,0.3,11.3,18.26,4.92
2018-10-16,0.0,3.4,16.3,24.38,5.02
2018-10-17,0.6,8.1,20.2,12.96,6.44
2018-10-18,3.0,7.9,14.6,17.91,6.04
2018-10-19,0.0,8.2,23.2,24.87,6.26
2018-10-20,0.0,9.0,22.3,24.71,5.06
2018-10-21,0.0,8.9,20.1,23.95,4.95
2018-10-22,0.0,10.3,21.1,25.24,6.65
2018-10-23,0.0,10.8,24.8,25.56,6.22
2018-10-24,0.0,11.5,24.4,24.06,6.54
2018-10-25,8.9,8.1,16.3,5.57,8.17
2018-10-26,0.0,5.8,13.6,17.13,6.09
2018-10-27,0.0,8.1,17.6,23.22,5.48
2018-10-28,3.6,7.0,16.0,18.73,4.54
2018-10-29,4.3,10.7,12.2,5.3,5.97
2018-10-30,10.1,7.9,10.7,8.07,10.83
2018-10-31,0.9,4.1,14.6,27.24,8.22
2018-11-01,5.9,7.4,12.6,23.1,9.87
2018-11-02,1.9,3.9,15.7,26.47,8.53
2018-11-03,6.0,9.9,24.1,19.67,11.18
2018-11-04,0.1,8.0,17.9,25.51,7.71
2018-11-05,0.0,7.9,21.9,27.96,5.75
2018-11-06,0.0,8.6,20.6,28.64,6.08
2018-11-07,0.0,12.3,22.0,21.56,7.98
2018-11-08,30.6,10.0,24.2,21.12,9.51
2018-11-09,35.9,6.3,10.3,4.4,6.28
2018-11-10,0.2,3.8,14.3,22.4,6.92
2018-11-11,0.0,7.2,16.9,28.65,6.42
2018-11-12,0.0,8.0,19.2,25.71,4.82
2018-11-13,0.1,10.1,16.7,24.84,6.19
2018-11-14,0.0,10.6,19.0,29.69,6.87
2018-11-15,0.0,7.8,25.0,30.9,5.64
2018-11-16,0.0,10.6,20.5,26.98,7.71
2018-11-17,1.8,11.8,17.7,13.28,4.43
2018-11-18,8.4,6.3,19.0,22.97,9.5
2018-11-19,8.9,4.4,10.5,17.32,5.74
2018-11-20,16.3,4.8,12.1,9.93,10.04
2018-11-21,1.0,5.6,14.4,21.93,5.14
2018-11-22,0.2,4.8,16.3,28.44,6.24
2018-11-23,0.6,9.2,17.0,23.81,6.81
2018-11-24,5.7,11.8,16.9,10.14,4.88
2018-11-25,3.3,12.6,16.1,8.57,8.3
2018-11-26,5.4,11.1,14.6,10.67,4.72
2018-11-27,7.5,8.3,14.3,14.88,6.04
2018-11-28,14.8,11.9,15.3,7.2,4.83
2018-11-29,0.0,10.8,17.0,25.39,6.41
2018-11-30,0.1,10.7,17.8,20.1,8.48
2018-12-01,0.0,14.1,18.3,19.18,9.33
2018-12-02,1.0,14.0,18.5,15.99,7.32
2018-12-03,0.7,14.3,18.4,19.07,8.86
2018-12-04,1.4,12.2,24.0,27.1,8.26
2018-12-05,8.6,10.4,17.3,17.76,7.94
2018-12-06,2.2,10.0,13.8,26.78,8.51
2018-12-07,0.2,7.8,19.5,31.34,6.25
2018-12-08,0.0,10.6,20.8,27.35,5.94
2018-12-09,0.1,12.8,26.5,29.89,5.85
2018-12-10,1.0,12.0,16.5,14.3,6.76
2018-12-11,9.9,11.7,15.1,10.02,7.51
2018-12-12,1.6,13.5,17.4,11.57,4.49
2018-12-13,4.0,13.4,17.2,13.53,5.74
2018-12-14,0.3,13.9,19.8,21.29,5.84
2018-12-15,0.2,12.8,19.1,27.65,4.46
2018-12-16,0.2,14.3,19.2,18.54,6.51
2018-12-17,0.0,13.2,26.3,32.18,6.93
2018-12-18,1.1,15.1,23.3,12.3,6.72
2018-12-19,22.4,10.9,14.8,6.31,6.91
2018-12-20,5.8,10.0,13.9,10.28,3.09
2018-12-21,8.3,9.0,18.1,23.04,5.09
2018-12-22,12.9,9.6,19.1,23.22,6.9
2018-12-23,1.4,11.2,14.8,20.13,5.49
2018-12-24,0.0,10.4,18.7,33.6,9.63
2018-12-25,0.1,12.7,20.4,23.31,5.88
2018-12-26,3.3,12.3,15.9,14.26,6.26
2018-12-27,2.0,12.2,18.1,20.37,5.02
2018-12-28,0.0,13.3,18.8,29.89,9.85
2018-12-29,0.0,13.9,26.4,28.39,5.74
2018-12-30,0.0,16.6,27.9,25.43,8.67
2018-12-31,0.6,14.7,21.6,28.31,7.04
2019-01-01,2.3,15.6,23.4,18.77,6.4
2019-01-02,0.0,15.1,28.5,24.8,7.86
2019-01-03,0.6,13.3,27.2,27.61,7.96
2019-01-04,0.0,13.4,22.0,29.22,5.95
2019-01-05,0.0,13.9,30.0,32.58,7.77
2019-01-06,6.7,14.3,25.5,26.3,10.9
2019-01-07,1.3,14.2,20.0,20.97,7.24
2019-01-08,0.3,13.4,20.9,23.13,6.36
2019-01-09,0.0,15.4,26.4,31.05,9.72
2019-01-10,0.3,14.5,24.8,27.37,7.82
2019-01-11,1.1,12.3,18.1,20.78,6.13
2019-01-12,0.6,13.1,17.9,14.52,7.66
2019-01-13,4.7,12.6,23.4,23.26,8.35
2019-01-14,7.9,11.5,15.3,12.7,12.17
2019-01-15,0.1,12.1,16.4,21.23,5.55
2019-01-16,0.0,9.5,19.9,31.75,7.67
2019-01-17,0.0,13.9,24.3,28.2,6.01
2019-01-18,3.2,15.9,19.6,16.3,5.19
2019-01-19,1.3,15.1,26.8,22.15,8.81
2019-01-20,0.0,13.1,23.5,29.27,10.56
2019-01-21,0.7,14.0,23.4,26.31,9.06
2019-01-22,0.0,11.5,26.7,30.42,8.96
2019-01-23,6.7,12.0,28.6,26.88,15.19
2019-01-24,0.3,9.3,17.8,23.27,7.4
2019-01-25,0.0,9.3,20.7,26.57,6.99
2019-01-26,0.0,13.3,24.9,22.77,10.47
2019-01-27,0.0,17.7,27.1,29.79,8.56
2019-01-28,0.0,18.2,26.3,25.82,5.7
2019-01-29,0.3,16.1,23.5,22.46,6.33
2019-01-30,0.0,15.1,28.0,24.23,5.16
2019-01-31,0.0,17.5,27.4,28.29,7.71
2019-02-01,2.9,13.6,26.0,11.55,10.53
2019-02-02,0.0,11.7,20.2,27.27,6.41
2019-02-03,0.0,14.2,23.1,28.57,6.91
2019-02-04,0.0,13.5,30.4,30.0,6.54
2019-02-05,0.0,14.9,28.7,24.51,8.64
2019-02-06,0.9,11.5,14.4,9.75,6.8
2019-02-07,0.0,7.8,17.0,26.19,6.99
2019-02-08,0.0,12.3,22.3,28.66,8.54
2019-02-09,0.0,14.9,28.5,26.64,8.05
2019-02-10,0.0,16.3,27.4,28.35,6.11
2019-02-11,0.7,14.8,26.3,28.0,8.8
2019-02-12,0.3,15.3,27.6,22.92,6.26
2019-02-13,0.0,15.8,25.8,26.2,7.75
2019-02-14,1.2,15.3,29.3,25.32,8.62
2019-02-15,0.0,15.3,22.3,24.39,7.43
2019-02-16,1.3,10.8,15.7,11.63,9.15
2019-02-17,0.0,10.4,21.3,25.16,5.1
2019-02-18,0.0,11.3,26.4,24.88,5.84
2019-02-19,0.0,16.2,29.5,25.26,7.14
2019-02-20,0.0,16.5,26.8,23.43,6.72
2019-02-21,0.0,14.6,28.8,24.95,8.15
2019-02-22,0.0,13.5,25.4,21.43,8.96
2019-02-23,4.1,9.8,17.3,14.45,6.17
2019-02-24,6.7,10.3,13.4,11.67,9.23
2019-02-25,1.7,9.7,14.1,10.79,6.07
2019-02-26,0.0,9.3,22.8,24.01,5.8
2019-02-27,9.4,11.0,24.5,13.28,10.12
2019-02-28,0.0,7.9,14.5,17.95,9.22
2019-03-01,0.0,5.5,19.8,24.16,3.86
2019-03-02,0.0,11.4,17.8,20.55,3.49
2019-03-03,0.0,9.4,22.4,23.8,5.88
2019-03-04,0.0,13.3,28.0,23.72,6.8
2019-03-05,0.0,14.0,28.1,22.85,5.53
2019-03-06,0.0,15.0,28.2,22.68,6.79
2019-03-07,0.7,17.8,26.1,21.99,9.54
2019-03-08,13.7,12.2,15.1,5.35,8.53
2019-03-09,0.0,9.6,17.3,14.06,5.94
2019-03-10,1.7,12.0,15.8,5.5,4.63
2019-03-11,0.0,10.4,19.8,17.7,7.75
2019-03-12,1.4,15.1,27.4,21.33,5.05
2019-03-13,0.0,13.6,28.7,19.68,11.0
2019-03-14,0.1,14.3,16.8,7.1,7.24
2019-03-15,15.2,13.7,20.4,8.68,4.94
2019-03-16,7.7,14.6,18.2,8.05,5.6
2019-03-17,0.0,13.9,17.6,11.06,5.66
2019-03-18,0.0,13.5,19.3,12.28,5.39
2019-03-19,0.1,15.1,20.5,13.9,4.72
2019-03-20,0.0,14.6,20.7,13.85,4.81
2019-03-21,0.0,14.2,20.0,18.5,9.32
2019-03-22,0.0,14.7,20.8,18.23,7.23
2019-03-23,0.0,13.6,21.7,16.07,4.96
2019-03-24,0.0,15.2,23.0,18.37,5.3
2019-03-25,0.0,17.8,26.8,15.43,7.34
2019-03-26,5.6,19.4,23.8,5.39,10.39
2019-03-27,14.8,14.1,22.9,8.91,8.86
2019-03-28,0.0,11.8,17.0,10.2,6.13
2019-03-29,0.0,10.7,17.4,15.34,6.82
2019-03-30,0.0,13.3,19.5,16.84,8.5
2019-03-31,0.0,14.2,22.0,15.9,8.91
2019-04-01,6.1,12.0,23.9,17.26,12.72
2019-04-02,3.1,9.6,13.8,10.84,6.14
2019-04-03,0.1,9.0,15.6,12.03,5.5
2019-04-04,0.1,8.4,17.2,14.44,7.21
2019-04-05,13.3,8.6,11.5,5.03,9.0
2019-04-06,2.1,6.0,11.8,9.19,6.35
2019-04-07,5.6,7.7,12.7,5.28,6.59
2019-04-08,0.1,7.3,16.9,13.4,5.46
2019-04-09,0.0,8.8,17.7,15.4,6.22
2019-04-10,0.5,11.0,24.4,13.26,7.69
2019-04-11,8.9,11.1,14.0,3.43,5.66
2019-04-12,2.0,8.7,12.5,7.35,9.63
2019-04-13,0.5,5.5,13.9,12.54,4.96
2019-04-14,0.2,4.1,14.5,6.11,7.71
2019-04-15,0.1,9.3,14.1,10.34,4.81
2019-04-16,1.8,8.0,13.3,5.91,4.5
2019-04-17,0.0,3.8,15.6,13.94,2.51
2019-04-18,0.0,3.7,14.7,10.8,4.32
2019-04-19,0.0,8.0,15.9,13.05,4.53
2019-04-20,0.2,9.7,19.4,8.8,5.73
2019-04-21,12.0,10.9,14.2,3.63,5.29
2019-04-22,2.5,7.9,14.5,6.98,5.77
2019-04-23,0.0,7.5,16.3,12.26,6.24
2019-04-24,0.2,8.0,13.1,6.46,2.32
2019-04-25,0.0,8.8,17.2,11.52,5.33
2019-04-26,0.0,8.0,17.4,11.98,6.96
2019-04-27,3.2,9.6,21.6,7.25,8.54
2019-04-28,1.8,8.2,16.6,9.34,7.91
2019-04-29,29.3,8.8,12.0,2.66,14.68
2019-04-30,0.0,5.2,13.2,10.57,7.03
2019-05-01,0.0,3.7,15.9,11.26,4.52
2019-05-02,0.0,4.6,19.8,9.31,7.67
2019-05-03,0.0,7.9,16.4,9.79,5.56
2019-05-04,0.0,9.2,20.9,10.26,7.29
2019-05-05,0.0,9.3,17.2,8.46,4.94
2019-05-06,0.0,9.0,15.9,7.42,5.28
2019-05-07,0.3,12.4,14.9,4.2,6.34
2019-05-08,0.0,8.7,15.7,7.11,4.88
2019-05-09,3.9,11.1,21.5,7.65,5.49
2019-05-10,0.2,10.2,19.4,9.61,3.76
2019-05-11,0.0,7.6,16.4,8.34,5.4
2019-05-12,1.2,11.3,17.1,3.51,7.38
2019-05-13,7.6,6.7,13.2,8.63,14.31
2019-05-14,0.4,4.0,16.6,8.72,8.39
2019-05-15,0.0,5.5,17.4,7.19,6.46
2019-05-16,4.5,5.5,16.2,6.1,10.72
2019-05-17,0.0,4.5,11.0,8.62,5.16
2019-05-18,0.0,4.0,17.1,6.12,6.73
2019-05-19,0.0,5.6,13.5,6.23,7.0
2019-05-20,0.0,3.7,14.4,8.58,4.24
2019-05-21,0.0,6.0,14.4,8.43,5.01
2019-05-22,0.0,2.7,16.7,8.31,3.72
2019-05-23,0.0,6.5,15.2,7.3,3.74
2019-05-24,0.0,4.7,15.9,8.24,3.89
2019-05-25,0.0,5.4,16.5,8.05,4.48
2019-05-26,0.0,8.0,19.1,7.1,5.67
2019-05-27,0.0,8.7,17.5,4.13,6.96
2019-05-28,4.4,11.2,16.6,3.09,8.52
2019-05-29,1.6,7.0,17.4,7.57,6.72
2019-05-30,6.7,10.7,17.2,6.34,6.82
2019-05-31,4.1,7.2,12.0,7.04,4.16
2019-06-01,45.6,6.0,8.8,1.29,11.45
2019-06-02,3.9,4.3,8.4,4.31,9.48
2019-06-03,0.0,0.4,10.9,7.56,5.19
2019-06-04,0.8,4.4,9.0,1.95,5.74
2019-06-05,0.0,-1.7,8.9,6.29,4.59
2019-06-06,0.0,-0.8,12.0,5.84,6.4
2019-06-07,1.7,4.6,10.6,3.74,7.86
2019-06-08,0.3,6.8,10.8,4.09,9.7
2019-06-09,0.0,2.2,12.5,7.08,6.5
2019-06-10,0.0,7.4,12.8,6.49,4.46
2019-06-11,0.0,4.2,14.5,4.52,4.63
2019-06-12,0.6,7.1,12.7,4.63,4.97
2019-06-13,0.4,9.9,13.5,4.33,4.97
2019-06-14,0.2,10.0,14.5,5.27,8.31
2019-06-15,4.9,7.6,11.7,2.99,6.6
2019-06-16,2.6,2.8,9.4,3.87,4.11
2019-06-17,0.0,0.3,10.1,5.76,7.92
2019-06-18,0.0,4.0,9.6,5.54,6.44
2019-06-19,0.0,0.5,10.2,7.13,5.1
2019-06-20,1.5,0.9,9.6,5.65,6.15
2019-06-21,0.0,4.8,15.5,7.09,6.18
2019-06-22,0.0,4.6,10.8,6.24,3.4
2019-06-23,0.0,2.8,10.1,5.23,2.48
2019-06-24,0.1,4.1,11.5,5.26,3.81
2019-06-25,0.0,1.2,12.0,7.0,2.83
2019-06-26,0.0,-0.3,10.6,6.75,4.24
2019-06-27,0.0,-0.4,12.5,7.12,4.78
2019-06-28,0.0,-2.9,10.1,7.19,2.77
2019-06-29,0.0,1.3,14.2,7.04,4.68
2019-06-30,0.0,1.2,11.5,6.98,6.79
2019-07-01,0.0,4.6,14.1,5.08,5.55
2019-07-02,0.0,5.3,13.1,5.23,5.89
2019-07-03,3.4,9.7,17.3,5.38,9.22
2019-07-04,3.7,5.1,10.9,6.72,6.33
2019-07-05,4.1,5.4,8.3,1.72,9.62
2019-07-06,1.3,4.3,10.0,3.41,10.21
2019-07-07,0.0,1.6,13.4,7.55,5.33
2019-07-08,0.4,3.0,8.9,4.06,4.39
2019-07-09,0.0,0.8,14.4,7.31,3.77
2019-07-10,0.0,3.5,12.7,5.25,5.68
2019-07-11,0.5,5.4,12.9,5.22,5.82
2019-07-12,1.0,4.3,13.4,4.35,7.13
2019-07-13,0.0,5.0,15.8,7.54,8.61
2019-07-14,6.2,7.0,14.5,5.02,8.78
2019-07-15,0.2,2.8,11.3,6.76,6.79
2019-07-16,0.8,2.9,12.4,7.12,5.06
2019-07-17,4.4,2.1,7.8,2.39,5.52
2019-07-18,0.0,0.3,13.5,7.92,4.53
2019-07-19,9.5,5.3,8.5,1.65,4.48
2019-07-20,22.7,7.7,9.8,1.31,6.64
2019-07-21,7.7,7.2,11.4,2.79,8.61
2019-07-22,0.0,5.5,12.0,5.55,5.8
2019-07-23,2.3,7.9,10.9,3.78,2.79
2019-07-24,1.2,6.5,12.1,5.01,4.26
2019-07-25,0.0,2.9,12.4,8.54,5.02
2019-07-26,0.0,0.7,13.2,8.76,3.98
2019-07-27,0.0,4.7,14.9,8.43,3.59
2019-07-28,0.0,4.8,13.9,6.68,4.12
2019-07-29,0.0,5.4,14.9,8.6,4.38
2019-07-30,0.4,5.2,15.6,6.5,6.61
2019-07-31,8.5,5.4,9.2,5.07,12.8
2019-08-01,0.7,3.4,9.8,2.58,8.96
2019-08-02,0.4,1.3,12.3,8.9,7.53
2019-08-03,0.0,4.9,12.5,9.83,9.57
2019-08-04,0.5,0.7,8.9,6.44,8.08
2019-08-05,0.0,-1.1,10.5,9.82,6.22
2019-08-06,0.0,1.8,12.2,10.28,5.25
2019-08-07,0.0,3.7,14.3,9.26,4.33
2019-08-08,0.0,4.1,14.5,10.37,5.13
2019-08-09,3.4,7.0,13.6,9.74,4.9
2019-08-10,16.4,4.8,8.6,1.26,8.68
2019-08-11,0.7,2.2,9.6,6.62,6.44
2019-08-12,0.0,4.1,10.5,8.85,4.18
2019-08-13,0.0,1.4,13.5,11.33,7.86
2019-08-14,0.0,4.6,9.1,8.45,6.85
2019-08-15,0.0,1.4,12.3,11.47,4.08
2019-08-16,0.0,3.0,14.8,10.09,7.89
2019-08-17,11.5,4.0,9.0,5.8,8.51
2019-08-18,2.0,3.0,8.2,7.22,4.52
2019-08-19,0.0,2.2,10.7,12.83,6.41
2019-08-20,0.4,4.5,13.8,8.59,9.24
2019-08-21,0.1,5.4,12.3,8.61,4.96
2019-08-22,0.1,4.3,14.2,12.03,5.87
2019-08-23,0.1,4.1,13.5,11.94,6.01
2019-08-24,0.0,3.8,13.6,11.73,4.84
2019-08-25,0.1,4.3,16.8,11.32,6.45
2019-08-26,7.1,6.7,11.5,7.98,8.32
2019-08-27,0.7,2.3,12.6,13.54,4.43
2019-08-28,0.0,2.7,16.2,14.0,4.31
2019-08-29,0.1,6.8,17.0,11.49,8.46
2019-08-30,0.0,1.9,13.9,14.52,4.39
2019-08-31,0.0,3.4,16.6,11.84,3.34
2019-09-01,0.0,6.0,20.0,14.9,5.1
2019-09-02,0.0,4.0,14.6,14.93,7.58
2019-09-03,0.0,2.1,12.9,14.87,3.75
2019-09-04,10.2,6.3,12.0,4.09,7.53
2019-09-05,1.5,8.5,10.5,4.29,7.58
2019-09-06,4.6,7.6,9.2,6.88,10.65
2019-09-07,0.0,1.7,10.2,13.5,8.08
2019-09-08,0.9,0.8,7.3,4.31,4.74
2019-09-09,0.2,2.5,7.6,7.65,3.98
2019-09-10,0.0,-0.4,10.6,16.02,6.82
2019-09-11,0.1,0.2,11.7,14.86,5.83
2019-09-12,0.0,3.4,17.4,17.0,13.1
2019-09-13,2.0,7.8,16.8,10.49,7.62
2019-09-14,9.9,7.3,9.4,3.44,4.68
2019-09-15,4.0,6.0,11.5,12.57,4.83
2019-09-16,1.7,6.4,18.5,14.68,8.51
2019-09-17,2.5,4.5,14.7,17.34,8.43
2019-09-18,0.0,0.9,14.1,18.82,3.83
2019-09-19,0.0,3.1,15.1,18.64,3.84
2019-09-20,0.0,3.6,12.8,11.34,3.81
2019-09-21,0.0,6.0,16.2,18.79,4.53
2019-09-22,0.0,8.1,15.2,17.99,5.03
2019-09-23,0.0,7.7,18.4,11.29,5.96
2019-09-24,0.4,6.6,13.6,17.66,3.35
2019-09-25,7.5,3.5,13.1,13.18,8.19
2019-09-26,0.0,2.4,14.8,15.85,6.71
2019-09-27,0.1,3.5,16.3,17.93,5.19
2019-09-28,0.0,8.8,17.5,14.38,8.1
2019-09-29,0.0,10.2,21.2,18.04,5.22
2019-09-30,4.6,7.0,13.9,7.68,6.77
2019-10-01,4.3,4.1,9.2,16.14,6.21
2019-10-02,4.7,5.1,9.5,13.57,10.12
2019-10-03,0.0,4.4,10.4,17.25,7.61
2019-10-04,0.0,2.0,17.5,21.96,7.59
2019-10-05,5.0,6.2,12.7,4.69,11.72
2019-10-06,0.0,1.5,12.9,22.53,7.36
2019-10-07,0.0,5.0,18.7,22.42,5.61
2019-10-08,0.0,10.5,20.1,18.23,6.14
2019-10-09,1.0,11.6,20.5,16.0,7.34
2019-10-10,3.4,10.0,19.9,9.54,7.5
2019-10-11,1.7,6.8,12.9,12.68,3.86
2019-10-12,1.3,9.0,10.8,9.93,5.8
2019-10-13,0.3,7.6,12.7,15.1,4.6
2019-10-14,0.8,8.6,13.3,12.07,6.12
2019-10-15,1.8,9.4,13.0,11.48,6.4
2019-10-16,0.4,7.0,12.5,14.48,4.39
2019-10-17,1.7,5.5,15.2,19.33,3.77
2019-10-18,13.8,8.4,10.7,3.59,4.68
2019-10-19,1.9,5.8,16.4,24.49,3.33
2019-10-20,0.1,9.0,20.5,24.77,6.23
2019-10-21,4.2,6.5,15.7,15.98,7.58
2019-10-22,7.2,5.3,14.3,17.43,6.98
2019-10-23,7.8,5.6,10.5,20.64,10.29
2019-10-24,5.1,4.9,12.0,14.12,8.85
2019-10-25,0.3,4.5,11.6,19.29,7.15
2019-10-26,0.0,5.8,19.1,26.76,10.06
2019-10-27,0.2,11.3,20.9,18.92,10.82
2019-10-28,0.6,9.2,18.5,24.38,4.67
2019-10-29,1.7,5.9,15.0,23.0,6.09
2019-10-30,3.8,4.6,20.5,22.8,10.33
2019-10-31,0.0,4.7,16.4,24.67,5.92
2019-11-01,0.1,5.6,12.9,22.71,4.88
2019-11-02,0.0,5.9,25.0,27.26,5.04
2019-11-03,0.0,13.6,30.0,27.05,4.88
2019-11-04,0.0,11.5,27.3,28.42,5.42
2019-11-05,0.2,12.6,22.2,21.47,6.09
2019-11-06,5.7,11.4,15.2,7.82,5.83
2019-11-07,2.5,11.8,23.1,16.15,6.9
2019-11-08,0.1,17.1,25.1,27.96,7.74
2019-11-09,0.2,16.0,24.8,20.28,9.07
2019-11-10,13.7,10.7,21.8,14.07,7.22
2019-11-11,21.3,8.9,11.7,10.1,8.74
2019-11-12,0.6,8.6,15.8,22.91,6.84
2019-11-13,1.1,8.5,18.2,16.52,8.51
2019-11-14,7.6,9.5,17.0,22.41,6.79
2019-11-15,0.1,8.4,19.9,28.17,6.26
2019-11-16,3.5,11.7,20.9,23.92,10.01
2019-11-17,0.0,7.6,20.4,28.49,6.8
2019-11-18,4.8,7.5,14.8,20.71,5.32
2019-11-19,0.8,8.0,17.5,15.94,6.36
2019-11-20,11.8,7.0,14.4,20.45,5.3
2019-11-21,0.1,5.5,19.8,26.67,4.97
2019-11-22,0.0,10.7,26.7,25.17,11.72
2019-11-23,1.6,12.1,18.4,24.14,7.85
2019-11-24,0.3,12.1,27.9,23.77,9.48
2019-11-25,0.3,10.8,17.5,30.39,8.14
2019-11-26,0.0,10.9,27.0,30.96,6.86
2019-11-27,0.0,14.8,25.0,29.07,9.27
2019-11-28,0.0,17.7,28.4,31.6,8.2
2019-11-29,0.6,13.3,17.5,14.24,6.04
2019-11-30,0.0,12.5,18.7,27.51,10.43
2019-12-01,1.1,14.2,23.7,16.93,9.73
2019-12-02,5.2,13.7,22.9,13.04,8.61
2019-12-03,8.5,12.5,22.3,20.45,10.83
2019-12-04,4.7,10.6,22.2,31.63,10.58
2019-12-05,0.0,8.5,21.5,28.89,7.2
2019-12-06,0.1,10.7,24.1,29.85,8.65
2019-12-07,3.1,12.7,24.1,24.44,8.35
2019-12-08,1.6,10.5,20.3,25.66,7.5
2019-12-09,0.2,8.6,17.2,31.96,5.87
2019-12-10,0.0,9.8,19.1,30.76,7.4
2019-12-11,0.0,12.1,21.4,29.08,6.51
2019-12-12,0.0,11.9,20.9,31.08,9.33
2019-12-13,0.4,12.3,24.4,21.07,8.91
2019-12-14,0.0,12.8,20.2,26.1,9.28
2019-12-15,0.2,11.1,23.5,25.69,7.5
2019-12-16,4.2,12.4,16.7,14.65,5.47
2019-12-17,19.4,10.1,14.4,8.39,9.75
2019-12-18,13.8,8.8,15.7,20.58,11.7
2019-12-19,1.6,8.2,20.4,29.1,8.54
2019-12-20,3.9,11.3,17.4,22.78,10.3
2019-12-21,0.9,9.1,16.0,26.07,8.35
2019-12-22,0.2,11.0,23.3,28.35,7.48
2019-12-23,0.1,10.4,16.2,22.93,6.58
2019-12-24,0.0,9.2,17.7,29.41,7.89
2019-12-25,0.0,12.0,17.0,15.45,5.91
2019-12-26,0.0,10.7,18.2,26.84,8.92
2019-12-27,0.9,10.6,23.9,30.05,10.13
2019-12-28,2.2,8.5,18.0,30.94,4.88
2019-12-29,0.0,9.6,23.6,32.29,7.11
2019-12-30,0.5,13.7,17.2,16.8,6.22
2019-12-31,0.1,11.6,19.6,32.42,7.22
2020-01-01,0.0,13.5,31.8,29.85,6.18
2020-01-02,0.3,14.2,23.9,27.55,6.46
2020-01-03,4.3,11.1,16.4,16.75,7.69
2020-01-04,1.5,9.2,16.0,27.96,7.16
2020-01-05,0.1,9.5,24.5,17.56,8.28
2020-01-06,1.7,10.1,20.1,26.05,7.83
2020-01-07,0.6,12.0,14.9,25.05,10.9
2020-01-08,0.0,10.8,15.4,15.68,5.8
2020-01-09,0.1,10.0,20.2,27.07,7.92
2020-01-10,0.0,11.3,20.6,28.46,6.39
2020-01-11,0.0,12.6,24.6,28.27,8.3
2020-01-12,0.2,14.0,26.1,20.19,13.37
2020-01-13,1.5,12.4,16.5,14.07,5.26
2020-01-14,0.0,7.9,18.3,27.04,6.24
2020-01-15,0.0,9.7,16.8,27.78,5.18
2020-01-16,0.0,9.9,18.7,31.46,7.62
2020-01-17,0.0,12.3,19.9,31.97,8.06
2020-01-18,0.0,11.6,20.1,32.18,7.02
2020-01-19,0.0,10.8,22.5,31.36,5.87
2020-01-20,0.0,12.2,22.9,26.88,5.74
2020-01-21,0.0,15.1,22.8,20.3,6.79
2020-01-22,0.0,15.2,25.4,19.65,5.66
2020-01-23,0.0,15.3,23.2,27.56,6.62
2020-01-24,0.0,14.8,24.2,28.96,7.35
2020-01-25,0.0,15.4,31.7,22.43,6.67
2020-01-26,0.0,16.3,24.3,28.69,6.52
2020-01-27,0.0,16.4,29.5,28.97,5.59
2020-01-28,0.0,15.6,22.7,24.8,7.0
2020-01-29,0.6,14.7,28.5,17.13,9.97
2020-01-30,0.0,14.3,25.5,25.74,9.06
2020-01-31,0.0,14.3,22.8,25.78,9.44
2020-02-01,1.3,13.6,21.9,18.99,8.48
2020-02-02,0.0,22.0,33.5,26.1,9.54
2020-02-03,0.0,21.3,29.6,11.15,13.64
2020-02-04,4.5,12.4,28.4,23.76,11.38
2020-02-05,6.2,10.5,17.4,15.81,9.09
2020-02-06,6.3,10.8,21.6,22.65,7.69
2020-02-07,0.1,12.2,19.3,19.93,7.05
2020-02-08,2.9,11.1,16.5,14.25,9.53
2020-02-09,0.0,6.8,20.1,28.39,4.2
2020-02-10,0.0,8.5,20.9,22.47,5.06
2020-02-11,0.0,11.8,18.4,28.03,6.56
2020-02-12,0.0,10.4,21.8,25.39,8.04
2020-02-13,0.2,14.1,24.6,21.37,7.18
2020-02-14,1.8,13.3,16.4,8.87,5.38
2020-02-15,0.0,14.5,19.9,19.26,10.2
2020-02-16,0.0,14.3,27.8,19.61,10.57
2020-02-17,0.3,20.6,30.8,19.41,6.11
2020-02-18,0.0,16.0,25.4,21.22,3.64
2020-02-19,0.0,15.3,21.8,21.45,7.57
2020-02-20,0.0,14.6,20.3,13.51,8.56
2020-02-21,0.0,15.5,28.0,12.92,8.77
2020-02-22,16.7,11.7,18.6,10.94,9.02
2020-02-23,0.1,8.9,20.3,25.4,6.14
2020-02-24,0.0,13.2,20.8,25.23,8.43
2020-02-25,0.0,12.6,21.3,18.05,6.37
2020-02-26,0.0,14.9,22.2,21.96,8.92
2020-02-27,0.0,14.5,23.8,18.3,7.57
2020-02-28,1.4,16.0,27.7,18.74,9.53
2020-02-29,3.9,12.6,22.0,14.03,8.75
2020-03-01,0.0,11.6,21.7,23.99,9.06
2020-03-02,0.0,15.2,23.0,15.62,9.12
2020-03-03,2.8,14.6,28.9,15.57,7.59
2020-03-04,1.5,11.0,14.9,13.02,7.77
2020-03-05,0.0,6.0,17.0,23.03,5.84
2020-03-06,0.0,9.5,18.6,22.64,10.77
2020-03-07,0.0,12.8,23.9,22.19,8.56
2020-03-08,2.0,15.3,19.1,11.3,5.81
2020-03-09,0.0,14.7,26.7,15.59,8.98
2020-03-10,4.5,12.8,16.4,12.14,7.69
2020-03-11,0.4,10.9,12.7,7.13,7.24
2020-03-12,0.0,9.8,17.6,20.44,5.66
2020-03-13,0.0,8.6,17.8,21.26,6.94
2020-03-14,0.0,11.4,20.6,20.73,7.31
2020-03-15,0.0,11.0,19.2,16.36,9.82
2020-03-16,0.3,11.2,17.8,14.63,8.51
2020-03-17,1.0,8.6,12.4,8.09,8.12
2020-03-18,0.0,4.3,17.0,20.35,5.88
2020-03-19,0.0,11.3,24.0,20.05,7.0
2020-03-20,0.9,11.3,16.6,5.69,8.33
2020-03-21,4.3,9.7,17.4,10.34,12.35
2020-03-22,0.0,11.9,24.1,16.61,7.2
2020-03-23,0.7,8.6,20.5,9.46,12.54
2020-03-24,0.1,5.9,14.3,7.04,9.31
2020-03-25,0.0,6.8,18.9,18.09,7.66
2020-03-26,0.1,9.4,22.2,17.33,5.69
2020-03-27,5.8,10.8,13.7,7.51,11.12
2020-03-28,1.5,9.7,13.0,9.78,5.67
2020-03-29,8.5,9.3,12.9,4.75,5.85
2020-03-30,25.6,10.5,14.4,3.16,6.22
2020-03-31,1.3,9.7,17.5,12.65,5.27
2020-04-01,0.0,9.9,17.5,15.92,4.06
2020-04-02,0.0,9.2,16.3,13.28,4.24
2020-04-03,0.0,8.9,17.3,13.73,5.38
2020-04-04,0.0,11.8,16.4,13.02,10.68
2020-04-05,0.0,12.1,18.7,15.6,8.58
2020-04-06,0.0,11.9,19.1,8.31,6.66
2020-04-07,8.1,12.0,22.8,11.58,5.76
2020-04-08,0.8,10.6,16.6,14.04,6.28
2020-04-09,0.5,10.1,16.2,11.39,7.38
2020-04-10,0.0,7.5,19.9,15.04,6.58
2020-04-11,0.0,10.6,19.7,15.32,5.3
2020-04-12,2.0,10.3,20.6,7.8,11.25
2020-04-13,0.9,6.7,15.4,13.31,10.54
2020-04-14,0.0,4.0,12.9,12.18,11.45
2020-04-15,0.0,6.5,12.2,11.57,7.87
2020-04-16,0.0,6.4,15.9,9.37,5.41
2020-04-17,0.2,7.4,14.4,8.18,5.33
2020-04-18,2.7,9.1,18.7,10.38,7.65
2020-04-19,0.6,8.7,17.3,13.38,7.29
2020-04-20,0.1,6.9,17.4,12.02,4.79
2020-04-21,0.2,4.9,17.5,12.64,5.28
2020-04-22,0.3,7.0,17.6,10.69,3.71
2020-04-23,0.0,5.2,18.3,8.92,3.78
2020-04-24,0.0,6.5,19.8,12.37,4.94
2020-04-25,0.0,9.8,20.1,11.64,10.14
2020-04-26,0.0,9.1,16.6,11.39,5.66
2020-04-27,8.2,10.6,20.0,7.7,14.37
2020-04-28,0.0,7.3,17.9,11.81,5.17
2020-04-29,0.0,4.3,18.3,11.73,3.22
2020-04-30,0.0,7.8,21.5,11.37,5.62
2020-05-01,0.0,9.9,20.8,10.86,5.77
2020-05-02,0.5,11.3,19.5,6.37,10.96
2020-05-03,0.7,11.7,20.8,10.23,6.81
2020-05-04,0.8,10.5,18.5,4.9,10.58
2020-05-05,4.8,7.8,11.2,6.29,10.65
2020-05-06,0.0,4.2,17.0,9.95,6.47
2020-05-07,0.0,7.4,19.1,10.18,5.74
2020-05-08,0.0,9.4,14.9,9.4,6.04
2020-05-09,0.0,9.0,16.0,9.71,5.45
2020-05-10,0.0,7.4,16.1,9.87,5.19
2020-05-11,0.0,7.5,18.3,8.2,6.14
2020-05-12,2.7,9.7,13.9,6.81,4.63
2020-05-13,0.0,8.1,14.2,5.19,4.81
2020-05-14,0.0,6.8,17.7,8.32,4.35
2020-05-15,0.0,8.7,12.1,4.68,4.11
2020-05-16,0.0,4.1,12.7,6.83,3.06
2020-05-17,0.0,4.9,13.0,9.0,4.19
2020-05-18,0.1,3.0,11.7,8.06,3.31
2020-05-19,0.0,7.6,12.7,7.14,5.38
2020-05-20,0.0,3.5,11.7,8.3,5.54
2020-05-21,0.0,2.8,16.6,8.63,8.05
2020-05-22,0.0,8.2,18.2,7.02,5.71
2020-05-23,0.0,4.5,12.8,4.99,8.18
2020-05-24,0.4,7.6,13.3,5.38,7.42
2020-05-25,10.4,8.8,11.3,2.2,4.43
2020-05-26,0.8,7.1,12.0,5.08,3.64
2020-05-27,0.0,2.3,12.8,7.83,2.68
2020-05-28,0.0,1.9,11.1,6.52,4.81
2020-05-29,0.0,4.9,11.0,3.85,2.75
2020-05-30,0.2,1.8,13.5,7.74,3.36
2020-05-31,0.0,5.0,12.5,7.45,8.29
2020-06-01,0.0,10.0,13.5,4.5,8.84
2020-06-02,0.0,7.7,14.9,6.57,3.75
2020-06-03,0.0,5.6,16.0,6.21,4.51
2020-06-04,15.2,8.5,11.1,1.61,9.53
2020-06-05,5.5,1.2,8.5,3.81,8.24
2020-06-06,9.3,0.5,7.9,2.49,9.36
2020-06-07,0.0,0.1,11.4,7.16,4.1
2020-06-08,0.0,1.7,13.5,7.27,5.6
2020-06-09,0.0,3.7,14.7,6.77,4.7
2020-06-10,0.0,4.5,15.5,7.25,5.11
2020-06-11,0.0,5.0,16.2,6.59,5.95
2020-06-12,0.0,6.7,12.2,1.41,6.82
2020-06-13,0.0,1.4,10.4,6.97,2.75
2020-06-14,0.0,1.6,9.9,7.18,6.07
2020-06-15,0.0,2.9,14.5,5.65,7.74
2020-06-16,0.0,10.7,19.7,6.76,5.74
2020-06-17,0.0,7.4,18.6,6.5,8.84
2020-06-18,10.3,7.0,9.4,1.04,7.33
2020-06-19,7.9,6.3,8.0,1.52,6.41
2020-06-20,0.5,3.8,9.8,2.64,6.11
2020-06-21,0.0,5.3,9.4,3.24,4.74
2020-06-22,0.0,3.9,9.9,5.86,3.08
2020-06-23,0.0,3.4,11.8,4.84,4.53
2020-06-24,1.7,4.3,10.0,2.87,3.85
2020-06-25,0.3,6.9,10.0,1.53,3.18
2020-06-26,0.3,7.7,10.7,1.78,6.52
2020-06-27,0.7,10.7,13.1,2.8,6.73
2020-06-28,10.8,9.0,11.0,1.21,5.8
2020-06-29,34.9,6.9,9.2,1.3,10.26
2020-06-30,6.3,6.0,9.6,2.45,8.9
2020-07-01,7.0,5.3,6.8,2.74,11.15
2020-07-02,0.1,5.1,8.2,2.21,8.67
2020-07-03,0.0,-1.0,9.7,7.19,3.51
2020-07-04,3.6,4.0,10.6,3.53,7.85
2020-07-05,0.0,8.4,14.9,6.11,7.38
2020-07-06,0.2,4.0,10.9,4.07,7.37
2020-07-07,4.1,3.6,9.9,3.62,4.11
2020-07-08,4.1,4.4,8.8,6.69,9.64
2020-07-09,6.7,3.8,9.3,2.48,8.13
2020-07-10,0.0,-0.6,11.3,7.15,2.77
2020-07-11,0.0,2.4,13.1,7.52,6.16
2020-07-12,2.0,8.0,16.0,5.63,5.8
2020-07-13,0.5,1.4,9.2,4.72,5.11
2020-07-14,0.0,-1.5,9.0,7.8,2.22
2020-07-15,0.6,0.3,8.4,3.87,3.55
2020-07-16,0.0,1.0,7.9,4.78,3.08
2020-07-17,0.0,3.1,8.4,3.54,5.67
2020-07-18,0.0,4.3,9.3,1.71,2.56
2020-07-19,0.7,8.0,11.8,4.91,7.14
2020-07-20,0.6,6.3,15.8,6.24,8.77
2020-07-21,0.8,5.0,15.0,8.06,10.04
2020-07-22,0.9,4.3,9.4,6.7,8.97
2020-07-23,0.2,1.8,9.3,5.88,6.05
2020-07-24,0.0,-1.0,10.4,8.97,3.3
2020-07-25,0.0,1.6,13.5,8.7,3.28
2020-07-26,0.0,0.4,13.8,8.96,3.47
2020-07-27,0.0,-0.4,11.6,8.89,5.8
2020-07-28,0.0,-0.1,9.1,5.95,3.13
2020-07-29,0.3,3.7,11.3,6.92,7.82
2020-07-30,0.0,7.1,16.1,8.43,6.58
2020-07-31,0.0,7.6,14.4,6.86,5.52
2020-08-01,0.0,8.2,14.4,5.99,5.59
2020-08-02,1.2,7.7,14.6,3.68,4.88
2020-08-03,0.0,7.7,15.6,6.67,3.54
2020-08-04,0.2,6.9,17.4,8.61,5.35
2020-08-05,0.0,3.6,13.1,9.86,4.18
2020-08-06,0.0,7.4,14.9,9.2,7.14
2020-08-07,1.2,7.9,14.8,10.44,5.39
2020-08-08,1.3,3.1,9.3,5.96,7.35
2020-08-09,0.0,0.7,15.4,10.9,5.12
2020-08-10,0.0,3.0,17.1,10.75,6.58
2020-08-11,0.0,3.6,14.0,11.21,5.39
2020-08-12,1.0,3.8,10.8,7.07,4.83
2020-08-13,0.0,3.1,12.2,9.41,7.42
2020-08-14,0.5,4.1,9.4,4.68,2.87
2020-08-15,0.0,-0.8,9.9,11.79,3.35
2020-08-16,0.0,1.9,10.6,10.75,3.76
2020-08-17,0.0,0.4,11.0,10.7,4.06
2020-08-18,0.0,4.6,11.2,10.53,9.19
2020-08-19,0.2,7.9,16.1,5.52,9.43
2020-08-20,0.7,4.7,15.4,11.25,4.46
2020-08-21,4.3,7.0,10.5,3.87,4.6
2020-08-22,0.0,7.4,13.7,8.94,5.33
2020-08-23,0.4,8.3,12.2,5.66,7.58
2020-08-24,10.4,9.1,13.6,4.59,4.3
2020-08-25,3.6,5.7,10.3,4.46,9.84
2020-08-26,0.0,3.1,11.9,13.38,6.3
2020-08-27,1.5,2.8,11.5,11.27,5.75
2020-08-28,0.0,1.3,15.6,13.67,5.74
2020-08-29,0.0,6.1,17.6,13.83,7.26
2020-08-30,0.0,11.1,19.0,13.98,6.95
2020-08-31,0.0,9.4,18.1,12.24,12.59
2020-09-01,14.3,3.9,13.4,2.85,10.69
2020-09-02,0.6,0.2,9.3,8.94,2.9
2020-09-03,0.0,-1.1,13.4,15.32,5.04
2020-09-04,0.0,3.1,15.5,14.91,7.24
2020-09-05,0.0,6.2,18.9,11.8,9.04
2020-09-06,5.6,8.8,17.7,11.67,8.03
2020-09-07,0.1,5.0,12.4,15.6,4.95
2020-09-08,0.0,6.4,14.8,16.55,5.33
2020-09-09,0.0,9.0,18.6,16.24,6.67
2020-09-10,10.1,5.0,11.1,4.86,6.16
2020-09-11,3.8,2.9,9.0,10.74,9.24
2020-09-12,0.0,1.2,14.8,17.41,5.04
2020-09-13,0.0,6.1,17.0,10.58,9.68
2020-09-14,1.2,8.3,19.8,16.4,6.53
2020-09-15,0.3,5.4,13.9,16.18,10.11
2020-09-16,0.0,4.0,15.8,18.21,11.39
2020-09-17,4.6,6.5,19.8,17.49,10.44
2020-09-18,4.8,4.4,15.2,18.23,5.88
2020-09-19,0.2,6.3,14.4,14.93,4.39
2020-09-20,0.0,6.9,17.4,18.8,5.81
2020-09-21,0.0,8.9,19.5,19.19,5.38
2020-09-22,0.0,9.1,19.7,18.84,8.85
2020-09-23,0.5,9.3,22.6,16.74,6.52
2020-09-24,0.0,6.7,19.7,19.28,6.52
2020-09-25,0.2,8.2,18.2,18.71,7.63
2020-09-26,0.4,6.5,19.3,18.49,12.38
2020-09-27,2.3,8.4,18.7,18.81,12.94
2020-09-28,2.5,2.6,13.1,18.04,11.58
2020-09-29,0.2,0.3,8.6,16.51,11.54
2020-09-30,0.0,1.1,12.4,18.28,6.9
2020-10-01,0.0,2.4,16.7,21.09,4.27
2020-10-02,0.0,7.0,18.8,21.72,7.24
2020-10-03,0.0,13.0,22.8,18.17,9.34
2020-10-04,0.0,11.1,22.4,21.04,10.79
2020-10-05,0.0,10.6,24.5,21.64,8.39
2020-10-06,3.2,9.1,18.5,13.96,10.96
2020-10-07,2.4,6.6,17.6,20.21,8.38
2020-10-08,0.4,6.0,10.7,13.15,3.86
2020-10-09,0.0,1.3,13.1,23.23,7.73
2020-10-10,0.7,6.9,17.1,13.61,7.14
2020-10-11,0.0,12.4,22.0,12.52,9.38
2020-10-12,3.8,10.9,20.7,18.7,5.41
2020-10-13,5.2,10.3,17.8,18.84,5.69
2020-10-14,8.9,6.3,12.3,6.42,7.0
2020-10-15,1.4,4.3,9.6,19.18,5.66
2020-10-16,0.1,4.6,16.9,23.84,8.75
2020-10-17,0.8,8.1,11.5,11.22,6.58
2020-10-18,0.0,6.5,17.8,22.11,5.96
2020-10-19,0.1,8.8,22.6,16.58,8.02
2020-10-20,0.0,6.3,16.7,21.64,8.75
2020-10-21,0.0,9.3,17.7,24.21,7.22
2020-10-22,0.0,8.0,17.4,22.61,6.01
2020-10-23,0.0,10.4,19.0,25.13,6.51
2020-10-24,0.0,7.8,23.7,26.43,7.29
2020-10-25,0.0,15.8,25.8,24.17,8.18
2020-10-26,7.5,9.2,18.6,6.8,6.9
2020-10-27,10.5,7.8,12.3,12.88,4.22
2020-10-28,0.0,5.4,14.8,20.79,5.2
2020-10-29,2.3,9.8,14.2,10.32,6.58
2020-10-30,0.0,11.7,24.7,23.53,8.32
2020-10-31,4.4,11.8,24.1,21.01,8.01
2020-11-01,0.3,10.7,21.1,26.86,5.95
2020-11-02,0.5,10.4,14.0,10.98,6.43
2020-11-03,3.4,9.4,12.8,8.11,9.89
2020-11-04,0.0,8.9,23.5,24.62,6.72
2020-11-05,0.3,12.5,26.2,23.06,7.66
2020-11-06,3.1,11.2,12.9,6.63,6.97
2020-11-07,10.4,11.1,18.3,8.15,7.17
2020-11-08,32.3,7.2,11.6,8.27,12.43
2020-11-09,0.4,5.4,13.1,15.42,4.44
2020-11-10,0.5,8.4,12.1,16.34,4.95
2020-11-11,0.0,6.5,15.4,23.04,3.76
2020-11-12,0.0,5.4,19.2,28.8,5.16
2020-11-13,0.0,11.4,25.2,29.21,6.94
2020-11-14,0.0,11.8,24.5,30.59,5.83
2020-11-15,0.0,12.9,23.8,29.83,6.18
2020-11-16,0.1,12.1,24.7,25.3,8.91
2020-11-17,0.6,11.7,22.8,16.14,8.24
2020-11-18,4.9,11.1,17.9,10.11,6.3
2020-11-19,1.8,8.6,14.0,16.57,5.23
2020-11-20,0.6,6.3,22.3,24.35,5.74
2020-11-21,7.2,11.0,23.2,23.14,9.56
2020-11-22,3.1,9.5,12.5,16.51,12.73
2020-11-23,0.0,8.0,13.6,17.78,5.12
2020-11-24,0.0,8.2,15.8,23.5,8.41
2020-11-25,2.0,11.4,16.0,16.52,8.05
2020-11-26,1.1,11.8,20.5,17.77,5.5
2020-11-27,5.8,10.2,21.2,14.57,9.52
2020-11-28,2.4,7.5,17.4,26.92,8.23
2020-11-29,0.0,7.4,16.7,29.3,7.64
2020-11-30,9.1,11.0,14.5,7.86,9.88
2020-12-01,0.1,9.4,14.3,22.65,8.1
2020-12-02,0.0,9.9,20.9,20.72,9.43
2020-12-03,0.3,10.1,20.7,32.05,11.0
2020-12-04,0.0,10.3,21.0,23.82,8.29
2020-12-05,0.2,9.4,20.6,23.77,7.42
2020-12-06,1.2,8.5,17.7,19.14,8.46
2020-12-07,0.0,13.4,25.7,30.74,8.64
2020-12-08,0.0,14.4,24.3,18.59,6.93
2020-12-09,0.0,13.0,24.8,26.57,6.06
2020-12-10,0.0,12.8,20.4,29.75,5.78
2020-12-11,4.1,12.1,20.1,26.51,11.13
2020-12-12,0.3,9.0,20.4,32.47,6.36
2020-12-13,0.0,9.3,15.6,20.71,7.62
2020-12-14,0.2,10.7,17.9,29.44,5.33
2020-12-15,0.0,10.1,27.4,33.16,5.38
2020-12-16,0.0,9.1,23.5,29.93,7.5
2020-12-17,0.5,12.5,17.0,13.58,6.91
2020-12-18,0.0,13.4,26.8,31.02,9.14
2020-12-19,0.0,16.4,28.9,28.58,8.68
2020-12-20,2.8,13.1,19.3,15.63,7.25
2020-12-21,10.5,12.4,15.8,8.42,9.5
2020-12-22,2.4,14.3,22.5,23.77,6.22
2020-12-23,11.4,14.5,21.7,11.76,5.24
2020-12-24,6.1,13.6,18.2,17.1,6.29
2020-12-25,21.2,11.5,15.4,10.06,6.03
2020-12-26,30.7,9.3,12.2,13.81,8.18
2020-12-27,8.6,8.4,12.9,18.51,7.16
2020-12-28,0.0,6.9,15.5,31.04,4.3
2020-12-29,0.0,5.6,17.8,33.48,6.94
2020-12-30,0.0,11.0,18.4,26.04,7.21
2020-12-31,0.0,12.5,18.4,27.57,7.26
2021-01-01,1.7,12.4,20.8,24.93,6.09
2021-01-02,2.0,14.4,19.5,13.26,5.6
2021-01-03,0.0,12.8,21.6,22.97,7.01
2021-01-04,0.1,10.3,21.2,28.67,6.6
2021-01-05,1.8,12.1,19.6,11.64,5.92
2021-01-06,1.9,13.0,20.2,26.02,7.23
2021-01-07,1.9,15.2,26.1,23.38,5.44
2021-01-08,2.7,12.9,16.3,11.88,8.21
2021-01-09,0.8,12.0,20.9,27.58,5.89
2021-01-10,1.0,13.2,20.8,25.01,7.85
2021-01-11,0.4,13.8,16.8,11.75,5.97
2021-01-12,0.4,13.5,20.2,22.5,7.32
2021-01-13,0.0,14.6,21.3,27.93,4.39
2021-01-14,0.0,13.4,22.6,27.4,4.44
2021-01-15,0.0,14.0,22.8,22.58,8.01
2021-01-16,0.0,15.5,21.9,28.33,9.76
2021-01-17,0.2,14.7,24.9,24.54,8.56
2021-01-18,0.3,12.7,21.0,27.14,7.86
2021-01-19,7.7,10.3,24.1,26.03,11.85
2021-01-20,0.2,9.7,17.6,25.95,8.29
2021-01-21,3.2,11.7,18.3,19.11,5.58
2021-01-22,0.3,9.9,21.0,27.25,6.78
2021-01-23,0.0,12.8,24.1,16.63,9.96
2021-01-24,0.0,9.0,25.4,28.49,9.35
2021-01-25,0.0,12.5,27.6,29.5,8.64
2021-01-26,0.0,13.3,34.0,29.74,7.52
2021-01-27,0.0,19.9,32.0,27.08,11.72
2021-01-28,21.7,10.7,19.4,12.56,10.29
2021-01-29,1.1,8.8,14.9,20.53,9.53
2021-01-30,0.8,11.1,16.7,21.56,4.55
2021-01-31,0.0,11.0,19.5,29.93,9.34
2021-02-01,0.0,10.9,19.5,23.47,5.84
2021-02-02,0.0,13.6,20.1,25.81,9.72
2021-02-03,0.1,13.7,24.4,26.63,7.67
2021-02-04,0.0,9.1,15.5,18.05,6.53
2021-02-05,0.0,8.5,17.4,27.84,4.81
2021-02-06,0.0,9.1,18.5,24.84,7.47
2021-02-07,0.0,13.5,20.2,27.27,9.78
2021-02-08,0.0,12.7,26.5,27.67,5.8
2021-02-09,2.3,14.8,23.3,7.21,8.79
2021-02-10,9.5,12.6,21.1,23.04,7.71
2021-02-11,0.0,11.3,23.8,27.76,7.15
2021-02-12,0.1,12.9,18.0,14.4,6.76
2021-02-13,0.0,12.6,21.8,26.09,8.0
2021-02-14,0.0,12.5,20.0,12.6,6.31
2021-02-15,0.7,13.2,18.8,16.66,7.3
2021-02-16,2.6,10.7,13.5,11.98,9.32
2021-02-17,0.0,7.4,17.7,26.65,4.84
2021-02-18,0.0,5.7,21.3,26.54,3.34
2021-02-19,0.0,8.6,26.5,26.2,4.39
2021-02-20,0.0,14.2,24.8,26.25,3.83
2021-02-21,0.0,13.2,22.5,24.82,6.15
2021-02-22,0.0,13.4,24.6,23.22,6.47
2021-02-23,0.0,16.4,28.6,24.35,6.87
2021-02-24,0.0,19.4,28.8,22.14,12.43
2021-02-25,1.0,14.4,18.7,7.68,6.31
2021-02-26,0.0,13.9,19.6,15.13,5.73
2021-02-27,0.0,16.3,21.9,14.26,5.48
2021-02-28,0.0,15.9,21.8,17.17,4.3
2021-03-01,1.0,16.1,21.3,12.34,7.43
2021-03-02,0.0,16.1,26.9,20.34,7.04
2021-03-03,0.2,14.5,25.4,17.19,7.58
2021-03-04,3.2,11.8,18.7,15.52,7.48
2021-03-05,0.6,10.8,22.8,19.79,8.14
2021-03-06,2.0,13.5,22.1,20.51,8.59
2021-03-07,2.9,10.1,19.8,20.71,8.16
2021-03-08,0.6,10.0,16.6,18.25,5.78
2021-03-09,0.0,10.3,21.7,21.08,7.32
2021-03-10,3.1,13.7,21.4,7.39,6.33
2021-03-11,0.7,11.7,16.8,11.15,5.16
2021-03-12,0.0,9.4,18.9,16.97,3.96
2021-03-13,0.0,10.1,20.0,21.7,10.36
2021-03-14,0.0,11.1,26.6,21.94,7.92
2021-03-15,0.0,15.4,25.5,14.23,7.99
2021-03-16,1.3,11.2,19.3,15.45,9.08
2021-03-17,0.0,8.8,19.4,19.55,8.63
2021-03-18,0.0,11.1,18.6,16.02,5.67
2021-03-19,0.0,7.5,17.9,19.23,4.85
2021-03-20,0.0,9.8,15.7,10.18,3.92
2021-03-21,0.0,8.8,17.9,16.12,4.94
2021-03-22,0.1,11.2,17.6,12.67,3.49
2021-03-23,0.0,10.7,23.8,18.5,5.95
2021-03-24,1.1,12.1,15.8,5.31,4.24
2021-03-25,0.0,11.9,18.8,16.84,8.06
2021-03-26,0.0,12.0,25.0,18.18,8.27
2021-03-27,0.0,11.7,25.1,13.87,7.59
2021-03-28,0.0,16.8,26.9,10.77,6.58
2021-03-29,0.0,15.0,26.4,15.98,4.37
2021-03-30,0.4,13.0,17.7,8.76,4.08
2021-03-31,0.0,11.4,17.9,9.95,6.02
2021-04-01,0.7,11.4,16.5,14.22,6.86
2021-04-02,6.4,10.4,17.1,4.01,10.01
2021-04-03,0.1,8.1,18.0,15.61,6.01
2021-04-04,0.0,14.8,22.8,16.36,14.0
2021-04-05,0.0,13.9,27.5,15.45,8.01
2021-04-06,0.0,11.4,21.2,15.89,5.04
2021-04-07,0.1,10.3,17.4,10.56,7.16
2021-04-08,0.0,11.8,19.5,15.12,5.06
2021-04-09,0.0,10.5,22.8,14.7,5.94
2021-04-10,3.6,14.8,20.1,8.85,11.67
2021-04-11,0.4,13.7,24.5,13.46,6.24
2021-04-12,0.9,10.5,22.1,11.27,8.54
2021-04-13,0.1,10.5,19.5,7.58,6.3
2021-04-14,0.3,9.8,17.8,10.61,5.51
2021-04-15,0.1,9.4,20.9,10.34,4.42
2021-04-16,5.6,10.9,21.4,11.58,7.47
2021-04-17,9.9,7.0,12.4,9.58,5.66
2021-04-18,0.0,5.8,20.4,13.55,4.83
2021-04-19,0.0,8.9,22.3,13.22,4.43
2021-04-20,0.0,7.3,19.2,10.19,4.88
2021-04-21,0.0,8.3,17.1,12.37,5.15
2021-04-22,0.0,6.7,20.0,12.38,5.52
2021-04-23,0.1,10.7,21.0,8.81,5.66
2021-04-24,5.3,8.0,17.0,10.03,5.32
2021-04-25,0.1,6.9,18.2,9.86,7.4
2021-04-26,0.0,4.8,16.6,11.75,8.36
2021-04-27,2.4,7.7,11.6,10.07,7.03
2021-04-28,0.0,1.6,14.2,11.77,4.12
2021-04-29,0.0,5.9,18.6,11.38,3.5
2021-04-30,0.6,9.5,19.8,9.76,9.43
2021-05-01,0.4,5.0,13.5,8.8,3.91
2021-05-02,0.0,3.4,16.6,11.27,2.9
2021-05-03,0.0,3.9,17.4,10.87,5.06
2021-05-04,0.0,8.2,20.7,10.54,6.0
2021-05-05,0.0,13.2,23.3,10.38,5.33
2021-05-06,0.0,9.7,16.7,7.55,5.5
2021-05-07,0.0,8.9,15.3,10.04,8.49
2021-05-08,0.1,9.3,19.3,7.53,7.84
2021-05-09,0.4,13.7,23.5,4.69,8.59
2021-05-10,1.5,11.5,18.2,5.97,4.72
2021-05-11,13.3,9.7,22.9,7.18,8.96
2021-05-12,5.7,5.8,9.8,4.91,8.85
2021-05-13,0.0,1.6,11.1,9.33,7.21
2021-05-14,0.0,6.5,12.5,9.52,10.47
2021-05-15,0.3,8.3,15.6,7.63,8.2
2021-05-16,0.0,5.0,14.8,5.93,4.0
2021-05-17,0.0,3.4,15.2,8.31,5.92
2021-05-18,0.6,5.5,11.7,8.65,9.54
2021-05-19,0.2,4.4,14.1,4.5,4.66
2021-05-20,0.0,5.5,15.5,8.42,4.89
2021-05-21,1.2,8.3,18.2,4.35,7.01
2021-05-22,0.0,5.9,13.2,8.32,3.89
2021-05-23,0.0,4.4,13.0,8.37,5.1
2021-05-24,5.3,4.7,10.4,2.7,7.13
2021-05-25,2.7,5.5,9.9,6.22,4.39
2021-05-26,0.0,4.6,11.2,8.5,6.65
2021-05-27,0.0,4.6,13.4,8.25,7.18
2021-05-28,0.7,5.4,10.6,2.02,5.11
2021-05-29,14.5,7.4,11.7,2.29,7.43
2021-05-30,52.1,11.2,12.3,0.41,12.42
2021-05-31,33.3,9.0,11.3,0.64,12.39
2021-06-01,3.6,3.3,10.0,3.86,7.41
2021-06-02,0.0,3.9,13.8,7.54,2.93
2021-06-03,0.0,2.3,12.2,7.52,2.82
2021-06-04,0.0,4.4,14.4,7.26,3.54
2021-06-05,0.0,5.8,15.3,4.67,8.85
2021-06-06,11.3,9.2,13.1,1.5,5.91
2021-06-07,3.9,8.8,10.5,1.66,3.77
2021-06-08,0.0,6.7,13.0,5.41,4.72
2021-06-09,0.0,4.7,12.6,7.2,3.35
2021-06-10,0.0,3.4,15.0,6.94,5.14
2021-06-11,0.0,4.0,12.3,4.19,2.42
2021-06-12,0.0,5.2,11.9,4.95,6.02
2021-06-13,2.0,8.5,18.3,4.84,4.9
2021-06-14,0.0,7.6,12.7,4.85,2.55
2021-06-15,0.3,7.3,17.0,6.13,4.8
2021-06-16,0.8,5.4,11.4,4.15,3.83
2021-06-17,6.3,6.5,9.2,1.53,6.86
2021-06-18,2.2,3.1,8.4,4.06,4.44
2021-06-19,0.8,1.6,7.8,3.66,4.13
2021-06-20,20.9,5.6,10.1,0.88,8.04
2021-06-21,2.1,5.4,10.1,2.56,7.04
2021-06-22,0.4,5.0,8.7,1.76,4.92
2021-06-23,0.0,4.3,9.1,2.79,5.02
2021-06-24,0.0,2.5,13.4,6.43,5.2
2021-06-25,0.2,8.3,16.6,3.9,6.16
2021-06-26,3.5,9.0,12.4,3.78,4.78
2021-06-27,0.0,9.4,16.0,6.62,5.91
2021-06-28,1.5,3.8,10.4,5.98,8.83
2021-06-29,1.0,3.9,7.5,4.38,12.1
2021-06-30,0.2,4.9,11.4,3.65,7.73
2021-07-01,0.0,3.2,10.6,7.11,4.58
2021-07-02,0.0,-0.5,10.6,7.2,2.95
2021-07-03,0.0,-1.7,9.5,7.2,3.11
2021-07-04,0.0,-2.9,9.1,7.55,5.39
2021-07-05,0.0,2.6,15.0,7.28,6.89
2021-07-06,1.8,9.5,15.9,4.12,10.07
2021-07-07,2.7,4.7,11.1,2.29,15.29
2021-07-08,1.8,1.3,8.8,5.16,6.1
2021-07-09,0.0,-0.4,10.3,7.53,8.48
2021-07-10,0.0,2.1,9.7,7.46,10.43
2021-07-11,0.0,-0.1,8.8,6.92,10.21
2021-07-12,0.0,-1.7,8.4,7.78,4.03
2021-07-13,0.0,-0.8,9.4,7.47,2.81
2021-07-14,0.0,-1.0,11.7,7.93,5.99
2021-07-15,3.4,6.5,11.9,5.53,5.71
2021-07-16,22.9,7.4,14.1,4.74,7.82
2021-07-17,9.4,8.5,16.2,4.04,6.4
2021-07-18,6.6,7.3,9.9,1.75,5.94
2021-07-19,2.4,4.6,9.7,2.55,6.14
2021-07-20,0.0,0.8,10.2,8.08,6.08
2021-07-21,0.1,4.5,13.8,7.69,5.27
2021-07-22,7.2,6.0,9.0,1.45,8.32
2021-07-23,0.0,1.4,10.8,8.64,5.59
2021-07-24,0.0,0.4,10.7,8.77,6.09
2021-07-25,0.0,3.4,13.5,8.26,10.04
2021-07-26,2.4,8.6,13.4,4.34,9.63
2021-07-27,4.6,4.2,11.7,5.36,7.92
2021-07-28,0.0,4.6,15.8,8.67,5.24
2021-07-29,0.0,0.9,11.1,9.1,5.26
2021-07-30,0.0,6.9,14.9,8.98,5.95
2021-07-31,0.0,6.2,13.6,9.08,5.61
2021-08-01,0.1,9.2,12.0,6.44,8.56
2021-08-02,0.1,9.3,12.5,6.64,8.89
2021-08-03,29.8,6.4,9.0,2.69,12.95
2021-08-04,0.0,2.7,9.9,10.05,6.93
2021-08-05,0.0,6.1,10.9,8.41,9.21
2021-08-06,2.3,5.4,9.0,2.53,6.64
2021-08-07,0.0,1.7,10.5,9.3,5.2
2021-08-08,6.7,2.9,6.2,2.25,7.38
2021-08-09,1.7,2.7,5.6,5.42,9.59
2021-08-10,0.0,3.7,13.5,10.88,4.94
2021-08-11,0.0,3.4,14.0,10.9,4.22
2021-08-12,0.2,5.9,16.7,7.49,11.18
2021-08-13,6.0,4.4,11.2,6.62,6.51
2021-08-14,1.1,4.1,13.1,7.86,7.53
2021-08-15,0.0,2.0,14.7,11.63,6.02
2021-08-16,2.9,4.3,15.0,11.44,7.28
2021-08-17,4.7,6.1,13.1,9.17,7.27
2021-08-18,2.1,3.3,10.1,10.56,5.74
2021-08-19,0.0,2.0,14.8,12.49,5.8
2021-08-20,1.0,3.5,9.8,9.41,7.84
2021-08-21,0.0,0.9,11.2,13.15,7.43
2021-08-22,0.0,3.2,14.1,8.79,7.52
2021-08-23,0.0,7.6,18.1,12.42,5.12
2021-08-24,0.0,7.9,18.2,13.07,6.58
2021-08-25,0.0,7.8,17.5,13.29,5.52
2021-08-26,0.5,7.5,16.7,12.16,5.66
2021-08-27,3.7,8.3,10.2,3.43,4.3
2021-08-28,3.1,7.5,9.8,2.77,4.69
2021-08-29,1.5,7.9,10.6,5.22,4.79
2021-08-30,1.9,4.4,7.8,6.45,5.63
2021-08-31,0.0,0.2,9.1,12.18,5.66
2021-09-01,0.0,2.5,10.5,15.3,7.43
2021-09-02,0.5,2.8,11.5,7.21,5.95
2021-09-03,0.0,4.9,14.7,15.7,5.1
2021-09-04,0.0,7.0,16.6,15.77,7.92
2021-09-05,0.0,7.9,18.0,14.38,4.57
2021-09-06,0.0,7.5,15.0,12.62,9.15
2021-09-07,2.3,7.3,17.1,14.95,9.48
2021-09-08,4.8,2.3,9.1,8.77,7.16
2021-09-09,0.0,2.7,18.1,13.73,10.76
2021-09-10,7.2,6.5,16.4,9.75,13.26
2021-09-11,0.4,3.2,12.8,16.64,5.22
2021-09-12,0.0,4.5,16.5,12.74,8.3
2021-09-13,14.0,6.5,15.2,11.49,11.01
2021-09-14,9.9,3.5,7.9,11.52,8.32
2021-09-15,0.0,0.8,10.5,15.72,4.89
2021-09-16,0.5,0.8,10.5,13.11,4.44
2021-09-17,0.0,2.7,8.1,10.86,4.61
2021-09-18,0.0,1.0,9.8,15.45,7.03
2021-09-19,0.4,4.0,16.0,14.76,7.07
2021-09-20,0.0,6.9,16.1,18.6,5.91
2021-09-21,1.6,9.4,19.5,15.73,8.06
2021-09-22,0.0,8.1,13.9,15.38,6.81
2021-09-23,0.9,9.4,16.3,11.64,5.66
2021-09-24,0.0,8.9,18.7,19.34,9.53
2021-09-25,11.7,9.8,17.2,19.28,14.57
2021-09-26,3.3,4.9,8.8,10.33,5.1
2021-09-27,1.2,3.4,9.6,15.47,4.91
2021-09-28,0.0,1.0,13.6,20.76,3.71
2021-09-29,0.0,3.5,17.7,20.19,7.74
2021-09-30,3.5,5.5,12.1,16.8,6.02
2021-10-01,0.0,3.0,15.4,21.35,8.05
2021-10-02,0.0,6.1,15.7,18.44,4.16
2021-10-03,0.1,6.6,16.7,12.93,5.77
2021-10-04,9.4,9.7,11.9,4.18,4.24
2021-10-05,1.1,10.0,14.5,14.08,9.13
2021-10-06,0.9,11.5,14.2,8.25,8.65
2021-10-07,0.4,11.1,20.5,17.9,6.69
2021-10-08,0.0,9.7,21.2,21.92,6.58
2021-10-09,1.6,8.4,14.2,17.77,7.43
2021-10-10,0.0,8.4,15.3,21.12,5.62
2021-10-11,5.1,7.5,16.5,12.63,7.75
2021-10-12,13.3,4.9,10.2,14.4,12.2
2021-10-13,15.6,6.0,8.6,5.59,13.58
2021-10-14,0.4,5.9,11.4,17.0,7.16
2021-10-15,0.0,1.6,14.0,22.29,5.47
2021-10-16,0.0,5.3,15.1,21.32,5.5
2021-10-17,0.3,8.8,21.2,18.75,10.26
2021-10-18,0.7,8.5,20.6,19.92,6.99
2021-10-19,1.7,8.3,19.8,20.75,7.74
2021-10-20,0.3,7.3,12.0,14.86,4.91
2021-10-21,0.1,5.5,13.6,18.5,4.53
2021-10-22,0.0,7.4,14.6,23.5,6.91
2021-10-23,0.0,8.7,14.6,23.52,8.5
2021-10-24,0.0,10.0,20.6,19.51,6.11
2021-10-25,0.0,10.6,18.0,23.05,4.46
2021-10-26,1.1,10.3,18.7,13.79,3.74
2021-10-27,0.0,11.2,17.3,17.41,4.89
2021-10-28,0.4,11.2,16.5,17.49,5.98
2021-10-29,3.8,12.0,16.4,14.02,6.36
2021-10-30,0.2,11.9,18.9,22.49,9.75
2021-10-31,10.2,10.9,20.4,25.57,8.11
2021-11-01,0.0,10.1,17.3,27.0,8.29
2021-11-02,0.0,9.0,12.5,8.11,5.85
2021-11-03,0.0,6.9,11.9,19.81,5.42
2021-11-04,0.0,6.7,13.1,23.47,7.57
2021-11-05,0.0,6.3,15.5,23.77,5.32
2021-11-06,0.0,7.0,14.9,19.58,6.17
2021-11-07,0.0,10.2,17.7,22.96,9.06
2021-11-08,0.0,11.6,19.7,24.14,6.59
2021-11-09,0.2,12.0,18.3,21.74,5.66
2021-11-10,0.0,11.2,18.7,21.57,6.04
2021-11-11,0.0,12.6,18.4,19.61,6.9
2021-11-12,0.0,13.0,24.4,21.38,9.51
2021-11-13,14.8,12.3,16.9,11.69,4.7
2021-11-14,7.3,10.9,16.1,12.57,3.96
2021-11-15,0.3,11.8,21.8,27.15,7.89
2021-11-16,0.2,11.5,17.4,29.22,12.13
2021-11-17,2.2,8.7,19.7,25.59,5.12
2021-11-18,5.3,10.0,16.4,20.4,6.52
2021-11-19,0.0,8.4,22.2,31.31,6.86
2021-11-20,0.0,10.9,22.6,26.87,5.46
2021-11-21,3.2,9.6,17.4,12.63,7.72
2021-11-22,1.7,11.0,14.8,15.16,6.36
2021-11-23,2.6,11.6,15.5,16.86,5.34
2021-11-24,0.0,11.0,19.9,28.22,6.72
2021-11-25,0.0,11.9,22.9,30.45,6.79
2021-11-26,0.0,14.0,24.7,30.15,7.39
2021-11-27,24.7,10.1,16.8,5.81,8.3
2021-11-28,7.0,10.0,15.1,10.83,6.9
2021-11-29,0.0,11.5,22.5,31.39,5.87
2021-11-30,0.7,13.6,17.3,14.73,6.54
2021-12-01,0.0,12.7,16.9,17.48,7.15
2021-12-02,0.0,13.0,17.5,21.33,9.08
2021-12-03,7.7,14.3,22.8,18.35,7.76
2021-12-04,0.1,16.9,25.5,24.49,7.02
2021-12-05,12.9,12.4,25.8,15.25,8.51
2021-12-06,3.3,10.6,11.9,4.93,8.32
2021-12-07,1.7,10.1,13.7,7.06,2.64
2021-12-08,0.0,8.8,20.1,29.41,6.93
2021-12-09,0.0,13.1,21.3,26.12,6.75
2021-12-10,1.7,13.9,17.8,13.75,7.58
2021-12-11,11.3,11.9,16.2,7.33,7.43
2021-12-12,0.3,11.1,14.4,11.64,5.38
2021-12-13,0.1,10.5,17.5,19.25,7.25
2021-12-14,0.1,11.0,16.1,14.51,4.49
2021-12-15,53.5,12.9,14.4,4.35,8.32
2021-12-16,11.2,12.0,14.9,9.47,9.32
2021-12-17,52.3,11.5,15.8,13.2,6.33
2021-12-18,3.5,8.2,19.5,30.95,5.3
2021-12-19,0.0,10.8,25.4,32.25,7.24
2021-12-20,1.7,15.8,23.4,27.77,10.54
2021-12-21,0.0,12.8,24.0,30.89,7.79
2021-12-22,0.0,14.3,25.8,32.21,7.25
2021-12-23,1.0,12.1,20.2,26.93,7.96
2021-12-24,1.3,11.8,17.0,25.63,6.93
2021-12-25,0.0,11.8,18.5,25.44,10.12
2021-12-26,0.0,10.6,24.4,32.3,7.23
2021-12-27,9.2,14.7,21.1,19.44,6.94
2021-12-28,16.6,12.9,14.6,6.95,5.41
2021-12-29,1.2,11.3,16.8,19.7,6.16
2021-12-30,6.6,11.1,22.2,27.46,7.25
2021-12-31,0.1,12.9,20.7,29.67,6.86
2022-01-01,0.0,12.5,23.0,31.19,6.15
2022-01-02,0.0,14.7,23.8,28.56,5.8
2022-01-03,0.0,16.7,22.5,26.66,4.69
2022-01-04,0.0,14.6,20.9,25.07,4.71
2022-01-05,0.5,15.2,22.3,29.84,5.94
2022-01-06,3.0,12.1,15.3,9.08,7.4
2022-01-07,0.0,11.9,16.8,22.12,6.67
2022-01-08,0.0,10.7,19.9,30.09,8.46
2022-01-09,0.0,15.7,27.4,25.86,5.45
2022-01-10,0.0,16.2,24.6,29.36,5.39
2022-01-11,0.3,15.0,26.0,25.77,6.76
2022-01-12,5.3,12.8,19.1,18.18,6.85
2022-01-13,0.2,11.0,15.9,19.59,6.96
2022-01-14,0.0,7.5,19.1,32.28,3.91
2022-01-15,0.0,8.9,20.2,29.8,6.7
2022-01-16,0.0,13.3,20.7,31.61,9.31
2022-01-17,0.0,15.3,22.3,30.25,7.08
2022-01-18,0.0,15.4,22.4,30.58,7.16
2022-01-19,17.1,13.4,27.8,22.88,10.5
2022-01-20,6.9,10.3,17.3,21.86,7.25
2022-01-21,0.4,10.3,18.7,25.6,4.97
2022-01-22,0.3,13.2,22.0,24.87,4.9
2022-01-23,5.4,13.8,16.2,8.63,5.68
2022-01-24,0.5,13.3,18.0,11.93,7.55
2022-01-25,0.0,13.2,21.3,23.9,4.88
2022-01-26,5.5,12.2,22.0,18.49,11.57
2022-01-27,4.4,10.6,16.0,26.41,10.6
2022-01-28,0.0,10.0,20.1,29.43,6.15
2022-01-29,0.0,14.1,24.8,29.94,6.15
2022-01-30,0.0,13.2,23.5,26.37,6.34
2022-01-31,0.0,15.4,21.6,28.12,9.1
2022-02-01,0.7,16.4,22.2,19.65,7.64
2022-02-02,0.2,18.3,26.5,13.32,9.28
2022-02-03,0.9,15.6,27.2,12.95,12.65
2022-02-04,23.1,13.4,17.3,9.34,6.14
2022-02-05,20.5,12.0,13.4,3.65,4.6
2022-02-06,0.7,9.7,15.9,13.94,5.0
2022-02-07,0.0,11.3,16.3,13.71,5.47
2022-02-08,0.4,13.0,18.6,12.7,4.53
2022-02-09,36.0,14.5,18.5,5.71,5.61
2022-02-10,30.5,17.0,23.2,18.68,6.31
2022-02-11,0.4,15.6,21.0,17.8,5.17
2022-02-12,15.1,13.0,18.3,4.03,8.52
2022-02-13,35.4,10.6,12.6,4.93,8.83
2022-02-14,1.2,10.7,16.8,15.88,6.32
2022-02-15,0.0,11.5,19.7,26.21,6.2
2022-02-16,0.1,12.1,19.0,21.71,6.59
2022-02-17,0.0,12.2,21.3,22.09,8.72
2022-02-18,0.0,12.4,26.4,26.96,7.16
2022-02-19,10.6,12.8,23.3,12.93,10.6
2022-02-20,0.0,9.7,19.3,23.98,5.64
2022-02-21,0.0,11.8,19.1,25.71,10.0
2022-02-22,7.7,13.7,26.8,25.38,5.92
2022-02-23,1.3,12.8,16.2,11.37,6.21
2022-02-24,0.0,10.5,17.8,23.55,6.41
2022-02-25,0.0,11.3,18.6,24.22,6.89
2022-02-26,1.5,11.4,18.0,11.6,10.2
2022-02-27,0.0,9.5,13.6,10.8,4.49
2022-02-28,0.0,6.6,17.5,21.98,5.26
2022-03-01,0.3,10.6,19.6,18.04,5.03
2022-03-02,2.8,8.5,14.3,11.12,6.91
2022-03-03,0.0,8.3,20.1,23.78,4.68
2022-03-04,0.0,9.5,20.3,20.17,4.82
2022-03-05,0.0,12.5,20.0,20.09,6.52
2022-03-06,0.0,13.5,26.4,22.29,7.23
2022-03-07,2.5,14.0,18.4,5.33,6.89
2022-03-08,0.0,13.5,20.2,21.93,9.02
2022-03-09,0.0,12.2,20.2,18.65,5.04
2022-03-10,0.0,14.5,19.1,14.86,7.85
2022-03-11,0.0,14.6,25.5,17.69,9.6
2022-03-12,0.6,14.9,23.1,18.84,8.19
2022-03-13,0.0,12.8,18.4,16.3,4.69
2022-03-14,0.0,10.7,17.8,20.19,5.92
2022-03-15,0.6,7.9,15.8,9.8,4.56
2022-03-16,3.3,11.6,15.8,7.08,3.08
2022-03-17,0.0,7.9,15.4,12.48,3.22
2022-03-18,0.0,5.9,16.7,15.73,6.18
2022-03-19,0.0,9.9,17.2,18.08,8.64
2022-03-20,0.0,11.9,19.7,16.21,4.6
2022-03-21,4.1,12.0,19.9,12.35,7.6
2022-03-22,15.5,15.9,20.0,6.63,9.51
2022-03-23,0.3,16.0,20.4,10.36,7.0
2022-03-24,1.3,14.4,22.1,13.4,10.2
2022-03-25,0.0,10.3,15.6,12.48,5.3
2022-03-26,0.2,7.7,19.2,17.63,5.19
2022-03-27,0.1,12.4,18.8,14.06,3.89
2022-03-28,0.0,10.7,17.5,17.11,8.06
2022-03-29,0.1,11.6,18.2,13.63,7.38
2022-03-30,0.1,13.1,18.7,10.06,5.02
2022-03-31,0.0,13.5,19.6,15.02,7.64
2022-04-01,6.9,11.9,15.6,3.95,8.07
2022-04-02,0.0,9.9,18.7,16.62,5.24
2022-04-03,0.0,12.4,20.3,15.24,4.4
2022-04-04,0.3,12.4,18.6,10.61,3.31
2022-04-05,0.0,10.0,23.2,9.97,5.46
2022-04-06,13.5,11.6,18.9,6.29,7.28
2022-04-07,0.2,6.3,13.1,11.66,10.48
2022-04-08,0.0,4.1,19.8,15.65,7.16
2022-04-09,0.0,9.8,17.5,14.25,5.19
2022-04-10,0.1,8.8,16.4,12.33,6.79
2022-04-11,0.0,7.1,21.5,15.28,6.4
2022-04-12,6.1,10.6,18.7,5.72,8.88
2022-04-13,0.8,6.5,14.9,11.19,3.81
2022-04-14,0.0,5.5,16.1,14.45,3.86
2022-04-15,0.0,8.2,16.4,13.89,6.02
2022-04-16,0.3,10.7,21.6,8.88,9.32
2022-04-17,0.1,11.6,13.8,5.9,6.11
2022-04-18,0.0,10.9,15.7,13.62,8.5
2022-04-19,0.0,6.2,16.6,11.66,3.45
2022-04-20,0.0,10.9,21.0,9.56,6.9
2022-04-21,0.0,13.7,24.8,9.57,9.9
2022-04-22,5.3,6.0,14.3,10.18,10.75
2022-04-23,0.0,5.3,16.5,12.63,5.8
2022-04-24,2.3,10.9,14.5,7.81,6.8
2022-04-25,0.1,8.2,18.4,12.19,8.04
2022-04-26,0.2,7.8,15.7,10.13,4.2
2022-04-27,0.1,7.7,14.8,8.28,5.7
2022-04-28,0.0,7.9,15.8,8.71,2.75
2022-04-29,0.0,8.1,15.8,10.28,4.76
2022-04-30,0.0,8.3,16.6,10.69,5.44
2022-05-01,0.0,11.4,20.8,9.77,7.18
2022-05-02,0.0,10.5,22.8,10.29,5.45
2022-05-03,0.0,10.1,19.9,9.82,2.57
2022-05-04,0.0,10.6,16.3,5.01,4.18
2022-05-05,0.0,10.0,18.5,9.71,3.66
2022-05-06,0.0,8.2,19.1,10.24,3.8
2022-05-07,0.0,10.1,19.4,9.82,5.34
2022-05-08,0.2,13.7,20.4,3.39,6.8
2022-05-09,7.9,12.0,15.6,4.47,4.06
2022-05-10,2.5,10.1,12.1,4.29,5.77
2022-05-11,0.0,5.2,13.2,9.42,2.95
2022-05-12,0.0,2.7,15.0,9.52,3.27
2022-05-13,0.0,5.6,14.2,9.19,3.85
2022-05-14,6.7,9.6,14.6,2.01,4.72
2022-05-15,11.8,10.1,12.0,1.67,4.93
2022-05-16,0.4,10.8,14.8,4.02,7.57
2022-05-17,0.0,9.7,20.2,7.71,4.3
2022-05-18,0.0,7.3,18.2,7.81,6.41
2022-05-19,0.6,9.3,17.5,5.99,8.16
2022-05-20,8.3,5.4,11.2,4.43,7.68
2022-05-21,0.0,3.9,14.5,8.64,6.14
2022-05-22,0.9,3.8,14.6,6.88,4.97
2022-05-23,0.0,4.1,13.5,8.5,4.06
2022-05-24,0.0,4.0,14.7,8.38,3.78
2022-05-25,0.5,5.4,14.6,7.71,7.11
2022-05-26,1.3,4.1,9.3,4.91,4.67
2022-05-27,0.0,1.5,12.4,7.88,3.61
2022-05-28,0.0,1.9,15.7,7.81,4.08
2022-05-29,0.0,4.0,13.9,7.59,2.91
2022-05-30,1.8,8.3,13.5,4.49,10.47
2022-05-31,3.6,12.4,20.0,5.81,7.57
2022-06-01,3.6,12.1,16.6,4.87,9.42
2022-06-02,0.0,10.4,16.5,5.79,7.42
2022-06-03,10.3,5.6,11.6,3.52,7.16
2022-06-04,0.0,2.2,11.5,7.48,6.22
2022-06-05,4.7,7.6,12.5,4.83,7.32
2022-06-06,1.0,6.5,15.5,6.95,3.62
2022-06-07,1.9,5.6,16.8,3.6,8.92
2022-06-08,0.0,9.7,15.4,4.88,6.74
2022-06-09,0.1,6.4,13.2,3.76,6.64
2022-06-10,5.8,6.2,13.0,6.63,10.71
2022-06-11,0.2,3.6,11.4,6.74,8.74
2022-06-12,1.7,4.3,12.2,4.04,11.12
2022-06-13,2.4,3.8,10.8,5.11,10.01
2022-06-14,0.2,2.2,14.6,6.21,6.98
2022-06-15,0.0,1.2,13.8,6.81,4.76
2022-06-16,0.0,3.8,14.7,4.74,7.31
2022-06-17,0.0,6.6,8.9,1.39,5.04
2022-06-18,0.1,2.4,9.2,3.21,5.1
2022-06-19,3.1,2.3,8.8,1.74,7.86
2022-06-20,3.3,6.6,7.7,1.7,6.93
2022-06-21,0.1,1.9,9.1,6.21,3.88
2022-06-22,0.0,-2.5,8.5,6.87,3.55
2022-06-23,0.0,-1.3,9.9,6.44,5.14
2022-06-24,0.0,2.0,11.8,6.78,5.66
2022-06-25,0.2,8.4,16.7,6.71,7.08
2022-06-26,0.3,5.0,15.2,6.83,4.12
2022-06-27,2.9,5.6,14.7,5.13,5.81
2022-06-28,16.6,5.4,8.9,1.11,5.6
2022-06-29,0.0,1.4,10.3,6.0,3.38
2022-06-30,0.6,0.8,13.7,6.33,7.82
2022-07-01,3.0,1.1,10.1,7.21,6.13
2022-07-02,0.0,2.4,10.8,7.01,4.68
2022-07-03,0.0,3.3,14.2,6.73,5.8
2022-07-04,0.0,2.5,11.4,7.25,6.94
2022-07-05,0.0,5.5,14.4,6.0,4.94
2022-07-06,0.0,3.6,11.2,5.74,5.19
2022-07-07,0.1,2.7,9.6,3.57,3.91
2022-07-08,8.6,8.4,10.9,2.35,9.83
2022-07-09,18.3,6.5,12.4,1.14,9.63
2022-07-10,0.0,1.8,8.1,5.39,5.63
2022-07-11,0.2,-1.1,7.9,3.06,3.14
2022-07-12,44.6,6.3,9.2,0.39,10.46
2022-07-13,0.9,7.7,13.2,3.67,9.36
2022-07-14,0.1,3.8,10.8,7.16,5.58
2022-07-15,0.4,2.5,8.3,4.31,5.3
2022-07-16,0.0,0.1,9.2,7.96,3.59
2022-07-17,0.0,0.8,13.3,6.52,5.41
2022-07-18,1.5,6.5,16.0,6.56,10.0
2022-07-19,10.1,6.3,11.9,2.37,6.02
2022-07-20,7.7,6.0,8.7,1.38,8.68
2022-07-21,27.0,6.2,7.7,1.37,11.95
2022-07-22,1.0,3.9,8.6,5.18,5.02
2022-07-23,0.0,2.4,9.0,6.77,4.31
2022-07-24,0.1,1.7,8.4,4.46,2.75
2022-07-25,11.4,4.5,8.7,1.7,6.15
2022-07-26,45.5,6.4,10.8,1.2,6.67
2022-07-27,1.5,5.4,11.0,3.69,7.15
2022-07-28,5.4,4.6,8.8,3.19,3.41
2022-07-29,1.6,3.2,11.6,6.22,5.24
2022-07-30,13.5,1.2,8.2,2.87,7.29
2022-07-31,9.6,1.0,9.9,7.63,8.2
2022-08-01,0.0,0.0,11.7,9.65,5.41
2022-08-02,3.0,8.2,16.5,7.38,8.2
2022-08-03,0.0,7.5,15.8,9.89,13.93
2022-08-04,0.0,4.2,15.1,9.06,6.69
2022-08-05,0.0,6.2,15.2,5.08,10.35
2022-08-06,13.9,9.2,13.7,3.93,8.96
2022-08-07,12.6,4.5,16.3,7.73,9.84
2022-08-08,2.0,4.4,6.5,5.02,6.54
2022-08-09,0.0,3.5,6.8,5.59,4.74
2022-08-10,0.0,0.4,7.7,10.8,4.04
2022-08-11,1.2,0.8,7.7,7.44,6.18
2022-08-12,0.0,-2.8,8.9,11.3,2.47
2022-08-13,0.0,0.7,11.8,11.3,3.61
2022-08-14,0.0,0.6,14.4,11.77,5.09
2022-08-15,0.0,0.5,10.1,7.32,8.21
2022-08-16,0.7,7.6,16.4,7.13,7.99
2022-08-17,2.5,10.4,15.5,4.46,7.5
2022-08-18,8.6,8.8,15.0,4.86,6.91
2022-08-19,0.7,9.3,15.3,5.46,6.68
2022-08-20,3.6,8.2,14.2,8.87,4.43
2022-08-21,7.0,8.3,15.9,8.16,3.82
2022-08-22,0.2,5.7,11.1,8.55,4.62
2022-08-23,0.0,6.8,12.7,12.39,7.45
2022-08-24,0.0,7.6,18.5,11.1,6.96
2022-08-25,3.9,7.1,10.6,4.44,6.52
2022-08-26,3.0,8.2,10.2,4.77,6.43
2022-08-27,0.0,2.4,10.2,9.29,3.3
2022-08-28,0.3,3.8,10.8,8.99,3.4
2022-08-29,0.0,5.3,11.1,10.87,6.91
2022-08-30,0.0,1.1,14.2,14.23,5.9
2022-08-31,0.0,4.3,17.0,14.25,5.64
2022-09-01,0.0,10.6,19.9,12.74,5.01
2022-09-02,1.9,11.0,18.8,10.11,7.12
2022-09-03,1.7,7.4,17.5,14.18,7.02
2022-09-04,0.1,3.3,15.3,14.93,8.08
2022-09-05,1.6,3.4,9.5,11.33,7.72
2022-09-06,1.7,0.6,8.5,14.14,6.32
2022-09-07,0.0,0.7,13.3,13.9,3.72
2022-09-08,0.0,5.2,12.0,12.04,3.22
2022-09-09,0.0,2.1,12.5,13.37,5.17
2022-09-10,0.0,5.7,12.9,14.52,7.5
2022-09-11,0.9,8.1,11.6,5.24,8.59
2022-09-12,1.3,6.3,15.0,7.77,4.27
2022-09-13,4.7,5.2,14.2,16.12,8.32
2022-09-14,1.2,2.8,9.0,11.74,9.84
2022-09-15,0.0,0.2,15.5,18.23,5.1
2022-09-16,0.1,3.5,8.8,5.77,6.71
2022-09-17,0.0,1.5,12.6,17.41,4.64
2022-09-18,0.0,4.1,13.3,16.46,7.05
2022-09-19,2.6,8.2,19.0,13.57,8.85
2022-09-20,0.0,8.4,19.1,13.28,5.68
2022-09-21,0.2,8.2,11.8,9.28,5.67
2022-09-22,0.0,5.9,13.9,14.79,5.24
2022-09-23,0.0,5.3,12.6,14.16,5.69
2022-09-24,0.1,6.1,12.9,10.42,6.32
2022-09-25,1.0,7.1,12.7,10.17,7.72
2022-09-26,0.0,8.4,12.7,15.99,9.48
2022-09-27,0.0,7.9,19.6,16.56,4.58
2022-09-28,1.9,8.8,17.0,13.5,6.17
2022-09-29,3.0,8.9,21.7,14.68,8.11
2022-09-30,6.2,3.8,8.9,6.83,5.7
2022-10-01,0.0,1.1,10.2,11.41,5.31
2022-10-02,0.0,6.3,11.7,11.03,5.31
2022-10-03,0.0,3.0,14.1,14.92,8.1
2022-10-04,0.0,5.3,19.1,21.03,7.34
2022-10-05,13.9,2.7,9.2,10.69,10.51
2022-10-06,0.7,1.8,8.9,20.04,10.4
2022-10-07,0.0,4.9,11.1,18.86,6.95
2022-10-08,0.0,5.2,16.6,23.3,5.7
2022-10-09,0.0,9.0,20.3,22.83,6.58
2022-10-10,0.2,10.4,19.8,20.47,9.0
2022-10-11,0.1,8.3,16.8,19.38,6.22
2022-10-12,0.0,8.4,12.1,10.11,5.49
2022-10-13,0.2,5.3,13.2,15.91,5.54
2022-10-14,0.0,3.7,12.0,16.5,6.38
2022-10-15,0.0,5.9,13.2,23.22,8.98
2022-10-16,0.2,5.0,19.5,22.2,6.39
2022-10-17,0.3,5.8,13.7,16.54,5.75
2022-10-18,5.1,5.6,17.3,20.94,7.94
2022-10-19,0.4,4.8,15.1,22.83,6.37
2022-10-20,0.5,6.2,19.7,25.18,8.12
2022-10-21,0.0,4.2,10.9,15.33,8.95
2022-10-22,0.0,1.4,15.5,26.01,5.59
2022-10-23,0.0,7.6,23.8,26.64,7.35
2022-10-24,1.8,7.5,18.3,15.53,9.3
2022-10-25,0.0,5.7,11.2,17.78,6.67
2022-10-26,0.0,5.9,20.7,22.09,5.25
2022-10-27,2.4,8.5,13.7,9.5,7.65
2022-10-28,3.1,10.3,18.2,14.7,8.63
2022-10-29,3.5,16.3,22.4,13.92,7.19
2022-10-30,0.0,13.7,22.7,24.3,7.83
2022-10-31,6.4,11.4,21.2,21.21,6.3
2022-11-01,0.0,10.4,21.9,26.51,7.62
2022-11-02,2.5,15.2,25.2,19.89,11.1
2022-11-03,1.6,13.3,19.5,23.94,10.98
2022-11-04,0.0,10.3,20.8,28.31,7.99
2022-11-05,0.2,7.4,15.3,21.03,4.46
2022-11-06,0.2,10.5,14.8,17.19,6.23
2022-11-07,0.0,9.8,17.0,27.28,5.73
2022-11-08,0.0,8.6,18.1,23.59,6.93
2022-11-09,0.0,10.3,21.0,29.28,7.48
2022-11-10,0.1,9.1,14.0,14.28,5.47
2022-11-11,0.2,8.2,14.9,20.47,11.1
2022-11-12,1.8,12.2,24.2,24.56,7.73
2022-11-13,0.3,10.0,21.4,28.16,5.12
2022-11-14,0.3,11.8,17.6,19.69,8.36
2022-11-15,0.0,12.1,22.1,29.57,7.82
2022-11-16,0.5,11.4,20.2,23.32,5.01
2022-11-17,3.1,12.9,18.1,16.14,4.66
2022-11-18,8.3,12.8,16.6,12.52,6.07
2022-11-19,36.8,13.2,15.2,4.89,6.48
2022-11-20,1.9,11.9,19.3,21.78,6.59
2022-11-21,0.8,12.6,23.0,22.49,8.15
2022-11-22,0.0,12.8,21.5,20.17,10.04
2022-11-23,0.3,10.9,21.2,30.09,8.6
2022-11-24,1.8,10.6,18.1,24.27,8.77
2022-11-25,1.4,7.6,15.4,25.64,4.74
2022-11-26,6.7,9.1,18.7,25.93,4.46
2022-11-27,15.8,10.3,12.5,6.49,6.46
2022-11-28,0.0,8.2,17.6,27.97,7.13
2022-11-29,0.6,11.8,22.9,22.83,7.32
2022-11-30,14.3,12.1,19.6,19.55,8.0
2022-12-01,5.0,11.2,18.3,24.61,6.93
2022-12-02,6.2,9.6,13.9,10.96,6.53
2022-12-03,1.0,9.1,15.0,22.85,5.3
2022-12-04,0.0,9.6,25.3,31.14,5.3
2022-12-05,0.3,8.9,17.1,21.14,8.02
2022-12-06,0.1,11.1,19.0,25.86,9.5
2022-12-07,0.2,10.5,14.1,15.62,7.8
2022-12-08,0.0,11.2,17.8,28.3,11.12
2022-12-09,0.7,11.6,20.6,18.77,8.08
2022-12-10,0.0,14.3,24.4,28.0,7.26
2022-12-11,11.8,12.3,21.8,22.36,6.54
2022-12-12,0.1,11.0,19.4,24.66,5.88
2022-12-13,0.0,13.7,20.2,29.55,10.06
2022-12-14,0.0,13.2,25.3,28.53,5.41
2022-12-15,0.8,13.9,18.8,12.85,5.17
2022-12-16,2.5,14.5,25.1,21.36,7.47
2022-12-17,0.1,14.9,18.7,26.27,5.47
2022-12-18,23.0,12.5,15.3,5.47,6.2
2022-12-19,4.3,12.0,17.4,15.55,5.8
2022-12-20,3.6,12.4,14.6,7.89,4.24
2022-12-21,0.4,11.6,16.8,19.3,6.44
2022-12-22,0.0,10.9,16.6,17.97,6.36
2022-12-23,0.4,12.9,18.8,19.36,5.7
2022-12-24,1.4,13.3,21.1,21.29,5.26
2022-12-25,0.1,14.7,22.1,28.67,6.58
2022-12-26,0.0,15.3,23.0,27.54,5.86
2022-12-27,1.6,14.8,18.2,10.45,5.51
2022-12-28,0.0,12.5,21.0,29.82,9.14
2022-12-29,0.0,13.4,30.2,33.47,6.73
2022-12-30,0.2,11.8,19.1,11.01,8.63
2022-12-31,0.0,7.1,18.5,28.21,4.55
2023-01-01,0.0,8.4,18.7,24.22,5.41
2023-01-02,0.0,10.9,19.8,32.53,8.63
2023-01-03,0.0,14.7,22.6,29.58,8.46
2023-01-04,0.2,15.6,23.5,30.57,9.57
2023-01-05,0.3,16.9,24.2,23.0,9.03
2023-01-06,12.3,16.8,28.6,27.21,5.94
2023-01-07,18.7,13.0,16.7,5.89,7.25
2023-01-08,0.0,11.6,18.4,27.98,5.84
2023-01-09,0.0,10.1,19.1,32.73,8.2
2023-01-10,0.0,13.5,19.7,24.84,9.08
2023-01-11,1.9,13.4,20.3,20.15,7.92
2023-01-12,0.3,13.0,16.5,19.14,6.71
2023-01-13,0.0,12.6,20.0,26.55,5.75
2023-01-14,0.0,10.4,19.1,27.18,5.41
2023-01-15,0.0,13.3,21.6,31.47,7.73
2023-01-16,0.0,14.4,24.2,30.42,7.25
2023-01-17,0.0,14.3,19.3,19.67,7.12
2023-01-18,0.0,15.1,22.0,20.46,7.22
2023-01-19,0.0,15.3,22.8,30.77,9.18
2023-01-20,0.9,14.4,28.4,27.65,8.7
2023-01-21,0.1,15.1,18.1,15.47,6.35
2023-01-22,0.1,12.4,21.3,27.14,6.43
2023-01-23,1.5,13.5,16.8,14.2,5.0
2023-01-24,0.9,13.2,17.1,11.69,5.25
2023-01-25,0.0,14.1,20.9,24.73,8.91
2023-01-26,0.5,14.1,26.7,26.78,5.72
2023-01-27,10.6,15.0,27.1,26.31,8.74
2023-01-28,0.8,12.5,17.5,13.12,4.88
2023-01-29,0.0,12.0,24.8,18.88,6.08
2023-01-30,0.8,16.1,22.2,25.14,5.63
2023-01-31,0.0,14.0,24.4,24.02,7.0
2023-02-01,0.3,17.7,22.5,12.72,7.98
2023-02-02,1.0,17.4,28.3,21.97,8.17
2023-02-03,2.0,19.8,30.8,25.01,7.78
2023-02-04,0.0,18.0,30.9,27.51,6.55
2023-02-05,4.5,20.1,26.7,10.2,11.37
2023-02-06,0.0,17.1,28.5,21.74,7.5
2023-02-07,0.0,14.1,27.4,28.57,8.49
2023-02-08,6.1,13.8,22.2,20.4,5.11
2023-02-09,4.7,12.4,18.9,21.72,5.85
2023-02-10,0.1,12.6,19.8,20.97,6.61
2023-02-11,1.0,14.0,19.8,21.05,3.94
2023-02-12,0.0,13.0,21.0,26.85,8.02
2023-02-13,0.1,13.9,21.4,22.15,7.43
2023-02-14,3.4,13.1,20.2,12.64,4.61
2023-02-15,30.5,14.3,15.9,4.87,9.49
2023-02-16,4.0,13.9,17.7,21.01,9.13
2023-02-17,0.7,12.1,17.7,18.71,5.86
2023-02-18,0.0,10.3,21.4,25.52,7.17
2023-02-19,0.0,14.0,27.8,23.75,6.18
2023-02-20,0.0,12.7,25.8,24.95,5.53
2023-02-21,0.0,16.2,28.6,25.06,6.72
2023-02-22,35.2,10.7,17.1,3.43,7.96
2023-02-23,10.5,10.2,13.7,12.54,7.53
2023-02-24,2.3,9.5,14.4,12.84,4.0
2023-02-25,0.0,8.0,17.5,19.36,6.02
2023-02-26,0.5,11.3,18.4,13.63,4.75
2023-02-27,0.0,12.2,18.7,16.96,4.97
2023-02-28,0.0,11.4,19.9,20.38,3.96
2023-03-01,0.0,12.4,21.4,22.38,8.6
2023-03-02,0.2,17.8,27.8,21.86,5.39
2023-03-03,17.2,13.5,24.8,18.48,5.2
2023-03-04,3.4,13.6,16.9,9.83,6.99
2023-03-05,27.6,11.9,13.2,3.15,4.71
2023-03-06,0.1,8.9,17.5,18.42,4.3
2023-03-07,0.0,9.8,18.6,21.33,6.83
2023-03-08,0.0,13.2,26.9,17.59,6.61
2023-03-09,2.3,16.0,23.8,7.34,7.2
2023-03-10,1.4,12.1,19.8,19.03,5.45
2023-03-11,0.0,11.3,22.6,20.64,5.06
2023-03-12,0.0,14.1,23.7,20.82,6.04
2023-03-13,9.6,11.1,19.5,8.17,12.26
2023-03-14,0.0,7.5,19.1,21.18,2.82
2023-03-15,0.0,9.4,19.2,19.08,7.37
2023-03-16,4.7,10.8,23.8,18.57,9.21
2023-03-17,2.7,14.3,24.4,13.8,12.05
2023-03-18,1.3,11.9,18.8,20.15,8.01
2023-03-19,0.0,10.1,21.4,19.95,8.2
2023-03-20,6.4,14.5,21.5,8.16,10.24
2023-03-21,13.4,9.2,17.1,5.85,12.93
2023-03-22,5.3,8.3,12.7,7.89,11.18
2023-03-23,0.0,7.8,15.8,14.74,5.02
2023-03-24,0.0,7.7,16.9,16.93,6.95
2023-03-25,0.2,11.9,22.5,12.96,6.67
2023-03-26,0.3,12.9,17.7,9.94,6.37
2023-03-27,0.0,9.6,21.4,17.91,5.75
2023-03-28,15.9,6.2,17.0,3.68,10.0
2023-03-29,8.1,5.8,11.2,10.68,8.74
2023-03-30,0.0,8.4,12.6,7.76,7.85
2023-03-31,0.0,8.6,15.7,12.65,5.29
2023-04-01,4.3,11.0,23.2,12.01,8.41
2023-04-02,0.7,12.4,21.5,12.6,8.42
2023-04-03,0.9,6.9,14.4,8.91,4.75
2023-04-04,0.0,6.1,18.4,15.8,4.05
2023-04-05,0.0,8.8,21.6,15.07,7.05
2023-04-06,7.8,10.0,16.1,8.04,7.78
2023-04-07,0.2,9.0,13.1,8.95,4.63
2023-04-08,0.0,5.9,13.5,11.06,7.08
2023-04-09,0.1,9.5,16.7,13.52,9.77
2023-04-10,0.2,11.7,19.4,11.01,9.12
2023-04-11,3.9,12.8,18.9,9.48,7.88
2023-04-12,0.7,11.2,15.9,9.27,4.57
2023-04-13,5.5,12.5,16.1,5.98,4.57
2023-04-14,0.8,10.7,14.8,8.03,4.8
2023-04-15,0.0,10.9,15.3,9.64,8.42
2023-04-16,0.0,10.7,16.8,14.05,8.38
2023-04-17,0.0,12.1,18.1,13.58,8.44
2023-04-18,11.3,13.1,22.2,6.58,5.24
2023-04-19,3.7,9.7,16.1,9.63,4.83
2023-04-20,0.0,11.2,17.4,12.03,6.12
2023-04-21,33.3,12.4,14.3,1.9,2.06
2023-04-22,0.5,12.3,17.2,8.61,4.08
2023-04-23,0.4,10.8,20.6,12.16,7.65
2023-04-24,1.5,6.3,13.1,10.79,10.06
2023-04-25,0.0,4.4,19.5,12.19,7.55
2023-04-26,2.2,9.7,15.5,5.9,12.34
2023-04-27,0.0,3.9,15.5,11.92,2.61
2023-04-28,0.0,7.5,15.4,11.69,7.94
2023-04-29,0.0,9.0,18.0,11.1,6.51
2023-04-30,0.0,7.9,16.6,9.89,3.41
2023-05-01,0.0,9.2,16.0,5.37,2.82
2023-05-02,0.0,13.3,21.0,9.16,8.07
2023-05-03,0.0,15.1,21.2,3.8,9.13
2023-05-04,0.0,12.0,20.6,7.84,6.1
2023-05-05,6.1,12.1,16.1,4.65,10.05
2023-05-06,1.2,12.6,21.3,7.52,6.07
2023-05-07,7.6,10.6,15.2,4.25,5.45
2023-05-08,0.0,13.1,21.9,8.62,6.8
2023-05-09,6.7,14.2,19.2,2.12,10.0
2023-05-10,8.3,5.9,13.4,3.79,5.78
2023-05-11,5.4,5.3,9.6,7.87,11.95
2023-05-12,0.4,5.9,14.5,7.32,6.21
2023-05-13,0.0,4.0,13.3,8.07,5.09
2023-05-14,1.7,5.0,14.1,6.07,6.17
2023-05-15,20.7,4.5,11.8,3.93,7.38
2023-05-16,0.0,3.8,12.2,8.18,5.61
2023-05-17,0.0,6.2,17.7,8.84,3.91
2023-05-18,4.5,7.7,11.0,1.41,2.94
2023-05-19,3.3,9.8,11.4,1.77,4.03
2023-05-20,2.1,9.9,11.4,1.85,7.9
2023-05-21,5.9,6.2,11.6,5.84,8.91
2023-05-22,0.0,1.9,13.9,8.19,4.81
2023-05-23,0.0,3.1,14.6,8.15,3.47
2023-05-24,0.3,6.1,12.2,5.77,5.4
2023-05-25,0.0,5.3,15.0,8.16,3.97
2023-05-26,0.5,9.4,16.7,3.09,9.48
2023-05-27,0.3,12.3,18.6,5.73,6.82
2023-05-28,0.0,6.9,17.8,7.35,5.31
2023-05-29,0.0,10.9,16.7,4.83,9.41
2023-05-30,0.0,9.9,16.2,5.48,7.21
2023-05-31,0.0,5.6,15.9,7.59,5.53
2023-06-01,0.2,9.8,18.9,6.35,6.62
2023-06-02,0.6,7.9,15.0,7.81,8.06
2023-06-03,0.0,4.1,12.0,7.43,6.1
2023-06-04,10.8,4.7,13.6,1.58,9.25
2023-06-05,3.6,6.5,8.8,2.1,7.61
2023-06-06,2.0,7.6,10.2,3.18,4.88
2023-06-07,0.0,1.6,10.8,6.7,5.02
2023-06-08,0.0,2.2,10.4,7.15,2.66
2023-06-09,0.0,4.0,10.4,5.31,4.1
2023-06-10,0.0,2.1,11.9,6.16,6.03
2023-06-11,0.0,-0.8,11.7,6.45,4.65
2023-06-12,0.0,4.3,12.5,6.46,3.42
2023-06-13,0.0,2.1,11.3,4.03,3.42
2023-06-14,0.0,0.7,10.6,6.8,5.17
2023-06-15,0.0,4.7,11.7,6.85,6.15
2023-06-16,0.0,7.9,11.8,6.65,8.99
2023-06-17,1.4,5.6,12.4,2.63,5.14
2023-06-18,8.9,10.5,12.7,2.36,6.33
2023-06-19,10.2,11.4,12.6,1.82,9.0
2023-06-20,0.2,9.5,12.5,4.29,7.82
2023-06-21,0.0,7.1,12.1,4.62,3.0
2023-06-22,1.6,8.9,12.8,1.23,6.08
2023-06-23,0.3,11.6,14.4,4.28,5.44
2023-06-24,2.0,12.3,14.0,4.13,8.66
2023-06-25,0.0,9.4,13.3,3.96,6.65
2023-06-26,7.7,8.3,13.9,2.33,6.3
2023-06-27,12.5,6.9,11.7,2.58,8.88
2023-06-28,1.8,6.9,11.0,3.46,7.91
2023-06-29,0.1,5.4,12.5,6.06,3.88
2023-06-30,1.1,3.6,9.2,4.59,3.73
2023-07-01,1.5,-0.3,9.5,6.55,6.44
2023-07-02,0.0,0.9,8.5,6.8,8.46
2023-07-03,16.3,2.8,9.5,5.27,10.19
2023-07-04,0.0,1.8,15.0,6.97,5.36
2023-07-05,0.0,1.8,13.4,7.33,3.98
2023-07-06,1.2,1.0,9.1,4.3,4.86
2023-07-07,0.0,1.8,10.1,6.06,8.43
2023-07-08,7.7,5.0,11.1,3.08,7.71
2023-07-09,19.8,8.5,12.5,2.27,9.38
2023-07-10,0.0,3.8,11.6,6.08,2.52
2023-07-11,0.0,4.4,11.0,5.15,5.33
2023-07-12,1.8,1.1,8.5,2.87,9.0
2023-07-13,0.1,1.7,10.7,5.59,4.48
2023-07-14,0.5,5.5,14.2,7.36,6.02
2023-07-15,0.0,3.8,14.0,7.57,4.68
2023-07-16,0.6,4.6,14.5,3.6,6.61
2023-07-17,0.0,3.2,15.1,7.79,4.48
2023-07-18,0.0,7.6,16.4,7.16,5.95
2023-07-19,0.0,7.9,16.0,7.93,6.28
2023-07-20,2.4,6.2,10.7,1.43,7.12
2023-07-21,0.0,1.8,9.5,6.5,4.41
2023-07-22,40.8,1.3,7.3,2.23,9.82
2023-07-23,32.0,6.9,10.7,0.92,6.88
2023-07-24,5.6,6.7,10.9,3.62,7.47
2023-07-25,2.3,3.0,12.9,8.11,6.52
2023-07-26,0.0,2.6,9.7,8.14,6.95
2023-07-27,0.6,3.2,11.4,7.61,9.82
2023-07-28,1.1,3.5,10.0,7.02,8.92
2023-07-29,0.0,0.5,10.0,8.76,3.68
2023-07-30,0.0,0.0,10.8,9.23,4.97
2023-07-31,0.0,3.3,15.8,9.06,6.14
2023-08-01,4.8,6.8,14.6,8.27,12.89
2023-08-02,3.0,5.0,8.7,8.41,10.87
2023-08-03,0.0,4.1,8.9,2.89,7.85
2023-08-04,0.1,1.1,12.6,9.53,8.49
2023-08-05,0.4,5.1,9.4,4.31,5.33
2023-08-06,0.0,5.5,12.1,9.52,4.46
2023-08-07,1.2,2.8,15.3,9.48,6.62
2023-08-08,0.0,0.9,9.6,9.9,3.83
2023-08-09,3.2,-0.7,11.2,8.94,6.67
2023-08-10,0.1,1.7,7.2,5.15,9.04
2023-08-11,0.0,-1.3,9.4,10.0,3.35
2023-08-12,0.0,-0.1,10.5,10.58,3.76
2023-08-13,0.0,4.1,15.7,10.2,6.04
2023-08-14,0.0,3.3,12.1,10.42,6.14
2023-08-15,0.0,3.8,12.6,11.09,5.22
2023-08-16,4.9,1.2,8.6,5.18,5.84
2023-08-17,0.1,2.1,10.8,10.12,4.04
2023-08-18,0.0,0.1,13.7,11.88,4.41
2023-08-19,0.7,2.4,10.3,4.83,10.97
2023-08-20,0.0,6.4,16.5,10.99,7.66
2023-08-21,8.4,6.5,11.2,9.57,9.56
2023-08-22,0.1,2.3,10.9,11.16,4.39
2023-08-23,0.0,2.1,11.2,13.01,5.04
2023-08-24,0.0,4.0,12.8,10.79,4.88
2023-08-25,0.0,1.8,11.9,12.77,5.24
2023-08-26,0.0,5.6,13.2,12.94,5.52
2023-08-27,1.5,5.4,9.0,5.93,8.34
2023-08-28,0.9,2.5,9.6,13.29,5.73
2023-08-29,0.0,1.2,15.5,12.42,4.74
2023-08-30,0.0,4.7,15.9,14.35,5.87
2023-08-31,0.0,4.4,16.1,14.65,4.19
2023-09-01,0.0,6.5,17.7,14.58,4.91
2023-09-02,0.1,5.3,13.2,9.62,5.46
2023-09-03,0.1,7.3,12.1,7.19,5.97
2023-09-04,0.0,8.2,12.3,10.98,6.6
2023-09-05,0.3,8.7,13.1,10.29,7.64
2023-09-06,0.0,10.5,19.0,10.28,8.25
2023-09-07,0.0,9.0,19.9,14.6,9.5
2023-09-08,0.0,6.6,15.0,15.36,6.51
2023-09-09,0.0,8.3,17.9,16.18,6.32
2023-09-10,0.0,8.0,19.5,15.08,8.42
2023-09-11,2.2,7.9,18.6,10.52,8.17
2023-09-12,0.0,5.3,15.2,16.72,8.35
2023-09-13,0.0,3.9,15.4,17.32,5.15
2023-09-14,0.0,8.2,16.7,9.54,9.77
2023-09-15,0.2,5.7,11.3,15.67,10.44
2023-09-16,0.0,3.6,16.3,9.93,10.55
2023-09-17,0.7,9.8,20.8,10.8,10.68
2023-09-18,0.0,9.4,16.8,17.82,9.01
2023-09-19,0.0,9.0,18.9,17.82,7.55
2023-09-20,0.1,11.8,21.1,14.06,9.65
2023-09-21,0.0,14.1,20.5,13.44,10.63
2023-09-22,25.0,5.3,14.9,4.5,7.69
2023-09-23,6.4,6.0,9.5,5.02,5.49
2023-09-24,0.7,5.2,9.9,8.22,5.06
2023-09-25,0.3,3.3,9.6,11.36,4.05
2023-09-26,0.1,4.0,10.4,12.88,6.41
2023-09-27,11.0,7.1,8.0,3.31,8.13
2023-09-28,5.2,6.0,12.5,15.88,6.47
2023-09-29,1.0,3.6,17.4,17.59,6.86
2023-09-30,13.3,3.6,11.0,20.21,10.98
2023-10-01,1.2,2.2,17.7,19.27,9.08
2023-10-02,2.8,7.0,19.2,18.1,15.45
2023-10-03,0.3,6.0,11.0,16.18,11.17
2023-10-04,0.0,5.1,22.3,20.92,7.87
2023-10-05,0.0,9.8,19.9,21.19,7.99
2023-10-06,0.0,9.3,20.7,15.37,8.63
2023-10-07,2.1,7.9,14.8,5.48,7.03
2023-10-08,0.0,2.2,13.7,20.8,4.12
2023-10-09,0.2,4.7,19.8,22.02,7.6
2023-10-10,7.9,6.7,13.4,14.1,7.6
2023-10-11,1.7,5.6,17.0,22.85,6.53
2023-10-12,0.1,8.9,18.3,22.29,7.19
2023-10-13,0.0,7.4,20.8,21.0,9.31
2023-10-14,0.9,6.6,17.6,18.95,15.88
2023-10-15,1.8,6.6,16.9,18.99,12.08
2023-10-16,0.0,8.7,17.6,23.19,7.16
2023-10-17,21.9,7.0,11.3,7.54,8.32
2023-10-18,0.0,4.9,19.4,24.96,4.43
2023-10-19,0.0,7.3,17.5,25.17,5.74
2023-10-20,1.1,8.6,16.3,17.42,6.93
2023-10-21,1.2,8.1,14.5,10.39,5.61
2023-10-22,1.2,5.9,10.8,8.58,4.24
2023-10-23,0.0,5.8,15.4,25.96,7.58
2023-10-24,0.6,8.8,20.7,19.83,8.01
2023-10-25,0.0,10.4,21.0,24.02,7.26
2023-10-26,4.8,11.9,19.6,16.27,14.59
2023-10-27,3.2,4.6,11.9,21.06,8.92
2023-10-28,0.0,1.9,15.2,24.9,4.32
2023-10-29,0.0,5.5,14.7,26.67,8.77
2023-10-30,0.0,9.4,15.7,26.84,8.62
2023-10-31,0.0,11.3,18.1,21.61,10.46
2023-11-01,0.0,11.0,22.5,25.0,5.08
2023-11-02,2.1,10.4,16.2,19.81,4.65
2023-11-03,9.0,7.2,16.5,11.36,3.64
2023-11-04,4.2,9.3,18.4,24.19,7.29
2023-11-05,15.9,8.6,11.8,7.38,7.57
2023-11-06,0.1,6.0,12.2,18.48,4.21
2023-11-07,0.2,4.4,14.4,21.92,4.67
2023-11-08,0.4,6.6,13.1,11.34,4.64
2023-11-09,0.2,6.4,13.9,20.55,5.68
2023-11-10,0.0,7.2,13.7,22.91,4.78
2023-11-11,0.0,6.2,16.7,29.33,7.16
2023-11-12,0.0,9.3,23.3,29.2,6.8
2023-11-13,0.0,14.2,24.3,28.39,7.86
2023-11-14,0.1,14.0,24.1,24.74,9.42
2023-11-15,0.6,8.6,17.4,22.34,5.98
2023-11-16,0.0,10.4,21.9,29.61,6.7
2023-11-17,1.9,8.9,19.6,12.68,8.89
2023-11-18,0.0,5.1,16.3,30.16,7.13
2023-11-19,2.5,9.6,18.0,22.31,5.35
2023-11-20,3.2,10.9,17.9,24.25,8.4
2023-11-21,0.0,9.8,17.6,31.49,8.45
2023-11-22,0.0,12.5,19.8,28.05,8.28
2023-11-23,9.0,10.6,26.0,28.5,8.94
2023-11-24,12.2,7.5,11.7,22.98,11.23
2023-11-25,0.5,6.9,13.7,18.59,5.79
2023-11-26,0.0,4.7,17.7,32.1,4.49
2023-11-27,0.0,7.0,17.6,28.04,7.26
2023-11-28,9.3,10.4,24.4,24.17,11.68
2023-11-29,1.7,9.8,14.0,16.46,6.53
2023-11-30,7.0,8.1,15.4,18.48,5.33
2023-12-01,1.7,9.0,14.8,19.85,6.75
2023-12-02,0.1,10.3,19.6,21.18,7.89
2023-12-03,2.1,11.4,25.4,25.58,9.3
2023-12-04,0.1,10.7,13.0,10.02,4.2
2023-12-05,0.0,10.6,16.4,20.07,9.56
2023-12-06,0.0,11.6,22.4,30.23,8.24
2023-12-07,0.1,11.1,18.7,26.88,5.82
2023-12-08,0.0,11.7,19.4,26.42,7.01
2023-12-09,0.0,10.6,23.4,26.96,10.49
2023-12-10,2.0,10.6,16.8,15.13,8.42
2023-12-11,0.0,8.3,23.2,33.2,6.89
2023-12-12,11.0,9.5,13.5,17.24,7.12
2023-12-13,0.5,7.8,18.1,18.05,8.3
2023-12-14,0.0,8.5,16.2,24.43,5.62
2023-12-15,0.0,10.8,23.7,22.8,9.62
2023-12-16,0.0,13.5,19.8,22.3,6.9
2023-12-17,3.0,13.7,26.4,19.38,7.94
2023-12-18,0.5,12.8,19.5,30.92,6.84
2023-12-19,0.0,12.5,20.6,28.8,8.93
2023-12-20,0.0,10.2,28.8,32.5,6.08
2023-12-21,0.0,12.4,24.9,28.02,8.32
2023-12-22,0.0,11.3,18.4,18.28,6.81
2023-12-23,2.1,14.1,19.2,11.12,3.98
2023-12-24,1.3,15.1,26.4,25.95,7.22
2023-12-25,0.2,14.6,25.6,22.05,7.2
2023-12-26,6.4,13.0,21.3,17.99,9.93
2023-12-27,2.0,12.4,16.2,13.66,6.15
2023-12-28,0.0,13.0,18.7,24.17,10.54
2023-12-29,4.7,15.4,27.7,27.02,7.79
2023-12-30,0.2,16.4,24.4,31.25,8.34
2023-12-31,6.3,10.9,23.3,30.28,8.41
2024-01-01,3.2,10.3,20.3,31.35,7.22
2024-01-02,0.6,10.6,21.4,30.53,6.59
2024-01-03,1.6,14.9,20.5,21.34,6.96
2024-01-04,0.0,13.2,25.0,26.74,7.74
2024-01-05,5.9,11.8,19.1,7.48,6.61
2024-01-06,1.9,11.3,18.8,23.86,5.97
2024-01-07,0.0,11.1,22.8,31.47,5.46
2024-01-08,0.0,14.0,28.1,31.51,6.62
2024-01-09,0.0,13.0,24.7,28.35,7.7
2024-01-10,0.0,15.3,20.9,25.7,11.87
2024-01-11,0.0,14.8,29.2,30.97,8.24
2024-01-12,0.0,14.1,23.5,31.76,10.46
2024-01-13,0.0,14.7,30.1,31.34,7.07
2024-01-14,0.0,15.4,28.3,25.17,9.96
2024-01-15,9.2,11.9,15.6,13.07,6.78
2024-01-16,0.2,12.4,19.2,21.44,7.54
2024-01-17,0.0,13.2,24.5,28.35,7.52
2024-01-18,3.8,14.3,20.6,14.39,8.29
2024-01-19,0.3,18.9,29.5,24.11,8.08
2024-01-20,0.0,18.9,29.5,29.44,9.36
2024-01-21,0.2,14.8,24.8,28.35,5.87
2024-01-22,3.3,16.5,28.7,22.42,7.52
2024-01-23,14.0,9.7,19.4,8.79,9.92
2024-01-24,1.1,8.9,17.3,27.26,6.33
2024-01-25,0.0,9.2,19.5,27.61,11.79
2024-01-26,0.0,11.8,23.4,26.67,8.93
2024-01-27,3.5,16.4,26.6,30.57,12.11
2024-01-28,0.1,14.5,25.6,23.61,5.19
2024-01-29,0.3,11.8,19.3,25.46,7.78
2024-01-30,0.0,10.0,24.5,29.52,6.58
2024-01-31,0.0,13.2,21.7,29.56,10.26
2024-02-01,0.2,14.4,21.0,20.91,7.16
2024-02-02,0.9,10.7,22.8,17.77,8.64
2024-02-03,7.9,8.1,16.1,20.12,8.82
2024-02-04,0.0,7.9,26.0,28.41,7.72
2024-02-05,0.0,13.6,30.5,28.18,8.91
2024-02-06,0.0,17.2,30.0,17.78,5.47
2024-02-07,0.0,16.4,23.4,25.43,5.98
2024-02-08,4.4,14.8,19.1,11.04,6.26
2024-02-09,0.3,13.6,19.5,19.35,8.54
2024-02-10,16.3,10.2,23.8,19.12,8.19
2024-02-11,2.9,8.0,14.1,16.78,8.82
2024-02-12,0.0,6.8,19.7,23.7,5.53
2024-02-13,0.0,12.3,22.2,26.71,6.3
2024-02-14,0.0,13.2,26.5,27.82,10.31
2024-02-15,0.0,13.9,25.5,17.64,7.35
2024-02-16,0.0,14.0,21.4,16.75,5.73
2024-02-17,0.6,14.3,20.2,14.64,5.52
2024-02-18,0.0,12.9,23.5,26.16,7.43
2024-02-19,0.1,13.4,26.1,19.09,10.76
2024-02-20,4.9,10.7,16.9,25.36,8.42
2024-02-21,0.0,7.2,19.3,24.83,4.79
2024-02-22,0.0,11.5,21.7,23.74,6.16
2024-02-23,0.0,10.9,23.7,22.96,6.65
2024-02-24,1.7,13.3,24.9,12.52,10.02
2024-02-25,0.5,13.6,19.0,17.38,5.99
2024-02-26,0.0,12.9,23.0,22.45,5.33
2024-02-27,2.1,14.3,19.0,10.24,6.94
2024-02-28,1.7,11.8,16.3,8.67,6.28
2024-02-29,0.0,11.5,20.2,18.05,7.3
2024-03-01,0.0,12.4,23.2,22.86,7.5
2024-03-02,2.2,14.8,27.8,22.13,7.28
2024-03-03,0.3,14.0,20.7,16.08,8.85
2024-03-04,1.0,12.6,21.7,20.24,15.47
2024-03-05,0.0,8.5,16.5,14.41,10.82
2024-03-06,0.0,7.9,17.1,19.37,9.68
2024-03-07,0.0,11.2,24.0,22.38,9.0
2024-03-08,0.0,12.4,20.2,18.75,8.77
2024-03-09,0.0,10.3,17.6,17.76,8.45
2024-03-10,0.0,8.7,25.2,22.03,6.54
2024-03-11,3.2,12.5,19.8,12.38,7.82
2024-03-12,0.1,11.9,19.3,14.68,8.63
2024-03-13,1.3,10.9,19.4,9.15,10.19
2024-03-14,0.0,10.4,21.1,20.55,6.57
2024-03-15,11.1,6.9,13.8,7.17,8.98
2024-03-16,0.0,4.3,17.3,19.09,4.88
2024-03-17,0.6,8.7,16.6,12.78,6.86
2024-03-18,5.4,9.6,15.4,14.88,6.58
2024-03-19,0.3,8.1,14.3,14.98,5.53
2024-03-20,0.0,6.5,15.7,20.03,9.23
2024-03-21,0.0,10.1,20.0,19.49,7.14
2024-03-22,0.0,8.5,18.7,16.28,6.2
2024-03-23,0.0,7.3,19.2,15.76,4.47
2024-03-24,0.1,9.7,18.8,14.77,6.94
2024-03-25,0.0,15.6,23.3,14.19,10.12
2024-03-26,0.3,11.7,16.9,13.92,9.95
2024-03-27,7.2,8.7,18.2,8.4,12.73
2024-03-28,8.3,5.5,16.8,9.22,8.25
2024-03-29,0.3,3.7,13.3,12.24,9.0
2024-03-30,0.7,9.5,14.3,7.8,6.92
2024-03-31,0.0,9.4,14.3,10.06,2.89
2024-04-01,0.0,9.2,16.0,12.28,3.88
2024-04-02,0.0,8.9,16.7,8.76,5.59
2024-04-03,0.0,9.7,22.5,15.76,7.6
2024-04-04,7.6,11.2,18.7,7.06,7.47
2024-04-05,0.9,7.9,13.6,6.3,4.74
2024-04-06,0.0,6.6,16.5,14.14,3.2
2024-04-07,0.0,7.5,17.5,15.8,7.34
2024-04-08,0.0,7.0,19.8,14.66,6.28
2024-04-09,0.0,13.2,22.6,10.53,7.7
2024-04-10,0.6,17.5,24.7,7.95,7.57
2024-04-11,0.9,13.2,22.4,3.82,10.23
2024-04-12,5.2,10.3,12.9,3.42,8.04
2024-04-13,1.3,9.6,12.0,2.67,4.65
2024-04-14,0.0,8.4,14.8,11.06,4.04
2024-04-15,0.0,7.9,16.7,11.72,4.32
2024-04-16,0.0,7.7,20.3,13.67,4.0
2024-04-17,0.0,9.6,16.7,7.79,6.16
2024-04-18,0.0,7.2,19.8,13.92,5.3
2024-04-19,0.0,6.5,19.6,9.86,5.36
2024-04-20,0.1,8.1,16.8,10.68,3.4
2024-04-21,0.0,5.9,17.5,12.07,6.6
2024-04-22,0.0,7.8,13.7,8.34,8.63
2024-04-23,0.0,4.4,17.3,12.6,5.45
2024-04-24,0.0,8.0,21.3,12.34,7.04
2024-04-25,0.9,12.2,20.7,8.24,9.66
2024-04-26,1.4,4.7,12.8,10.95,6.63
2024-04-27,0.0,3.3,18.3,11.81,4.61
2024-04-28,0.0,4.9,17.9,11.49,4.46
2024-04-29,0.0,7.1,17.8,11.34,5.03
2024-04-30,0.0,9.5,21.1,11.26,5.7
2024-05-01,9.9,9.2,13.1,1.6,6.95
2024-05-02,0.2,6.0,13.5,10.72,5.95
2024-05-03,0.1,3.4,14.2,8.84,5.8
2024-05-04,0.0,4.1,13.6,7.76,4.16
2024-05-05,0.0,5.4,15.6,10.07,4.08
2024-05-06,0.2,5.2,12.1,6.68,10.12
2024-05-07,0.0,2.1,12.8,10.04,3.32
2024-05-08,1.8,3.3,14.2,10.13,12.66
2024-05-09,2.0,0.6,8.7,7.62,6.74
2024-05-10,0.3,-2.3,14.2,6.17,7.74
2024-05-11,0.6,3.7,10.6,7.33,5.77
2024-05-12,0.0,2.5,14.4,9.43,3.02
2024-05-13,1.1,3.0,10.9,3.86,3.29
2024-05-14,0.0,4.3,13.9,9.14,5.23
2024-05-15,0.0,5.0,15.7,8.68,3.62
2024-05-16,0.0,2.7,14.8,7.87,10.61
2024-05-17,0.0,3.8,14.0,8.89,5.22
2024-05-18,1.2,6.2,17.2,7.49,8.46
2024-05-19,0.3,5.1,11.5,3.5,4.11
2024-05-20,0.0,6.1,10.4,2.25,3.31
2024-05-21,5.2,8.3,10.6,1.17,5.11
2024-05-22,4.0,6.0,10.7,4.57,5.44
2024-05-23,0.0,2.4,10.9,7.06,6.1
2024-05-24,1.3,0.5,9.0,2.31,5.34
2024-05-25,0.0,1.6,14.6,7.71,4.9
2024-05-26,0.3,2.7,11.6,7.91,7.69
2024-05-27,0.0,-0.5,11.3,8.07,2.73
2024-05-28,0.0,0.5,11.6,7.44,3.47
2024-05-29,2.7,1.9,10.3,2.61,9.68
2024-05-30,2.4,-0.4,12.6,6.71,4.84
2024-05-31,0.0,5.3,17.9,7.13,6.75
2024-06-01,1.1,9.1,19.4,5.19,7.38
2024-06-02,0.0,5.3,12.1,7.15,7.11
2024-06-03,0.0,4.8,12.7,7.44,5.29
2024-06-04,0.0,2.6,15.2,7.37,3.29
2024-06-05,0.0,1.9,12.8,6.93,7.17
2024-06-06,0.0,4.5,15.5,7.23,3.88
2024-06-07,0.0,3.4,14.5,7.19,2.94
2024-06-08,0.0,3.3,11.8,6.06,8.42
2024-06-09,0.3,5.3,15.1,3.19,6.85
2024-06-10,3.1,6.4,13.8,2.0,8.61
2024-06-11,2.7,1.6,9.6,6.07,6.81
2024-06-12,0.0,-1.4,9.2,6.99,6.28
2024-06-13,2.4,6.6,10.7,2.98,7.64
2024-06-14,16.8,7.9,9.3,2.74,5.95
2024-06-15,5.0,4.7,11.5,3.29,6.04
2024-06-16,3.6,3.0,12.6,4.65,6.82
2024-06-17,0.8,5.9,9.8,2.38,5.33
2024-06-18,0.9,3.2,10.3,2.88,4.98
2024-06-19,0.6,4.0,8.9,3.31,5.22
2024-06-20,0.9,7.6,10.5,3.88,7.36
2024-06-21,0.0,6.4,11.4,6.84,7.99
2024-06-22,0.0,4.3,12.6,6.4,5.47
2024-06-23,9.1,4.2,8.4,1.34,3.64
2024-06-24,1.1,7.5,11.6,4.73,3.4
2024-06-25,4.4,8.0,11.5,3.54,3.4
2024-06-26,2.0,7.1,11.1,3.98,3.72
2024-06-27,0.2,6.1,10.5,6.17,6.86
2024-06-28,0.5,4.6,11.9,6.02,5.74
2024-06-29,0.2,3.1,12.4,6.51,3.78
2024-06-30,0.0,1.5,10.7,6.83,6.47
2024-07-01,10.7,7.3,12.7,1.74,9.62
2024-07-02,7.4,6.7,9.1,2.34,10.83
2024-07-03,3.3,6.0,7.4,1.67,8.96
2024-07-04,0.0,0.1,9.7,7.09,3.58
2024-07-05,0.0,-0.4,9.8,7.35,3.9
2024-07-06,0.8,2.4,10.3,5.75,3.49
2024-07-07,0.0,1.3,13.0,6.97,4.67
2024-07-08,0.0,1.9,12.3,7.38,2.71
2024-07-09,0.0,2.6,10.6,7.39,5.81
2024-07-10,0.0,0.4,8.4,5.36,3.71
2024-07-11,0.0,-0.7,10.2,7.01,2.92
2024-07-12,0.0,4.3,8.2,5.32,2.48
2024-07-13,0.0,4.4,9.4,6.12,5.3
2024-07-14,1.1,5.2,10.5,5.38,6.6
2024-07-15,0.6,3.3,10.6,5.27,5.16
2024-07-16,1.4,2.5,10.0,5.68,3.61
2024-07-17,0.0,2.9,9.1,5.3,1.93
2024-07-18,0.0,6.3,12.3,5.97,4.32
2024-07-19,0.0,6.7,11.6,6.28,6.52
2024-07-20,0.6,5.3,12.3,2.54,6.9
2024-07-21,0.0,1.9,10.6,6.48,5.41
2024-07-22,0.4,6.6,9.7,2.2,10.42
2024-07-23,0.0,4.8,10.4,8.13,7.22
2024-07-24,0.0,-0.5,14.9,8.57,3.39
2024-07-25,0.0,3.2,14.7,8.64,3.89
2024-07-26,0.0,3.7,16.6,8.73,3.77
2024-07-27,0.0,6.3,18.4,8.62,4.16
2024-07-28,2.5,5.3,14.5,4.86,4.74
2024-07-29,1.4,6.0,12.4,2.42,5.84
2024-07-30,21.6,5.8,8.2,1.05,8.9
2024-07-31,0.8,4.5,7.0,4.28,5.81
2024-08-01,1.0,3.3,6.3,2.66,4.88
2024-08-02,0.0,1.3,9.2,7.69,4.2
2024-08-03,0.0,-2.8,8.7,10.01,2.55
2024-08-04,0.0,-2.7,8.9,9.62,2.38
2024-08-05,0.1,0.7,13.9,9.95,3.59
2024-08-06,0.0,1.5,14.0,10.42,3.18
2024-08-07,0.0,0.9,13.9,10.43,4.74
2024-08-08,11.2,6.5,9.6,2.06,7.71
2024-08-09,3.3,3.9,8.8,2.18,7.05
2024-08-10,0.0,0.4,10.1,9.4,4.39
2024-08-11,0.0,2.1,14.9,11.07,4.3
2024-08-12,4.7,5.8,12.8,7.7,13.3
2024-08-13,0.0,4.4,10.6,10.97,7.43
2024-08-14,0.0,4.3,13.7,11.74,4.39
2024-08-15,0.1,4.4,16.7,8.37,7.66
2024-08-16,0.2,6.1,14.1,5.56,7.32
2024-08-17,1.4,6.3,14.3,10.49,5.45
2024-08-18,33.3,3.8,10.7,0.82,9.53
2024-08-19,1.1,1.4,8.3,10.26,10.42
2024-08-20,0.0,-2.0,11.4,12.59,6.16
2024-08-21,0.0,2.4,13.6,12.73,4.82
2024-08-22,0.2,3.0,14.8,12.32,6.84
2024-08-23,2.0,7.0,16.0,8.06,8.66
2024-08-24,0.0,6.7,17.9,13.01,7.01
2024-08-25,3.3,8.0,15.6,8.07,8.0
2024-08-26,0.4,7.4,9.8,4.26,7.21
2024-08-27,0.0,7.5,18.2,11.3,7.37
2024-08-28,0.0,7.0,16.5,13.67,6.89
2024-08-29,0.1,8.5,16.9,13.32,10.76
2024-08-30,0.0,6.4,15.5,14.43,8.19
2024-08-31,1.0,9.3,18.0,8.25,8.57
2024-09-01,0.0,9.0,18.2,14.04,8.16
2024-09-02,0.0,8.1,19.9,14.71,8.85
2024-09-03,2.0,7.7,17.8,9.22,11.36
2024-09-04,2.3,6.3,12.0,12.63,4.58
2024-09-05,0.0,4.1,15.2,15.71,5.16
2024-09-06,0.2,5.7,19.6,12.26,5.02
2024-09-07,3.6,7.6,22.1,11.37,9.8
2024-09-08,0.0,7.5,16.7,15.48,6.92
2024-09-09,0.0,9.4,17.5,12.92,7.79
2024-09-10,8.1,5.6,17.2,14.45,7.46
2024-09-11,0.2,1.8,14.4,16.92,5.9
2024-09-12,0.0,8.6,18.0,13.4,10.49
2024-09-13,13.6,7.1,9.2,2.69,5.5
2024-09-14,0.6,6.8,10.7,5.49,4.95
2024-09-15,0.5,6.6,12.1,11.06,7.82
2024-09-16,0.1,3.0,10.8,13.71,6.93
2024-09-17,8.8,2.7,8.5,15.0,9.43
2024-09-18,0.0,-0.2,15.1,18.2,5.97
2024-09-19,0.6,9.0,16.1,14.43,8.46
2024-09-20,0.2,2.2,15.7,19.1,6.74
2024-09-21,0.0,3.5,14.5,18.57,7.35
2024-09-22,0.0,5.8,17.7,16.68,8.01
2024-09-23,2.8,7.9,18.2,14.63,5.06
2024-09-24,0.7,5.7,16.8,17.76,9.52
2024-09-25,0.0,3.8,13.1,19.59,8.96
2024-09-26,5.3,7.0,18.6,15.17,9.84
2024-09-27,7.8,3.9,13.1,19.58,7.08
2024-09-28,0.0,1.2,14.4,20.24,5.24
2024-09-29,0.0,5.2,17.0,19.95,3.77
2024-09-30,0.0,5.2,14.8,21.36,9.43
2024-10-01,0.0,7.3,19.7,18.57,5.46
2024-10-02,2.0,10.0,17.6,8.54,8.08
2024-10-03,14.4,8.7,12.7,5.58,7.67
2024-10-04,0.9,8.3,16.7,12.34,4.71
2024-10-05,0.0,7.5,17.1,19.54,6.28
2024-10-06,0.0,7.2,17.7,18.86,4.97
2024-10-07,9.6,6.8,17.9,17.13,3.88
2024-10-08,1.1,7.4,19.7,18.6,7.97
2024-10-09,2.3,5.6,15.4,18.71,9.02
2024-10-10,0.0,6.5,12.9,21.7,8.94
2024-10-11,0.0,5.0,20.1,23.78,6.42
2024-10-12,0.0,6.2,20.6,21.11,6.99
2024-10-13,2.9,6.4,10.8,13.09,6.39
2024-10-14,0.0,5.2,13.6,18.43,5.11
2024-10-15,0.3,3.4,9.7,7.77,7.55
2024-10-16,0.0,1.3,12.5,19.96,4.83
2024-10-17,0.0,4.7,13.8,24.19,6.54
2024-10-18,3.2,8.3,15.9,20.69,4.42
2024-10-19,0.2,9.1,17.8,20.19,6.69
2024-10-20,0.0,7.6,21.4,22.79,3.48
2024-10-21,0.0,10.5,21.1,22.1,5.07
2024-10-22,0.0,9.3,15.9,19.31,6.27
2024-10-23,0.0,10.3,25.8,24.91,7.69
2024-10-24,2.0,14.4,21.1,13.53,10.11
2024-10-25,4.9,11.5,21.1,21.85,7.77
2024-10-26,42.3,6.8,11.4,5.8,10.0
2024-10-27,1.1,7.7,14.8,18.39,5.79
2024-10-28,0.9,7.4,15.8,21.49,6.7
2024-10-29,6.9,6.3,16.4,19.41,5.99
2024-10-30,2.3,6.4,17.5,21.83,6.19
2024-10-31,0.0,7.5,19.8,23.68,5.53
2024-11-01,0.3,9.3,21.0,18.06,7.6
2024-11-02,5.1,7.1,18.5,25.87,9.69
2024-11-03,0.0,4.0,12.2,25.91,7.46
2024-11-04,0.0,6.2,20.8,27.67,7.61
2024-11-05,1.8,12.4,19.4,20.59,7.29
2024-11-06,0.0,10.3,17.8,26.06,8.13
2024-11-07,0.0,12.1,24.4,27.71,7.03
2024-11-08,0.0,17.3,22.9,14.01,9.33
2024-11-09,0.6,12.9,24.5,16.66,10.47
2024-11-10,0.0,11.2,17.6,23.53,8.36
2024-11-11,0.1,10.8,17.0,24.47,9.45
2024-11-12,0.0,8.3,17.2,29.19,7.16
2024-11-13,0.4,10.7,18.9,22.29,8.94
2024-11-14,6.1,11.8,19.5,11.94,8.57
2024-11-15,2.0,10.7,16.4,12.05,7.28
2024-11-16,5.0,7.7,12.1,24.06,10.15
2024-11-17,0.0,4.8,15.2,30.73,6.92
2024-11-18,0.0,9.2,18.2,30.63,9.5
2024-11-19,0.0,8.5,22.5,26.59,8.5
2024-11-20,6.8,11.7,16.0,24.48,5.8
2024-11-21,7.7,7.8,13.1,25.44,8.86
2024-11-22,0.5,7.2,16.4,26.16,7.09
2024-11-23,2.7,10.4,13.3,16.86,5.98
2024-11-24,0.0,8.1,18.6,27.17,6.23
2024-11-25,0.0,10.5,23.9,30.9,5.74
2024-11-26,0.0,11.3,19.1,26.95,8.2
2024-11-27,0.0,12.8,21.4,29.4,6.83
2024-11-28,0.4,12.6,26.4,28.52,9.9
2024-11-29,0.0,11.6,16.8,22.52,5.8
2024-11-30,0.0,11.6,16.4,16.66,5.52
2024-12-01,0.0,10.3,23.6,31.68,6.37
2024-12-02,0.0,9.4,21.6,28.1,6.29
2024-12-03,0.1,13.7,27.6,21.43,8.99
2024-12-04,0.0,14.0,29.1,25.68,12.6
2024-12-05,0.0,16.9,25.7,31.83,6.98
2024-12-06,0.0,12.9,19.2,27.18,6.17
2024-12-07,1.4,13.4,24.7,29.24,6.43
2024-12-08,0.5,13.9,24.6,15.69,17.18
2024-12-09,0.0,14.2,23.1,32.67,13.69
2024-12-10,0.2,10.2,24.6,29.33,8.25
2024-12-11,0.1,11.9,26.3,30.6,9.28
2024-12-12,0.0,10.6,27.0,31.84,6.38
2024-12-13,0.0,14.5,20.6,29.13,7.86
2024-12-14,0.3,14.5,28.4,25.97,8.29
2024-12-15,0.0,14.0,21.2,23.75,7.08
2024-12-16,12.5,9.4,17.5,10.29,10.25
2024-12-17,0.0,8.6,15.3,27.59,5.71
2024-12-18,0.0,8.3,16.8,34.49,8.64
2024-12-19,1.6,9.5,15.4,8.89,5.61
2024-12-20,12.1,13.0,15.1,6.39,5.46
2024-12-21,0.9,11.1,22.8,28.62,7.92
2024-12-22,9.7,11.6,24.5,26.94,2.77
2024-12-23,10.8,13.9,21.4,25.81,3.7
2024-12-24,0.3,13.8,23.2,24.69,6.65
2024-12-25,0.0,15.2,23.1,23.3,5.06
2024-12-26,12.9,13.1,18.5,9.48,7.54
2024-12-27,1.1,9.7,15.6,20.66,7.62
2024-12-28,0.0,7.4,19.4,32.76,9.63
2024-12-29,6.7,14.4,25.8,15.63,8.68
2024-12-30,10.2,12.1,15.3,9.7,9.87
2024-12-31,39.4,11.7,13.4,7.44,9.9
2025-01-01,2.0,11.9,15.1,12.32,6.85
2025-01-02,0.0,10.2,20.9,27.74,6.5
2025-01-03,25.7,11.6,16.4,9.84,9.52
2025-01-04,0.9,11.5,16.3,22.12,8.91
2025-01-05,3.4,9.6,13.6,11.84,11.27
2025-01-06,0.0,9.3,15.3,21.05,7.95
2025-01-07,6.6,6.2,19.1,32.39,7.52
2025-01-08,13.1,8.7,14.4,18.15,8.07
2025-01-09,0.4,7.4,16.3,17.68,5.22
2025-01-10,0.0,9.8,19.8,27.68,5.67
2025-01-11,2.2,10.2,15.7,20.05,7.73
2025-01-12,1.2,9.3,14.0,19.56,7.73
2025-01-13,0.3,9.2,15.8,24.66,4.77
2025-01-14,0.8,6.6,15.2,24.81,5.74
2025-01-15,0.5,10.7,16.5,20.58,4.9
2025-01-16,0.0,10.9,18.8,25.41,5.63
2025-01-17,0.0,9.8,19.1,23.11,5.55
2025-01-18,0.0,13.1,19.3,26.33,6.44
2025-01-19,1.2,10.1,16.6,18.69,6.2
2025-01-20,0.0,10.5,21.8,31.09,5.09
2025-01-21,0.0,11.8,21.4,29.88,6.48
2025-01-22,0.0,11.4,21.6,29.91,10.18
2025-01-23,10.2,13.9,26.0,24.63,9.02
2025-01-24,0.6,12.7,17.7,14.24,7.92
2025-01-25,0.8,14.4,21.2,14.09,7.93
2025-01-26,25.2,14.2,23.4,20.3,9.04
2025-01-27,11.5,10.4,16.6,25.44,7.73
2025-01-28,0.0,8.6,21.1,29.87,7.81
2025-01-29,1.6,14.6,26.5,20.58,9.5
2025-01-30,0.0,13.3,19.0,25.58,7.05
2025-01-31,0.0,12.7,19.3,21.3,5.83
2025-02-01,0.1,13.2,21.8,23.1,4.33
2025-02-02,2.2,12.8,17.3,15.19,5.02
2025-02-03,0.0,13.4,22.7,28.13,4.63
2025-02-04,0.2,12.4,16.7,12.93,4.4
2025-02-05,0.0,11.1,21.3,28.93,5.69
2025-02-06,0.3,10.5,18.5,15.93,5.52
2025-02-07,0.2,13.3,17.6,15.35,6.26
2025-02-08,0.0,13.3,22.0,27.27,6.96
2025-02-09,0.5,14.4,24.0,19.57,9.04
2025-02-10,1.0,14.2,18.6,10.15,3.52
2025-02-11,0.3,11.8,16.8,11.96,3.74
2025-02-12,0.0,8.4,20.3,24.0,5.12
2025-02-13,0.0,12.8,21.3,25.87,5.66
2025-02-14,0.0,13.1,21.5,25.61,7.83
2025-02-15,0.0,15.6,24.0,25.92,8.47
2025-02-16,0.0,15.5,25.0,25.26,8.45
2025-02-17,2.0,15.5,22.8,22.78,10.45
2025-02-18,9.2,17.1,24.8,20.24,7.57
2025-02-19,0.6,14.8,27.1,20.5,6.13
2025-02-20,0.1,13.3,26.0,25.04,7.93
2025-02-21,15.1,12.1,17.4,14.05,6.25
2025-02-22,0.0,9.6,20.3,24.67,6.31
2025-02-23,1.8,13.3,18.3,14.86,5.66
2025-02-24,0.0,12.1,20.4,24.61,6.82
2025-02-25,0.3,13.5,24.1,16.07,6.5
2025-02-26,0.6,13.6,19.0,15.33,6.03
2025-02-27,0.8,10.0,20.5,16.83,5.5
2025-02-28,0.1,13.7,20.1,17.38,9.31
2025-03-01,0.0,13.6,26.5,23.59,5.6
2025-03-02,0.0,15.6,28.8,22.27,5.84
2025-03-03,8.0,15.0,20.7,10.89,7.19
2025-03-04,3.8,11.0,15.8,10.83,8.2
2025-03-05,2.9,10.2,14.1,14.6,8.96
2025-03-06,0.0,5.0,17.3,23.31,3.93
2025-03-07,0.5,6.3,19.7,21.9,5.35
2025-03-08,3.0,11.7,17.9,14.2,4.23
2025-03-09,0.6,9.4,17.8,20.63,6.22
2025-03-10,0.0,9.8,19.8,21.6,7.76
2025-03-11,0.0,11.5,23.7,19.15,6.68
2025-03-12,9.8,11.3,14.7,5.54,9.37
2025-03-13,0.2,9.8,18.2,19.37,5.52
2025-03-14,0.0,9.7,19.5,20.25,5.26
2025-03-15,0.4,13.6,26.0,18.99,5.79
2025-03-16,0.0,11.9,26.6,20.61,6.65
2025-03-17,0.0,17.4,29.2,17.4,7.8
2025-03-18,35.7,10.7,21.7,2.78,11.18
2025-03-19,5.2,10.5,15.8,9.27,10.31
2025-03-20,0.0,10.1,18.8,15.39,4.7
2025-03-21,0.0,12.1,18.0,19.65,9.59
2025-03-22,0.0,12.0,21.6,18.61,6.65
2025-03-23,1.7,12.6,21.9,14.88,5.25
2025-03-24,2.8,12.3,16.3,11.25,5.28
2025-03-25,0.7,9.7,17.3,13.08,4.67
2025-03-26,0.0,11.5,18.6,17.89,6.92
2025-03-27,6.7,11.2,19.3,10.39,5.12
2025-03-28,0.4,9.5,18.6,16.06,3.47
2025-03-29,0.0,11.0,18.2,17.47,7.87
2025-03-30,0.0,12.2,19.5,11.96,7.55
2025-03-31,0.0,12.3,16.9,12.69,7.08
2025-04-01,0.1,10.9,18.0,10.03,4.28
2025-04-02,6.2,13.3,15.6,4.43,7.9
2025-04-03,22.1,14.8,17.1,3.54,10.02
2025-04-04,0.6,14.8,25.7,15.59,7.79
2025-04-05,5.2,12.2,17.0,7.78,6.3
2025-04-06,0.0,9.7,19.0,12.28,5.56
2025-04-07,0.0,8.7,22.7,15.11,6.76
2025-04-08,7.2,8.2,14.6,9.58,12.14
2025-04-09,0.0,4.7,17.0,15.52,3.98
2025-04-10,0.0,5.5,18.7,15.31,4.03
2025-04-11,0.0,5.9,20.8,15.14,4.96
2025-04-12,0.5,10.3,20.1,14.11,6.62
2025-04-13,0.0,10.2,17.5,14.48,9.45
2025-04-14,1.4,10.6,20.0,8.43,8.47
2025-04-15,0.8,9.0,12.5,4.9,4.58
2025-04-16,0.0,10.5,13.0,5.7,6.91
2025-04-17,1.5,12.0,15.6,5.54,9.64
2025-04-18,4.4,14.6,16.7,3.05,7.69
2025-04-19,0.0,14.4,19.6,8.6,5.35
2025-04-20,18.1,12.7,18.0,2.45,7.52
2025-04-21,25.8,11.2,12.7,2.19,7.73
2025-04-22,0.0,7.7,15.2,10.11,4.73
2025-04-23,0.7,5.4,12.1,7.45,8.19
2025-04-24,0.0,3.2,14.0,12.29,4.35
2025-04-25,0.0,6.1,16.3,12.28,4.26
2025-04-26,0.0,7.2,18.2,12.03,3.7
2025-04-27,0.0,8.9,20.4,11.63,3.89
2025-04-28,0.0,8.9,22.4,10.98,7.19
2025-04-29,2.8,11.7,15.3,4.22,6.15
2025-04-30,54.2,10.0,12.5,0.91,9.85
2025-05-01,64.5,8.7,10.0,0.78,11.45
2025-05-02,7.0,7.9,11.7,5.01,9.32
2025-05-03,0.0,3.4,15.6,9.74,6.24
2025-05-04,0.0,5.0,11.8,4.23,5.26
2025-05-05,0.0,3.3,14.0,10.35,4.81
2025-05-06,0.0,6.1,16.1,10.17,4.99
2025-05-07,0.0,7.1,19.1,10.25,5.36
2025-05-08,0.0,10.9,19.8,9.05,8.84
2025-05-09,22.7,8.2,16.2,2.58,9.57
2025-05-10,0.0,3.6,15.0,9.8,4.21
2025-05-11,0.0,8.1,14.7,8.65,7.18
2025-05-12,0.0,4.3,15.6,9.6,4.34
2025-05-13,0.2,6.6,18.5,8.43,8.83
2025-05-14,0.4,6.7,12.9,7.84,6.87
2025-05-15,0.0,5.5,17.6,9.03,6.08
2025-05-16,0.0,9.7,19.9,8.92,4.63
2025-05-17,3.7,9.0,20.2,7.6,7.65
2025-05-18,6.6,8.0,13.5,1.49,6.83
2025-05-19,6.0,4.7,10.3,7.55,4.67
2025-05-20,0.0,3.2,13.6,8.42,4.85
2025-05-21,0.0,3.9,12.9,8.23,4.96
2025-05-22,0.0,3.6,15.2,8.47,3.33
2025-05-23,0.0,3.4,14.4,8.26,5.24
2025-05-24,0.0,1.7,13.7,8.2,4.24
2025-05-25,0.1,7.1,17.6,7.05,8.92
2025-05-26,4.5,7.9,17.6,5.67,8.9
2025-05-27,0.0,6.5,14.1,7.79,5.08
2025-05-28,3.1,5.9,12.5,3.49,4.0
2025-05-29,1.9,7.8,11.4,3.7,5.39
2025-05-30,0.3,4.0,10.8,6.2,6.17
2025-05-31,0.0,4.8,13.3,7.38,8.28
2025-06-01,0.0,3.4,11.2,6.11,4.17
2025-06-02,0.0,3.1,16.0,7.45,3.83
2025-06-03,0.0,8.3,15.3,6.79,4.4
2025-06-04,14.0,8.2,13.5,1.43,6.21
2025-06-05,12.9,2.6,10.4,4.38,8.21
2025-06-06,4.9,0.7,7.7,5.47,7.89
2025-06-07,9.9,3.0,6.0,4.55,8.43
2025-06-08,4.1,2.9,6.4,2.58,8.3
2025-06-09,18.8,4.6,8.2,2.26,8.78
2025-06-10,1.6,4.7,9.0,5.1,5.73
2025-06-11,8.4,1.9,7.7,3.56,4.5
2025-06-12,6.0,6.7,9.2,1.21,2.78
2025-06-13,5.0,7.7,10.0,2.28,5.68
2025-06-14,0.0,2.8,10.8,6.96,2.68
2025-06-15,0.0,0.4,9.6,6.59,2.66
2025-06-16,0.0,-0.3,10.2,5.74,1.93
2025-06-17,0.0,1.3,10.6,5.83,5.45
2025-06-18,0.0,-1.8,9.2,6.9,6.54
2025-06-19,1.2,6.4,15.1,6.49,7.58
2025-06-20,1.1,5.7,14.2,6.05,6.64
2025-06-21,1.4,0.8,9.6,4.7,6.56
2025-06-22,0.4,0.3,11.4,5.5,8.12
2025-06-23,0.0,2.2,11.2,6.91,2.91
2025-06-24,0.0,1.4,11.1,6.7,6.09
2025-06-25,0.0,3.8,16.4,5.58,10.69
2025-06-26,2.4,10.9,16.2,4.14,11.49
2025-06-27,14.3,7.5,11.1,1.02,7.81
2025-06-28,0.0,4.3,10.4,4.04,5.79
2025-06-29,0.0,4.8,10.7,6.33,6.96
2025-06-30,0.0,2.0,8.9,2.03,5.95
